[0.000000] (-) TimerEvent: {}
[0.000902] (unitree_api) JobQueued: {'identifier': 'unitree_api', 'dependencies': OrderedDict()}
[0.000994] (unitree_go) JobQueued: {'identifier': 'unitree_go', 'dependencies': OrderedDict()}
[0.001041] (unitree_hg) JobQueued: {'identifier': 'unitree_hg', 'dependencies': OrderedDict()}
[0.001592] (unitree_api) JobStarted: {'identifier': 'unitree_api'}
[0.020468] (unitree_go) JobStarted: {'identifier': 'unitree_go'}
[0.030911] (unitree_hg) JobStarted: {'identifier': 'unitree_hg'}
[0.043393] (unitree_api) JobProgress: {'identifier': 'unitree_api', 'progress': 'cmake'}
[0.044752] (unitree_api) Command: {'cmd': ['/usr/bin/cmake', '/home/unitree/go2slam/unitree_ros2/cyclonedds_ws/src/unitree/unitree_api', '-DCMAKE_INSTALL_PREFIX=/home/unitree/go2slam/unitree_ros2/install/unitree_api'], 'cwd': '/home/unitree/go2slam/unitree_ros2/build/unitree_api', 'env': OrderedDict({'GZ_CONFIG_PATH': '/opt/ros/jazzy/opt/gz_sim_vendor/share/gz:/opt/ros/jazzy/opt/sdformat_vendor/share/gz:/opt/ros/jazzy/opt/gz_gui_vendor/share/gz:/opt/ros/jazzy/opt/gz_transport_vendor/share/gz:/opt/ros/jazzy/opt/gz_rendering_vendor/share/gz:/opt/ros/jazzy/opt/gz_plugin_vendor/share/gz:/opt/ros/jazzy/opt/gz_fuel_tools_vendor/share/gz:/opt/ros/jazzy/opt/gz_msgs_vendor/share/gz:/opt/ros/jazzy/opt/gz_common_vendor/share/gz', 'HOSTNAME': 'ubuntu', 'SHLVL': '1', 'LD_LIBRARY_PATH': '/home/unitree/go2slam/unitree_ros2/install/unitree_hg/lib:/home/unitree/go2slam/unitree_ros2/install/unitree_go/lib:/home/unitree/go2slam/unitree_ros2/install/unitree_api/lib:/home/unitree/go2slam/unitree_ros2/install/cyclonedds/lib:/opt/ros/jazzy/opt/gz_sim_vendor/lib:/opt/ros/jazzy/opt/gz_sensors_vendor/lib:/opt/ros/jazzy/opt/gz_physics_vendor/lib:/opt/ros/jazzy/opt/sdformat_vendor/lib:/opt/ros/jazzy/opt/rviz_ogre_vendor/lib:/opt/ros/jazzy/lib/aarch64-linux-gnu:/opt/ros/jazzy/opt/gz_gui_vendor/lib:/opt/ros/jazzy/opt/gz_transport_vendor/lib:/opt/ros/jazzy/opt/gz_rendering_vendor/lib:/opt/ros/jazzy/opt/gz_plugin_vendor/lib:/opt/ros/jazzy/opt/gz_fuel_tools_vendor/lib:/opt/ros/jazzy/opt/gz_msgs_vendor/lib:/opt/ros/jazzy/opt/gz_common_vendor/lib:/opt/ros/jazzy/opt/gz_math_vendor/lib:/opt/ros/jazzy/opt/gz_utils_vendor/lib:/opt/ros/jazzy/opt/gz_tools_vendor/lib:/opt/ros/jazzy/opt/gz_ogre_next_vendor/lib:/opt/ros/jazzy/opt/gz_dartsim_vendor/lib:/opt/ros/jazzy/opt/gz_cmake_vendor/lib:/opt/ros/jazzy/lib', 'HOME': '/root', 'OLDPWD': '/home/unitree/go2slam/unitree_ros2/cyclonedds_ws', 'ROS_PYTHON_VERSION': '3', 'COLCON_PREFIX_PATH': '/home/unitree/go2slam/unitree_ros2/install', 'ROS_DISTRO': 'jazzy', '_': '/usr/bin/colcon', 'ROS_VERSION': '2', 'PKG_CONFIG_PATH': '/home/unitree/go2slam/unitree_ros2/install/cyclonedds/lib/aarch64-linux-gnu/pkgconfig:/home/unitree/go2slam/unitree_ros2/install/cyclonedds/lib/pkgconfig', 'TERM': 'xterm', 'PATH': '/home/unitree/go2slam/unitree_ros2/install/cyclonedds/bin:/opt/ros/jazzy/opt/gz_msgs_vendor/bin:/opt/ros/jazzy/opt/gz_tools_vendor/bin:/opt/ros/jazzy/opt/gz_ogre_next_vendor/bin:/opt/ros/jazzy/bin:/usr/local/sbin:/usr/local/bin:/usr/sbin:/usr/bin:/sbin:/bin', 'DISPLAY': 'unix:1001', 'LANG': 'C.UTF-8', 'LS_COLORS': 'rs=0:di=01;34:ln=01;36:mh=00:pi=40;33:so=01;35:do=01;35:bd=40;33;01:cd=40;33;01:or=40;31;01:mi=00:su=37;41:sg=30;43:ca=00:tw=30;42:ow=34;42:st=37;44:ex=01;32:*.tar=01;31:*.tgz=01;31:*.arc=01;31:*.arj=01;31:*.taz=01;31:*.lha=01;31:*.lz4=01;31:*.lzh=01;31:*.lzma=01;31:*.tlz=01;31:*.txz=01;31:*.tzo=01;31:*.t7z=01;31:*.zip=01;31:*.z=01;31:*.dz=01;31:*.gz=01;31:*.lrz=01;31:*.lz=01;31:*.lzo=01;31:*.xz=01;31:*.zst=01;31:*.tzst=01;31:*.bz2=01;31:*.bz=01;31:*.tbz=01;31:*.tbz2=01;31:*.tz=01;31:*.deb=01;31:*.rpm=01;31:*.jar=01;31:*.war=01;31:*.ear=01;31:*.sar=01;31:*.rar=01;31:*.alz=01;31:*.ace=01;31:*.zoo=01;31:*.cpio=01;31:*.7z=01;31:*.rz=01;31:*.cab=01;31:*.wim=01;31:*.swm=01;31:*.dwm=01;31:*.esd=01;31:*.avif=01;35:*.jpg=01;35:*.jpeg=01;35:*.mjpg=01;35:*.mjpeg=01;35:*.gif=01;35:*.bmp=01;35:*.pbm=01;35:*.pgm=01;35:*.ppm=01;35:*.tga=01;35:*.xbm=01;35:*.xpm=01;35:*.tif=01;35:*.tiff=01;35:*.png=01;35:*.svg=01;35:*.svgz=01;35:*.mng=01;35:*.pcx=01;35:*.mov=01;35:*.mpg=01;35:*.mpeg=01;35:*.m2v=01;35:*.mkv=01;35:*.webm=01;35:*.webp=01;35:*.ogm=01;35:*.mp4=01;35:*.m4v=01;35:*.mp4v=01;35:*.vob=01;35:*.qt=01;35:*.nuv=01;35:*.wmv=01;35:*.asf=01;35:*.rm=01;35:*.rmvb=01;35:*.flc=01;35:*.avi=01;35:*.fli=01;35:*.flv=01;35:*.gl=01;35:*.dl=01;35:*.xcf=01;35:*.xwd=01;35:*.yuv=01;35:*.cgm=01;35:*.emf=01;35:*.ogv=01;35:*.ogx=01;35:*.aac=00;36:*.au=00;36:*.flac=00;36:*.m4a=00;36:*.mid=00;36:*.midi=00;36:*.mka=00;36:*.mp3=00;36:*.mpc=00;36:*.ogg=00;36:*.ra=00;36:*.wav=00;36:*.oga=00;36:*.opus=00;36:*.spx=00;36:*.xspf=00;36:*~=00;90:*#=00;90:*.bak=00;90:*.crdownload=00;90:*.dpkg-dist=00;90:*.dpkg-new=00;90:*.dpkg-old=00;90:*.dpkg-tmp=00;90:*.old=00;90:*.orig=00;90:*.part=00;90:*.rej=00;90:*.rpmnew=00;90:*.rpmorig=00;90:*.rpmsave=00;90:*.swp=00;90:*.tmp=00;90:*.ucf-dist=00;90:*.ucf-new=00;90:*.ucf-old=00;90:', 'AMENT_PREFIX_PATH': '/home/unitree/go2slam/unitree_ros2/install/unitree_hg:/home/unitree/go2slam/unitree_ros2/install/unitree_go:/home/unitree/go2slam/unitree_ros2/install/unitree_api:/opt/ros/jazzy', 'ROS_AUTOMATIC_DISCOVERY_RANGE': 'SUBNET', 'PWD': '/home/unitree/go2slam/unitree_ros2/build/unitree_api', 'LC_ALL': 'C.UTF-8', 'PYTHONPATH': '/home/unitree/go2slam/unitree_ros2/install/unitree_hg/lib/python3.12/site-packages:/home/unitree/go2slam/unitree_ros2/install/unitree_go/lib/python3.12/site-packages:/home/unitree/go2slam/unitree_ros2/install/unitree_api/lib/python3.12/site-packages:/opt/ros/jazzy/lib/python3.12/site-packages', 'COLCON': '1', 'CMAKE_PREFIX_PATH': '/home/unitree/go2slam/unitree_ros2/install/unitree_hg:/home/unitree/go2slam/unitree_ros2/install/unitree_go:/home/unitree/go2slam/unitree_ros2/install/unitree_api:/home/unitree/go2slam/unitree_ros2/install/cyclonedds:/opt/ros/jazzy/opt/gz_sim_vendor:/opt/ros/jazzy/opt/gz_sensors_vendor:/opt/ros/jazzy/opt/gz_physics_vendor:/opt/ros/jazzy/opt/sdformat_vendor:/opt/ros/jazzy/opt/gz_gui_vendor:/opt/ros/jazzy/opt/gz_transport_vendor:/opt/ros/jazzy/opt/gz_rendering_vendor:/opt/ros/jazzy/opt/gz_plugin_vendor:/opt/ros/jazzy/opt/gz_fuel_tools_vendor:/opt/ros/jazzy/opt/gz_msgs_vendor:/opt/ros/jazzy/opt/gz_common_vendor:/opt/ros/jazzy/opt/gz_math_vendor:/opt/ros/jazzy/opt/gz_utils_vendor:/opt/ros/jazzy/opt/gz_tools_vendor:/opt/ros/jazzy/opt/gz_ogre_next_vendor:/opt/ros/jazzy/opt/gz_dartsim_vendor:/opt/ros/jazzy/opt/gz_cmake_vendor:/opt/ros/jazzy'}), 'shell': False}
[0.051600] (unitree_go) JobProgress: {'identifier': 'unitree_go', 'progress': 'cmake'}
[0.052813] (unitree_go) Command: {'cmd': ['/usr/bin/cmake', '/home/unitree/go2slam/unitree_ros2/cyclonedds_ws/src/unitree/unitree_go', '-DCMAKE_INSTALL_PREFIX=/home/unitree/go2slam/unitree_ros2/install/unitree_go'], 'cwd': '/home/unitree/go2slam/unitree_ros2/build/unitree_go', 'env': OrderedDict({'GZ_CONFIG_PATH': '/opt/ros/jazzy/opt/gz_sim_vendor/share/gz:/opt/ros/jazzy/opt/sdformat_vendor/share/gz:/opt/ros/jazzy/opt/gz_gui_vendor/share/gz:/opt/ros/jazzy/opt/gz_transport_vendor/share/gz:/opt/ros/jazzy/opt/gz_rendering_vendor/share/gz:/opt/ros/jazzy/opt/gz_plugin_vendor/share/gz:/opt/ros/jazzy/opt/gz_fuel_tools_vendor/share/gz:/opt/ros/jazzy/opt/gz_msgs_vendor/share/gz:/opt/ros/jazzy/opt/gz_common_vendor/share/gz', 'HOSTNAME': 'ubuntu', 'SHLVL': '1', 'LD_LIBRARY_PATH': '/home/unitree/go2slam/unitree_ros2/install/unitree_hg/lib:/home/unitree/go2slam/unitree_ros2/install/unitree_go/lib:/home/unitree/go2slam/unitree_ros2/install/unitree_api/lib:/home/unitree/go2slam/unitree_ros2/install/cyclonedds/lib:/opt/ros/jazzy/opt/gz_sim_vendor/lib:/opt/ros/jazzy/opt/gz_sensors_vendor/lib:/opt/ros/jazzy/opt/gz_physics_vendor/lib:/opt/ros/jazzy/opt/sdformat_vendor/lib:/opt/ros/jazzy/opt/rviz_ogre_vendor/lib:/opt/ros/jazzy/lib/aarch64-linux-gnu:/opt/ros/jazzy/opt/gz_gui_vendor/lib:/opt/ros/jazzy/opt/gz_transport_vendor/lib:/opt/ros/jazzy/opt/gz_rendering_vendor/lib:/opt/ros/jazzy/opt/gz_plugin_vendor/lib:/opt/ros/jazzy/opt/gz_fuel_tools_vendor/lib:/opt/ros/jazzy/opt/gz_msgs_vendor/lib:/opt/ros/jazzy/opt/gz_common_vendor/lib:/opt/ros/jazzy/opt/gz_math_vendor/lib:/opt/ros/jazzy/opt/gz_utils_vendor/lib:/opt/ros/jazzy/opt/gz_tools_vendor/lib:/opt/ros/jazzy/opt/gz_ogre_next_vendor/lib:/opt/ros/jazzy/opt/gz_dartsim_vendor/lib:/opt/ros/jazzy/opt/gz_cmake_vendor/lib:/opt/ros/jazzy/lib', 'HOME': '/root', 'OLDPWD': '/home/unitree/go2slam/unitree_ros2/cyclonedds_ws', 'ROS_PYTHON_VERSION': '3', 'COLCON_PREFIX_PATH': '/home/unitree/go2slam/unitree_ros2/install', 'ROS_DISTRO': 'jazzy', '_': '/usr/bin/colcon', 'ROS_VERSION': '2', 'PKG_CONFIG_PATH': '/home/unitree/go2slam/unitree_ros2/install/cyclonedds/lib/aarch64-linux-gnu/pkgconfig:/home/unitree/go2slam/unitree_ros2/install/cyclonedds/lib/pkgconfig', 'TERM': 'xterm', 'PATH': '/home/unitree/go2slam/unitree_ros2/install/cyclonedds/bin:/opt/ros/jazzy/opt/gz_msgs_vendor/bin:/opt/ros/jazzy/opt/gz_tools_vendor/bin:/opt/ros/jazzy/opt/gz_ogre_next_vendor/bin:/opt/ros/jazzy/bin:/usr/local/sbin:/usr/local/bin:/usr/sbin:/usr/bin:/sbin:/bin', 'DISPLAY': 'unix:1001', 'LANG': 'C.UTF-8', 'LS_COLORS': 'rs=0:di=01;34:ln=01;36:mh=00:pi=40;33:so=01;35:do=01;35:bd=40;33;01:cd=40;33;01:or=40;31;01:mi=00:su=37;41:sg=30;43:ca=00:tw=30;42:ow=34;42:st=37;44:ex=01;32:*.tar=01;31:*.tgz=01;31:*.arc=01;31:*.arj=01;31:*.taz=01;31:*.lha=01;31:*.lz4=01;31:*.lzh=01;31:*.lzma=01;31:*.tlz=01;31:*.txz=01;31:*.tzo=01;31:*.t7z=01;31:*.zip=01;31:*.z=01;31:*.dz=01;31:*.gz=01;31:*.lrz=01;31:*.lz=01;31:*.lzo=01;31:*.xz=01;31:*.zst=01;31:*.tzst=01;31:*.bz2=01;31:*.bz=01;31:*.tbz=01;31:*.tbz2=01;31:*.tz=01;31:*.deb=01;31:*.rpm=01;31:*.jar=01;31:*.war=01;31:*.ear=01;31:*.sar=01;31:*.rar=01;31:*.alz=01;31:*.ace=01;31:*.zoo=01;31:*.cpio=01;31:*.7z=01;31:*.rz=01;31:*.cab=01;31:*.wim=01;31:*.swm=01;31:*.dwm=01;31:*.esd=01;31:*.avif=01;35:*.jpg=01;35:*.jpeg=01;35:*.mjpg=01;35:*.mjpeg=01;35:*.gif=01;35:*.bmp=01;35:*.pbm=01;35:*.pgm=01;35:*.ppm=01;35:*.tga=01;35:*.xbm=01;35:*.xpm=01;35:*.tif=01;35:*.tiff=01;35:*.png=01;35:*.svg=01;35:*.svgz=01;35:*.mng=01;35:*.pcx=01;35:*.mov=01;35:*.mpg=01;35:*.mpeg=01;35:*.m2v=01;35:*.mkv=01;35:*.webm=01;35:*.webp=01;35:*.ogm=01;35:*.mp4=01;35:*.m4v=01;35:*.mp4v=01;35:*.vob=01;35:*.qt=01;35:*.nuv=01;35:*.wmv=01;35:*.asf=01;35:*.rm=01;35:*.rmvb=01;35:*.flc=01;35:*.avi=01;35:*.fli=01;35:*.flv=01;35:*.gl=01;35:*.dl=01;35:*.xcf=01;35:*.xwd=01;35:*.yuv=01;35:*.cgm=01;35:*.emf=01;35:*.ogv=01;35:*.ogx=01;35:*.aac=00;36:*.au=00;36:*.flac=00;36:*.m4a=00;36:*.mid=00;36:*.midi=00;36:*.mka=00;36:*.mp3=00;36:*.mpc=00;36:*.ogg=00;36:*.ra=00;36:*.wav=00;36:*.oga=00;36:*.opus=00;36:*.spx=00;36:*.xspf=00;36:*~=00;90:*#=00;90:*.bak=00;90:*.crdownload=00;90:*.dpkg-dist=00;90:*.dpkg-new=00;90:*.dpkg-old=00;90:*.dpkg-tmp=00;90:*.old=00;90:*.orig=00;90:*.part=00;90:*.rej=00;90:*.rpmnew=00;90:*.rpmorig=00;90:*.rpmsave=00;90:*.swp=00;90:*.tmp=00;90:*.ucf-dist=00;90:*.ucf-new=00;90:*.ucf-old=00;90:', 'AMENT_PREFIX_PATH': '/home/unitree/go2slam/unitree_ros2/install/unitree_hg:/home/unitree/go2slam/unitree_ros2/install/unitree_go:/home/unitree/go2slam/unitree_ros2/install/unitree_api:/opt/ros/jazzy', 'ROS_AUTOMATIC_DISCOVERY_RANGE': 'SUBNET', 'PWD': '/home/unitree/go2slam/unitree_ros2/build/unitree_go', 'LC_ALL': 'C.UTF-8', 'PYTHONPATH': '/home/unitree/go2slam/unitree_ros2/install/unitree_hg/lib/python3.12/site-packages:/home/unitree/go2slam/unitree_ros2/install/unitree_go/lib/python3.12/site-packages:/home/unitree/go2slam/unitree_ros2/install/unitree_api/lib/python3.12/site-packages:/opt/ros/jazzy/lib/python3.12/site-packages', 'COLCON': '1', 'CMAKE_PREFIX_PATH': '/home/unitree/go2slam/unitree_ros2/install/unitree_hg:/home/unitree/go2slam/unitree_ros2/install/unitree_go:/home/unitree/go2slam/unitree_ros2/install/unitree_api:/home/unitree/go2slam/unitree_ros2/install/cyclonedds:/opt/ros/jazzy/opt/gz_sim_vendor:/opt/ros/jazzy/opt/gz_sensors_vendor:/opt/ros/jazzy/opt/gz_physics_vendor:/opt/ros/jazzy/opt/sdformat_vendor:/opt/ros/jazzy/opt/gz_gui_vendor:/opt/ros/jazzy/opt/gz_transport_vendor:/opt/ros/jazzy/opt/gz_rendering_vendor:/opt/ros/jazzy/opt/gz_plugin_vendor:/opt/ros/jazzy/opt/gz_fuel_tools_vendor:/opt/ros/jazzy/opt/gz_msgs_vendor:/opt/ros/jazzy/opt/gz_common_vendor:/opt/ros/jazzy/opt/gz_math_vendor:/opt/ros/jazzy/opt/gz_utils_vendor:/opt/ros/jazzy/opt/gz_tools_vendor:/opt/ros/jazzy/opt/gz_ogre_next_vendor:/opt/ros/jazzy/opt/gz_dartsim_vendor:/opt/ros/jazzy/opt/gz_cmake_vendor:/opt/ros/jazzy'}), 'shell': False}
[0.096630] (unitree_hg) JobProgress: {'identifier': 'unitree_hg', 'progress': 'cmake'}
[0.096819] (unitree_hg) Command: {'cmd': ['/usr/bin/cmake', '/home/unitree/go2slam/unitree_ros2/cyclonedds_ws/src/unitree/unitree_hg', '-DCMAKE_INSTALL_PREFIX=/home/unitree/go2slam/unitree_ros2/install/unitree_hg'], 'cwd': '/home/unitree/go2slam/unitree_ros2/build/unitree_hg', 'env': OrderedDict({'GZ_CONFIG_PATH': '/opt/ros/jazzy/opt/gz_sim_vendor/share/gz:/opt/ros/jazzy/opt/sdformat_vendor/share/gz:/opt/ros/jazzy/opt/gz_gui_vendor/share/gz:/opt/ros/jazzy/opt/gz_transport_vendor/share/gz:/opt/ros/jazzy/opt/gz_rendering_vendor/share/gz:/opt/ros/jazzy/opt/gz_plugin_vendor/share/gz:/opt/ros/jazzy/opt/gz_fuel_tools_vendor/share/gz:/opt/ros/jazzy/opt/gz_msgs_vendor/share/gz:/opt/ros/jazzy/opt/gz_common_vendor/share/gz', 'HOSTNAME': 'ubuntu', 'SHLVL': '1', 'LD_LIBRARY_PATH': '/home/unitree/go2slam/unitree_ros2/install/unitree_hg/lib:/home/unitree/go2slam/unitree_ros2/install/unitree_go/lib:/home/unitree/go2slam/unitree_ros2/install/unitree_api/lib:/home/unitree/go2slam/unitree_ros2/install/cyclonedds/lib:/opt/ros/jazzy/opt/gz_sim_vendor/lib:/opt/ros/jazzy/opt/gz_sensors_vendor/lib:/opt/ros/jazzy/opt/gz_physics_vendor/lib:/opt/ros/jazzy/opt/sdformat_vendor/lib:/opt/ros/jazzy/opt/rviz_ogre_vendor/lib:/opt/ros/jazzy/lib/aarch64-linux-gnu:/opt/ros/jazzy/opt/gz_gui_vendor/lib:/opt/ros/jazzy/opt/gz_transport_vendor/lib:/opt/ros/jazzy/opt/gz_rendering_vendor/lib:/opt/ros/jazzy/opt/gz_plugin_vendor/lib:/opt/ros/jazzy/opt/gz_fuel_tools_vendor/lib:/opt/ros/jazzy/opt/gz_msgs_vendor/lib:/opt/ros/jazzy/opt/gz_common_vendor/lib:/opt/ros/jazzy/opt/gz_math_vendor/lib:/opt/ros/jazzy/opt/gz_utils_vendor/lib:/opt/ros/jazzy/opt/gz_tools_vendor/lib:/opt/ros/jazzy/opt/gz_ogre_next_vendor/lib:/opt/ros/jazzy/opt/gz_dartsim_vendor/lib:/opt/ros/jazzy/opt/gz_cmake_vendor/lib:/opt/ros/jazzy/lib', 'HOME': '/root', 'OLDPWD': '/home/unitree/go2slam/unitree_ros2/cyclonedds_ws', 'ROS_PYTHON_VERSION': '3', 'COLCON_PREFIX_PATH': '/home/unitree/go2slam/unitree_ros2/install', 'ROS_DISTRO': 'jazzy', '_': '/usr/bin/colcon', 'ROS_VERSION': '2', 'PKG_CONFIG_PATH': '/home/unitree/go2slam/unitree_ros2/install/cyclonedds/lib/aarch64-linux-gnu/pkgconfig:/home/unitree/go2slam/unitree_ros2/install/cyclonedds/lib/pkgconfig', 'TERM': 'xterm', 'PATH': '/home/unitree/go2slam/unitree_ros2/install/cyclonedds/bin:/opt/ros/jazzy/opt/gz_msgs_vendor/bin:/opt/ros/jazzy/opt/gz_tools_vendor/bin:/opt/ros/jazzy/opt/gz_ogre_next_vendor/bin:/opt/ros/jazzy/bin:/usr/local/sbin:/usr/local/bin:/usr/sbin:/usr/bin:/sbin:/bin', 'DISPLAY': 'unix:1001', 'LANG': 'C.UTF-8', 'LS_COLORS': 'rs=0:di=01;34:ln=01;36:mh=00:pi=40;33:so=01;35:do=01;35:bd=40;33;01:cd=40;33;01:or=40;31;01:mi=00:su=37;41:sg=30;43:ca=00:tw=30;42:ow=34;42:st=37;44:ex=01;32:*.tar=01;31:*.tgz=01;31:*.arc=01;31:*.arj=01;31:*.taz=01;31:*.lha=01;31:*.lz4=01;31:*.lzh=01;31:*.lzma=01;31:*.tlz=01;31:*.txz=01;31:*.tzo=01;31:*.t7z=01;31:*.zip=01;31:*.z=01;31:*.dz=01;31:*.gz=01;31:*.lrz=01;31:*.lz=01;31:*.lzo=01;31:*.xz=01;31:*.zst=01;31:*.tzst=01;31:*.bz2=01;31:*.bz=01;31:*.tbz=01;31:*.tbz2=01;31:*.tz=01;31:*.deb=01;31:*.rpm=01;31:*.jar=01;31:*.war=01;31:*.ear=01;31:*.sar=01;31:*.rar=01;31:*.alz=01;31:*.ace=01;31:*.zoo=01;31:*.cpio=01;31:*.7z=01;31:*.rz=01;31:*.cab=01;31:*.wim=01;31:*.swm=01;31:*.dwm=01;31:*.esd=01;31:*.avif=01;35:*.jpg=01;35:*.jpeg=01;35:*.mjpg=01;35:*.mjpeg=01;35:*.gif=01;35:*.bmp=01;35:*.pbm=01;35:*.pgm=01;35:*.ppm=01;35:*.tga=01;35:*.xbm=01;35:*.xpm=01;35:*.tif=01;35:*.tiff=01;35:*.png=01;35:*.svg=01;35:*.svgz=01;35:*.mng=01;35:*.pcx=01;35:*.mov=01;35:*.mpg=01;35:*.mpeg=01;35:*.m2v=01;35:*.mkv=01;35:*.webm=01;35:*.webp=01;35:*.ogm=01;35:*.mp4=01;35:*.m4v=01;35:*.mp4v=01;35:*.vob=01;35:*.qt=01;35:*.nuv=01;35:*.wmv=01;35:*.asf=01;35:*.rm=01;35:*.rmvb=01;35:*.flc=01;35:*.avi=01;35:*.fli=01;35:*.flv=01;35:*.gl=01;35:*.dl=01;35:*.xcf=01;35:*.xwd=01;35:*.yuv=01;35:*.cgm=01;35:*.emf=01;35:*.ogv=01;35:*.ogx=01;35:*.aac=00;36:*.au=00;36:*.flac=00;36:*.m4a=00;36:*.mid=00;36:*.midi=00;36:*.mka=00;36:*.mp3=00;36:*.mpc=00;36:*.ogg=00;36:*.ra=00;36:*.wav=00;36:*.oga=00;36:*.opus=00;36:*.spx=00;36:*.xspf=00;36:*~=00;90:*#=00;90:*.bak=00;90:*.crdownload=00;90:*.dpkg-dist=00;90:*.dpkg-new=00;90:*.dpkg-old=00;90:*.dpkg-tmp=00;90:*.old=00;90:*.orig=00;90:*.part=00;90:*.rej=00;90:*.rpmnew=00;90:*.rpmorig=00;90:*.rpmsave=00;90:*.swp=00;90:*.tmp=00;90:*.ucf-dist=00;90:*.ucf-new=00;90:*.ucf-old=00;90:', 'AMENT_PREFIX_PATH': '/home/unitree/go2slam/unitree_ros2/install/unitree_hg:/home/unitree/go2slam/unitree_ros2/install/unitree_go:/home/unitree/go2slam/unitree_ros2/install/unitree_api:/opt/ros/jazzy', 'ROS_AUTOMATIC_DISCOVERY_RANGE': 'SUBNET', 'PWD': '/home/unitree/go2slam/unitree_ros2/build/unitree_hg', 'LC_ALL': 'C.UTF-8', 'PYTHONPATH': '/home/unitree/go2slam/unitree_ros2/install/unitree_hg/lib/python3.12/site-packages:/home/unitree/go2slam/unitree_ros2/install/unitree_go/lib/python3.12/site-packages:/home/unitree/go2slam/unitree_ros2/install/unitree_api/lib/python3.12/site-packages:/opt/ros/jazzy/lib/python3.12/site-packages', 'COLCON': '1', 'CMAKE_PREFIX_PATH': '/home/unitree/go2slam/unitree_ros2/install/unitree_hg:/home/unitree/go2slam/unitree_ros2/install/unitree_go:/home/unitree/go2slam/unitree_ros2/install/unitree_api:/home/unitree/go2slam/unitree_ros2/install/cyclonedds:/opt/ros/jazzy/opt/gz_sim_vendor:/opt/ros/jazzy/opt/gz_sensors_vendor:/opt/ros/jazzy/opt/gz_physics_vendor:/opt/ros/jazzy/opt/sdformat_vendor:/opt/ros/jazzy/opt/gz_gui_vendor:/opt/ros/jazzy/opt/gz_transport_vendor:/opt/ros/jazzy/opt/gz_rendering_vendor:/opt/ros/jazzy/opt/gz_plugin_vendor:/opt/ros/jazzy/opt/gz_fuel_tools_vendor:/opt/ros/jazzy/opt/gz_msgs_vendor:/opt/ros/jazzy/opt/gz_common_vendor:/opt/ros/jazzy/opt/gz_math_vendor:/opt/ros/jazzy/opt/gz_utils_vendor:/opt/ros/jazzy/opt/gz_tools_vendor:/opt/ros/jazzy/opt/gz_ogre_next_vendor:/opt/ros/jazzy/opt/gz_dartsim_vendor:/opt/ros/jazzy/opt/gz_cmake_vendor:/opt/ros/jazzy'}), 'shell': False}
[0.099317] (-) TimerEvent: {}
[0.199883] (-) TimerEvent: {}
[0.207693] (unitree_api) StdoutLine: {'line': b'-- The C compiler identification is GNU 13.3.0\n'}
[0.217889] (unitree_go) StdoutLine: {'line': b'-- The C compiler identification is GNU 13.3.0\n'}
[0.220049] (unitree_hg) StdoutLine: {'line': b'-- The C compiler identification is GNU 13.3.0\n'}
[0.300072] (-) TimerEvent: {}
[0.344014] (unitree_hg) StdoutLine: {'line': b'-- The CXX compiler identification is GNU 13.3.0\n'}
[0.344490] (unitree_go) StdoutLine: {'line': b'-- The CXX compiler identification is GNU 13.3.0\n'}
[0.345821] (unitree_api) StdoutLine: {'line': b'-- The CXX compiler identification is GNU 13.3.0\n'}
[0.380207] (unitree_hg) StdoutLine: {'line': b'-- Detecting C compiler ABI info\n'}
[0.389034] (unitree_go) StdoutLine: {'line': b'-- Detecting C compiler ABI info\n'}
[0.397066] (unitree_api) StdoutLine: {'line': b'-- Detecting C compiler ABI info\n'}
[0.400209] (-) TimerEvent: {}
[0.500756] (-) TimerEvent: {}
[0.597352] (unitree_go) StdoutLine: {'line': b'-- Detecting C compiler ABI info - done\n'}
[0.598028] (unitree_hg) StdoutLine: {'line': b'-- Detecting C compiler ABI info - done\n'}
[0.600810] (-) TimerEvent: {}
[0.615200] (unitree_api) StdoutLine: {'line': b'-- Detecting C compiler ABI info - done\n'}
[0.616301] (unitree_go) StdoutLine: {'line': b'-- Check for working C compiler: /usr/bin/cc - skipped\n'}
[0.616651] (unitree_hg) StdoutLine: {'line': b'-- Check for working C compiler: /usr/bin/cc - skipped\n'}
[0.617354] (unitree_hg) StdoutLine: {'line': b'-- Detecting C compile features\n'}
[0.617558] (unitree_go) StdoutLine: {'line': b'-- Detecting C compile features\n'}
[0.618400] (unitree_go) StdoutLine: {'line': b'-- Detecting C compile features - done\n'}
[0.618602] (unitree_hg) StdoutLine: {'line': b'-- Detecting C compile features - done\n'}
[0.638601] (unitree_api) StdoutLine: {'line': b'-- Check for working C compiler: /usr/bin/cc - skipped\n'}
[0.639892] (unitree_api) StdoutLine: {'line': b'-- Detecting C compile features\n'}
[0.640836] (unitree_api) StdoutLine: {'line': b'-- Detecting C compile features - done\n'}
[0.641150] (unitree_go) StdoutLine: {'line': b'-- Detecting CXX compiler ABI info\n'}
[0.658069] (unitree_hg) StdoutLine: {'line': b'-- Detecting CXX compiler ABI info\n'}
[0.665973] (unitree_api) StdoutLine: {'line': b'-- Detecting CXX compiler ABI info\n'}
[0.701030] (-) TimerEvent: {}
[0.801877] (-) TimerEvent: {}
[0.903116] (-) TimerEvent: {}
[0.904737] (unitree_hg) StdoutLine: {'line': b'-- Detecting CXX compiler ABI info - done\n'}
[0.907349] (unitree_go) StdoutLine: {'line': b'-- Detecting CXX compiler ABI info - done\n'}
[0.908010] (unitree_api) StdoutLine: {'line': b'-- Detecting CXX compiler ABI info - done\n'}
[0.919866] (unitree_hg) StdoutLine: {'line': b'-- Check for working CXX compiler: /usr/bin/c++ - skipped\n'}
[0.920442] (unitree_hg) StdoutLine: {'line': b'-- Detecting CXX compile features\n'}
[0.921403] (unitree_hg) StdoutLine: {'line': b'-- Detecting CXX compile features - done\n'}
[0.933536] (unitree_api) StdoutLine: {'line': b'-- Check for working CXX compiler: /usr/bin/c++ - skipped\n'}
[0.933883] (unitree_api) StdoutLine: {'line': b'-- Detecting CXX compile features\n'}
[0.934485] (unitree_api) StdoutLine: {'line': b'-- Detecting CXX compile features - done\n'}
[0.935934] (unitree_hg) StdoutLine: {'line': b'-- Found ament_cmake: 2.5.6 (/opt/ros/jazzy/share/ament_cmake/cmake)\n'}
[0.939113] (unitree_go) StdoutLine: {'line': b'-- Check for working CXX compiler: /usr/bin/c++ - skipped\n'}
[0.940956] (unitree_go) StdoutLine: {'line': b'-- Detecting CXX compile features\n'}
[0.942069] (unitree_go) StdoutLine: {'line': b'-- Detecting CXX compile features - done\n'}
[0.953786] (unitree_api) StdoutLine: {'line': b'-- Found ament_cmake: 2.5.6 (/opt/ros/jazzy/share/ament_cmake/cmake)\n'}
[0.957081] (unitree_go) StdoutLine: {'line': b'-- Found ament_cmake: 2.5.6 (/opt/ros/jazzy/share/ament_cmake/cmake)\n'}
[1.003312] (-) TimerEvent: {}
[1.103866] (-) TimerEvent: {}
[1.205595] (-) TimerEvent: {}
[1.292504] (unitree_hg) StdoutLine: {'line': b'-- Found Python3: /usr/bin/python3 (found version "3.12.3") found components: Interpreter \n'}
[1.293877] (unitree_api) StdoutLine: {'line': b'-- Found Python3: /usr/bin/python3 (found version "3.12.3") found components: Interpreter \n'}
[1.305760] (-) TimerEvent: {}
[1.318413] (unitree_go) StdoutLine: {'line': b'-- Found Python3: /usr/bin/python3 (found version "3.12.3") found components: Interpreter \n'}
[1.405928] (-) TimerEvent: {}
[1.506502] (-) TimerEvent: {}
[1.608284] (-) TimerEvent: {}
[1.672255] (unitree_hg) StdoutLine: {'line': b'-- Found geometry_msgs: 5.3.7 (/opt/ros/jazzy/share/geometry_msgs/cmake)\n'}
[1.673054] (unitree_api) StdoutLine: {'line': b'-- Found geometry_msgs: 5.3.7 (/opt/ros/jazzy/share/geometry_msgs/cmake)\n'}
[1.699611] (unitree_go) StdoutLine: {'line': b'-- Found geometry_msgs: 5.3.7 (/opt/ros/jazzy/share/geometry_msgs/cmake)\n'}
[1.708350] (-) TimerEvent: {}
[1.809446] (-) TimerEvent: {}
[1.847082] (unitree_api) StdoutLine: {'line': b'-- Found rosidl_generator_c: 4.6.7 (/opt/ros/jazzy/share/rosidl_generator_c/cmake)\n'}
[1.847624] (unitree_hg) StdoutLine: {'line': b'-- Found rosidl_generator_c: 4.6.7 (/opt/ros/jazzy/share/rosidl_generator_c/cmake)\n'}
[1.856659] (unitree_go) StdoutLine: {'line': b'-- Found rosidl_generator_c: 4.6.7 (/opt/ros/jazzy/share/rosidl_generator_c/cmake)\n'}
[1.895213] (unitree_api) StdoutLine: {'line': b'-- Found rosidl_generator_cpp: 4.6.7 (/opt/ros/jazzy/share/rosidl_generator_cpp/cmake)\n'}
[1.896959] (unitree_hg) StdoutLine: {'line': b'-- Found rosidl_generator_cpp: 4.6.7 (/opt/ros/jazzy/share/rosidl_generator_cpp/cmake)\n'}
[1.904639] (unitree_go) StdoutLine: {'line': b'-- Found rosidl_generator_cpp: 4.6.7 (/opt/ros/jazzy/share/rosidl_generator_cpp/cmake)\n'}
[1.910262] (-) TimerEvent: {}
[1.954815] (unitree_api) StdoutLine: {'line': b'-- Using all available rosidl_typesupport_c: rosidl_typesupport_fastrtps_c;rosidl_typesupport_introspection_c\n'}
[1.956558] (unitree_hg) StdoutLine: {'line': b'-- Using all available rosidl_typesupport_c: rosidl_typesupport_fastrtps_c;rosidl_typesupport_introspection_c\n'}
[1.958542] (unitree_go) StdoutLine: {'line': b'-- Using all available rosidl_typesupport_c: rosidl_typesupport_fastrtps_c;rosidl_typesupport_introspection_c\n'}
[2.010457] (-) TimerEvent: {}
[2.020300] (unitree_go) StdoutLine: {'line': b'-- Using all available rosidl_typesupport_cpp: rosidl_typesupport_fastrtps_cpp;rosidl_typesupport_introspection_cpp\n'}
[2.022353] (unitree_api) StdoutLine: {'line': b'-- Using all available rosidl_typesupport_cpp: rosidl_typesupport_fastrtps_cpp;rosidl_typesupport_introspection_cpp\n'}
[2.022707] (unitree_hg) StdoutLine: {'line': b'-- Using all available rosidl_typesupport_cpp: rosidl_typesupport_fastrtps_cpp;rosidl_typesupport_introspection_cpp\n'}
[2.110629] (-) TimerEvent: {}
[2.148580] (unitree_go) StdoutLine: {'line': b'-- Found rosidl_default_generators: 1.6.0 (/opt/ros/jazzy/share/rosidl_default_generators/cmake)\n'}
[2.152077] (unitree_hg) StdoutLine: {'line': b'-- Found rosidl_default_generators: 1.6.0 (/opt/ros/jazzy/share/rosidl_default_generators/cmake)\n'}
[2.152384] (unitree_api) StdoutLine: {'line': b'-- Found rosidl_default_generators: 1.6.0 (/opt/ros/jazzy/share/rosidl_default_generators/cmake)\n'}
[2.210800] (-) TimerEvent: {}
[2.225393] (unitree_go) StdoutLine: {'line': b'-- Found rosidl_adapter: 4.6.7 (/opt/ros/jazzy/share/rosidl_adapter/cmake)\n'}
[2.231602] (unitree_hg) StdoutLine: {'line': b'-- Found rosidl_adapter: 4.6.7 (/opt/ros/jazzy/share/rosidl_adapter/cmake)\n'}
[2.232031] (unitree_api) StdoutLine: {'line': b'-- Found rosidl_adapter: 4.6.7 (/opt/ros/jazzy/share/rosidl_adapter/cmake)\n'}
[2.240292] (unitree_go) StdoutLine: {'line': b'-- Found rosidl_generator_dds_idl: 0.11.1 (/opt/ros/jazzy/share/rosidl_generator_dds_idl/cmake)\n'}
[2.245713] (unitree_hg) StdoutLine: {'line': b'-- Found rosidl_generator_dds_idl: 0.11.1 (/opt/ros/jazzy/share/rosidl_generator_dds_idl/cmake)\n'}
[2.246286] (unitree_api) StdoutLine: {'line': b'-- Found rosidl_generator_dds_idl: 0.11.1 (/opt/ros/jazzy/share/rosidl_generator_dds_idl/cmake)\n'}
[2.310961] (-) TimerEvent: {}
[2.411675] (-) TimerEvent: {}
[2.512503] (-) TimerEvent: {}
[2.613233] (-) TimerEvent: {}
[2.713804] (-) TimerEvent: {}
[2.814335] (-) TimerEvent: {}
[2.914911] (-) TimerEvent: {}
[3.016864] (-) TimerEvent: {}
[3.117460] (-) TimerEvent: {}
[3.219394] (-) TimerEvent: {}
[3.320231] (-) TimerEvent: {}
[3.420888] (-) TimerEvent: {}
[3.523411] (-) TimerEvent: {}
[3.546698] (unitree_api) StdoutLine: {'line': b'-- Found ament_cmake_ros: 0.12.0 (/opt/ros/jazzy/share/ament_cmake_ros/cmake)\n'}
[3.595623] (unitree_hg) StdoutLine: {'line': b'-- Found ament_cmake_ros: 0.12.0 (/opt/ros/jazzy/share/ament_cmake_ros/cmake)\n'}
[3.623546] (-) TimerEvent: {}
[3.724101] (-) TimerEvent: {}
[3.742193] (unitree_go) StdoutLine: {'line': b'-- Found ament_cmake_ros: 0.12.0 (/opt/ros/jazzy/share/ament_cmake_ros/cmake)\n'}
[3.824240] (-) TimerEvent: {}
[3.924813] (-) TimerEvent: {}
[4.025365] (-) TimerEvent: {}
[4.126698] (-) TimerEvent: {}
[4.228087] (-) TimerEvent: {}
[4.329904] (-) TimerEvent: {}
[4.430520] (-) TimerEvent: {}
[4.531151] (-) TimerEvent: {}
[4.631746] (-) TimerEvent: {}
[4.732278] (-) TimerEvent: {}
[4.833154] (-) TimerEvent: {}
[4.933959] (-) TimerEvent: {}
[5.034517] (-) TimerEvent: {}
[5.136395] (-) TimerEvent: {}
[5.197098] (unitree_api) StdoutLine: {'line': b'-- Using all available rosidl_typesupport_c: rosidl_typesupport_fastrtps_c;rosidl_typesupport_introspection_c\n'}
[5.236536] (-) TimerEvent: {}
[5.255094] (unitree_hg) StdoutLine: {'line': b'-- Using all available rosidl_typesupport_c: rosidl_typesupport_fastrtps_c;rosidl_typesupport_introspection_c\n'}
[5.336686] (-) TimerEvent: {}
[5.386097] (unitree_go) StdoutLine: {'line': b'-- Using all available rosidl_typesupport_c: rosidl_typesupport_fastrtps_c;rosidl_typesupport_introspection_c\n'}
[5.438710] (-) TimerEvent: {}
[5.540056] (-) TimerEvent: {}
[5.642084] (-) TimerEvent: {}
[5.742631] (-) TimerEvent: {}
[5.844320] (-) TimerEvent: {}
[5.850308] (unitree_api) StdoutLine: {'line': b'-- Using all available rosidl_typesupport_cpp: rosidl_typesupport_fastrtps_cpp;rosidl_typesupport_introspection_cpp\n'}
[5.883762] (unitree_api) StdoutLine: {'line': b'-- Found python_cmake_module: 0.11.1 (/opt/ros/jazzy/share/python_cmake_module/cmake)\n'}
[5.904975] (unitree_hg) StdoutLine: {'line': b'-- Using all available rosidl_typesupport_cpp: rosidl_typesupport_fastrtps_cpp;rosidl_typesupport_introspection_cpp\n'}
[5.917075] (unitree_hg) StdoutLine: {'line': b'-- Found python_cmake_module: 0.11.1 (/opt/ros/jazzy/share/python_cmake_module/cmake)\n'}
[5.944475] (-) TimerEvent: {}
[6.046100] (-) TimerEvent: {}
[6.048090] (unitree_go) StdoutLine: {'line': b'-- Using all available rosidl_typesupport_cpp: rosidl_typesupport_fastrtps_cpp;rosidl_typesupport_introspection_cpp\n'}
[6.062123] (unitree_go) StdoutLine: {'line': b'-- Found python_cmake_module: 0.11.1 (/opt/ros/jazzy/share/python_cmake_module/cmake)\n'}
[6.135415] (unitree_api) StdoutLine: {'line': b'-- Found PythonExtra: /usr/bin/python3  \n'}
[6.146249] (-) TimerEvent: {}
[6.180025] (unitree_hg) StdoutLine: {'line': b'-- Found PythonExtra: /usr/bin/python3  \n'}
[6.246420] (-) TimerEvent: {}
[6.333769] (unitree_go) StdoutLine: {'line': b'-- Found PythonExtra: /usr/bin/python3  \n'}
[6.346594] (-) TimerEvent: {}
[6.450590] (-) TimerEvent: {}
[6.552455] (-) TimerEvent: {}
[6.653329] (-) TimerEvent: {}
[6.753889] (-) TimerEvent: {}
[6.855033] (-) TimerEvent: {}
[6.955624] (-) TimerEvent: {}
[7.056729] (-) TimerEvent: {}
[7.147927] (unitree_api) StdoutLine: {'line': b'-- Found Python3: /usr/bin/python3 (found version "3.12.3") found components: Interpreter Development NumPy Development.Module Development.Embed \n'}
[7.156896] (-) TimerEvent: {}
[7.208485] (unitree_hg) StdoutLine: {'line': b'-- Found Python3: /usr/bin/python3 (found version "3.12.3") found components: Interpreter Development NumPy Development.Module Development.Embed \n'}
[7.257071] (-) TimerEvent: {}
[7.311776] (unitree_go) StdoutLine: {'line': b'-- Found Python3: /usr/bin/python3 (found version "3.12.3") found components: Interpreter Development NumPy Development.Module Development.Embed \n'}
[7.357260] (-) TimerEvent: {}
[7.390502] (unitree_api) StdoutLine: {'line': b'-- Found Python3: /usr/bin/python3 (found version "3.12.3") found components: Interpreter \n'}
[7.449521] (unitree_hg) StdoutLine: {'line': b'-- Found Python3: /usr/bin/python3 (found version "3.12.3") found components: Interpreter \n'}
[7.457367] (-) TimerEvent: {}
[7.467511] (unitree_api) StdoutLine: {'line': b'-- Found ament_lint_auto: 0.17.5 (/opt/ros/jazzy/share/ament_lint_auto/cmake)\n'}
[7.530493] (unitree_hg) StdoutLine: {'line': b'-- Found ament_lint_auto: 0.17.5 (/opt/ros/jazzy/share/ament_lint_auto/cmake)\n'}
[7.556594] (unitree_go) StdoutLine: {'line': b'-- Found Python3: /usr/bin/python3 (found version "3.12.3") found components: Interpreter \n'}
[7.557449] (-) TimerEvent: {}
[7.578350] (unitree_api) StdoutLine: {'line': b"-- Added test 'copyright' to check source files copyright and LICENSE\n"}
[7.584005] (unitree_api) StdoutLine: {'line': b"-- Added test 'lint_cmake' to check CMake code style\n"}
[7.587895] (unitree_api) StdoutLine: {'line': b"-- Added test 'xmllint' to check XML markup files\n"}
[7.597534] (unitree_api) StdoutLine: {'line': b'-- Configuring done (7.5s)\n'}
[7.640655] (unitree_hg) StdoutLine: {'line': b"-- Added test 'copyright' to check source files copyright and LICENSE\n"}
[7.642009] (unitree_go) StdoutLine: {'line': b'-- Found ament_lint_auto: 0.17.5 (/opt/ros/jazzy/share/ament_lint_auto/cmake)\n'}
[7.646190] (unitree_hg) StdoutLine: {'line': b"-- Added test 'lint_cmake' to check CMake code style\n"}
[7.651422] (unitree_hg) StdoutLine: {'line': b"-- Added test 'xmllint' to check XML markup files\n"}
[7.659154] (unitree_hg) StdoutLine: {'line': b'-- Configuring done (7.5s)\n'}
[7.659604] (-) TimerEvent: {}
[7.739418] (unitree_api) StdoutLine: {'line': b'-- Generating done (0.1s)\n'}
[7.755560] (unitree_go) StdoutLine: {'line': b"-- Added test 'copyright' to check source files copyright and LICENSE\n"}
[7.763131] (unitree_go) StdoutLine: {'line': b"-- Added test 'lint_cmake' to check CMake code style\n"}
[7.763658] (-) TimerEvent: {}
[7.768986] (unitree_go) StdoutLine: {'line': b"-- Added test 'xmllint' to check XML markup files\n"}
[7.772875] (unitree_api) StdoutLine: {'line': b'-- Build files have been written to: /home/unitree/go2slam/unitree_ros2/build/unitree_api\n'}
[7.777397] (unitree_go) StdoutLine: {'line': b'-- Configuring done (7.7s)\n'}
[7.802132] (unitree_api) CommandEnded: {'returncode': 0}
[7.804929] (unitree_api) JobProgress: {'identifier': 'unitree_api', 'progress': 'build'}
[7.805022] (unitree_api) Command: {'cmd': ['/usr/bin/cmake', '--build', '/home/unitree/go2slam/unitree_ros2/build/unitree_api', '--', '-j6', '-l6'], 'cwd': '/home/unitree/go2slam/unitree_ros2/build/unitree_api', 'env': OrderedDict({'GZ_CONFIG_PATH': '/opt/ros/jazzy/opt/gz_sim_vendor/share/gz:/opt/ros/jazzy/opt/sdformat_vendor/share/gz:/opt/ros/jazzy/opt/gz_gui_vendor/share/gz:/opt/ros/jazzy/opt/gz_transport_vendor/share/gz:/opt/ros/jazzy/opt/gz_rendering_vendor/share/gz:/opt/ros/jazzy/opt/gz_plugin_vendor/share/gz:/opt/ros/jazzy/opt/gz_fuel_tools_vendor/share/gz:/opt/ros/jazzy/opt/gz_msgs_vendor/share/gz:/opt/ros/jazzy/opt/gz_common_vendor/share/gz', 'HOSTNAME': 'ubuntu', 'SHLVL': '1', 'LD_LIBRARY_PATH': '/home/unitree/go2slam/unitree_ros2/install/unitree_hg/lib:/home/unitree/go2slam/unitree_ros2/install/unitree_go/lib:/home/unitree/go2slam/unitree_ros2/install/unitree_api/lib:/home/unitree/go2slam/unitree_ros2/install/cyclonedds/lib:/opt/ros/jazzy/opt/gz_sim_vendor/lib:/opt/ros/jazzy/opt/gz_sensors_vendor/lib:/opt/ros/jazzy/opt/gz_physics_vendor/lib:/opt/ros/jazzy/opt/sdformat_vendor/lib:/opt/ros/jazzy/opt/rviz_ogre_vendor/lib:/opt/ros/jazzy/lib/aarch64-linux-gnu:/opt/ros/jazzy/opt/gz_gui_vendor/lib:/opt/ros/jazzy/opt/gz_transport_vendor/lib:/opt/ros/jazzy/opt/gz_rendering_vendor/lib:/opt/ros/jazzy/opt/gz_plugin_vendor/lib:/opt/ros/jazzy/opt/gz_fuel_tools_vendor/lib:/opt/ros/jazzy/opt/gz_msgs_vendor/lib:/opt/ros/jazzy/opt/gz_common_vendor/lib:/opt/ros/jazzy/opt/gz_math_vendor/lib:/opt/ros/jazzy/opt/gz_utils_vendor/lib:/opt/ros/jazzy/opt/gz_tools_vendor/lib:/opt/ros/jazzy/opt/gz_ogre_next_vendor/lib:/opt/ros/jazzy/opt/gz_dartsim_vendor/lib:/opt/ros/jazzy/opt/gz_cmake_vendor/lib:/opt/ros/jazzy/lib', 'HOME': '/root', 'OLDPWD': '/home/unitree/go2slam/unitree_ros2/cyclonedds_ws', 'ROS_PYTHON_VERSION': '3', 'COLCON_PREFIX_PATH': '/home/unitree/go2slam/unitree_ros2/install', 'ROS_DISTRO': 'jazzy', '_': '/usr/bin/colcon', 'ROS_VERSION': '2', 'PKG_CONFIG_PATH': '/home/unitree/go2slam/unitree_ros2/install/cyclonedds/lib/aarch64-linux-gnu/pkgconfig:/home/unitree/go2slam/unitree_ros2/install/cyclonedds/lib/pkgconfig', 'TERM': 'xterm', 'PATH': '/home/unitree/go2slam/unitree_ros2/install/cyclonedds/bin:/opt/ros/jazzy/opt/gz_msgs_vendor/bin:/opt/ros/jazzy/opt/gz_tools_vendor/bin:/opt/ros/jazzy/opt/gz_ogre_next_vendor/bin:/opt/ros/jazzy/bin:/usr/local/sbin:/usr/local/bin:/usr/sbin:/usr/bin:/sbin:/bin', 'DISPLAY': 'unix:1001', 'LANG': 'C.UTF-8', 'LS_COLORS': 'rs=0:di=01;34:ln=01;36:mh=00:pi=40;33:so=01;35:do=01;35:bd=40;33;01:cd=40;33;01:or=40;31;01:mi=00:su=37;41:sg=30;43:ca=00:tw=30;42:ow=34;42:st=37;44:ex=01;32:*.tar=01;31:*.tgz=01;31:*.arc=01;31:*.arj=01;31:*.taz=01;31:*.lha=01;31:*.lz4=01;31:*.lzh=01;31:*.lzma=01;31:*.tlz=01;31:*.txz=01;31:*.tzo=01;31:*.t7z=01;31:*.zip=01;31:*.z=01;31:*.dz=01;31:*.gz=01;31:*.lrz=01;31:*.lz=01;31:*.lzo=01;31:*.xz=01;31:*.zst=01;31:*.tzst=01;31:*.bz2=01;31:*.bz=01;31:*.tbz=01;31:*.tbz2=01;31:*.tz=01;31:*.deb=01;31:*.rpm=01;31:*.jar=01;31:*.war=01;31:*.ear=01;31:*.sar=01;31:*.rar=01;31:*.alz=01;31:*.ace=01;31:*.zoo=01;31:*.cpio=01;31:*.7z=01;31:*.rz=01;31:*.cab=01;31:*.wim=01;31:*.swm=01;31:*.dwm=01;31:*.esd=01;31:*.avif=01;35:*.jpg=01;35:*.jpeg=01;35:*.mjpg=01;35:*.mjpeg=01;35:*.gif=01;35:*.bmp=01;35:*.pbm=01;35:*.pgm=01;35:*.ppm=01;35:*.tga=01;35:*.xbm=01;35:*.xpm=01;35:*.tif=01;35:*.tiff=01;35:*.png=01;35:*.svg=01;35:*.svgz=01;35:*.mng=01;35:*.pcx=01;35:*.mov=01;35:*.mpg=01;35:*.mpeg=01;35:*.m2v=01;35:*.mkv=01;35:*.webm=01;35:*.webp=01;35:*.ogm=01;35:*.mp4=01;35:*.m4v=01;35:*.mp4v=01;35:*.vob=01;35:*.qt=01;35:*.nuv=01;35:*.wmv=01;35:*.asf=01;35:*.rm=01;35:*.rmvb=01;35:*.flc=01;35:*.avi=01;35:*.fli=01;35:*.flv=01;35:*.gl=01;35:*.dl=01;35:*.xcf=01;35:*.xwd=01;35:*.yuv=01;35:*.cgm=01;35:*.emf=01;35:*.ogv=01;35:*.ogx=01;35:*.aac=00;36:*.au=00;36:*.flac=00;36:*.m4a=00;36:*.mid=00;36:*.midi=00;36:*.mka=00;36:*.mp3=00;36:*.mpc=00;36:*.ogg=00;36:*.ra=00;36:*.wav=00;36:*.oga=00;36:*.opus=00;36:*.spx=00;36:*.xspf=00;36:*~=00;90:*#=00;90:*.bak=00;90:*.crdownload=00;90:*.dpkg-dist=00;90:*.dpkg-new=00;90:*.dpkg-old=00;90:*.dpkg-tmp=00;90:*.old=00;90:*.orig=00;90:*.part=00;90:*.rej=00;90:*.rpmnew=00;90:*.rpmorig=00;90:*.rpmsave=00;90:*.swp=00;90:*.tmp=00;90:*.ucf-dist=00;90:*.ucf-new=00;90:*.ucf-old=00;90:', 'AMENT_PREFIX_PATH': '/home/unitree/go2slam/unitree_ros2/install/unitree_hg:/home/unitree/go2slam/unitree_ros2/install/unitree_go:/home/unitree/go2slam/unitree_ros2/install/unitree_api:/opt/ros/jazzy', 'ROS_AUTOMATIC_DISCOVERY_RANGE': 'SUBNET', 'PWD': '/home/unitree/go2slam/unitree_ros2/build/unitree_api', 'LC_ALL': 'C.UTF-8', 'PYTHONPATH': '/home/unitree/go2slam/unitree_ros2/install/unitree_hg/lib/python3.12/site-packages:/home/unitree/go2slam/unitree_ros2/install/unitree_go/lib/python3.12/site-packages:/home/unitree/go2slam/unitree_ros2/install/unitree_api/lib/python3.12/site-packages:/opt/ros/jazzy/lib/python3.12/site-packages', 'COLCON': '1', 'CMAKE_PREFIX_PATH': '/home/unitree/go2slam/unitree_ros2/install/unitree_hg:/home/unitree/go2slam/unitree_ros2/install/unitree_go:/home/unitree/go2slam/unitree_ros2/install/unitree_api:/home/unitree/go2slam/unitree_ros2/install/cyclonedds:/opt/ros/jazzy/opt/gz_sim_vendor:/opt/ros/jazzy/opt/gz_sensors_vendor:/opt/ros/jazzy/opt/gz_physics_vendor:/opt/ros/jazzy/opt/sdformat_vendor:/opt/ros/jazzy/opt/gz_gui_vendor:/opt/ros/jazzy/opt/gz_transport_vendor:/opt/ros/jazzy/opt/gz_rendering_vendor:/opt/ros/jazzy/opt/gz_plugin_vendor:/opt/ros/jazzy/opt/gz_fuel_tools_vendor:/opt/ros/jazzy/opt/gz_msgs_vendor:/opt/ros/jazzy/opt/gz_common_vendor:/opt/ros/jazzy/opt/gz_math_vendor:/opt/ros/jazzy/opt/gz_utils_vendor:/opt/ros/jazzy/opt/gz_tools_vendor:/opt/ros/jazzy/opt/gz_ogre_next_vendor:/opt/ros/jazzy/opt/gz_dartsim_vendor:/opt/ros/jazzy/opt/gz_cmake_vendor:/opt/ros/jazzy'}), 'shell': False}
[7.822010] (unitree_hg) StdoutLine: {'line': b'-- Generating done (0.1s)\n'}
[7.853086] (unitree_hg) StdoutLine: {'line': b'-- Build files have been written to: /home/unitree/go2slam/unitree_ros2/build/unitree_hg\n'}
[7.865387] (-) TimerEvent: {}
[7.883035] (unitree_hg) CommandEnded: {'returncode': 0}
[7.883744] (unitree_hg) JobProgress: {'identifier': 'unitree_hg', 'progress': 'build'}
[7.883801] (unitree_hg) Command: {'cmd': ['/usr/bin/cmake', '--build', '/home/unitree/go2slam/unitree_ros2/build/unitree_hg', '--', '-j6', '-l6'], 'cwd': '/home/unitree/go2slam/unitree_ros2/build/unitree_hg', 'env': OrderedDict({'GZ_CONFIG_PATH': '/opt/ros/jazzy/opt/gz_sim_vendor/share/gz:/opt/ros/jazzy/opt/sdformat_vendor/share/gz:/opt/ros/jazzy/opt/gz_gui_vendor/share/gz:/opt/ros/jazzy/opt/gz_transport_vendor/share/gz:/opt/ros/jazzy/opt/gz_rendering_vendor/share/gz:/opt/ros/jazzy/opt/gz_plugin_vendor/share/gz:/opt/ros/jazzy/opt/gz_fuel_tools_vendor/share/gz:/opt/ros/jazzy/opt/gz_msgs_vendor/share/gz:/opt/ros/jazzy/opt/gz_common_vendor/share/gz', 'HOSTNAME': 'ubuntu', 'SHLVL': '1', 'LD_LIBRARY_PATH': '/home/unitree/go2slam/unitree_ros2/install/unitree_hg/lib:/home/unitree/go2slam/unitree_ros2/install/unitree_go/lib:/home/unitree/go2slam/unitree_ros2/install/unitree_api/lib:/home/unitree/go2slam/unitree_ros2/install/cyclonedds/lib:/opt/ros/jazzy/opt/gz_sim_vendor/lib:/opt/ros/jazzy/opt/gz_sensors_vendor/lib:/opt/ros/jazzy/opt/gz_physics_vendor/lib:/opt/ros/jazzy/opt/sdformat_vendor/lib:/opt/ros/jazzy/opt/rviz_ogre_vendor/lib:/opt/ros/jazzy/lib/aarch64-linux-gnu:/opt/ros/jazzy/opt/gz_gui_vendor/lib:/opt/ros/jazzy/opt/gz_transport_vendor/lib:/opt/ros/jazzy/opt/gz_rendering_vendor/lib:/opt/ros/jazzy/opt/gz_plugin_vendor/lib:/opt/ros/jazzy/opt/gz_fuel_tools_vendor/lib:/opt/ros/jazzy/opt/gz_msgs_vendor/lib:/opt/ros/jazzy/opt/gz_common_vendor/lib:/opt/ros/jazzy/opt/gz_math_vendor/lib:/opt/ros/jazzy/opt/gz_utils_vendor/lib:/opt/ros/jazzy/opt/gz_tools_vendor/lib:/opt/ros/jazzy/opt/gz_ogre_next_vendor/lib:/opt/ros/jazzy/opt/gz_dartsim_vendor/lib:/opt/ros/jazzy/opt/gz_cmake_vendor/lib:/opt/ros/jazzy/lib', 'HOME': '/root', 'OLDPWD': '/home/unitree/go2slam/unitree_ros2/cyclonedds_ws', 'ROS_PYTHON_VERSION': '3', 'COLCON_PREFIX_PATH': '/home/unitree/go2slam/unitree_ros2/install', 'ROS_DISTRO': 'jazzy', '_': '/usr/bin/colcon', 'ROS_VERSION': '2', 'PKG_CONFIG_PATH': '/home/unitree/go2slam/unitree_ros2/install/cyclonedds/lib/aarch64-linux-gnu/pkgconfig:/home/unitree/go2slam/unitree_ros2/install/cyclonedds/lib/pkgconfig', 'TERM': 'xterm', 'PATH': '/home/unitree/go2slam/unitree_ros2/install/cyclonedds/bin:/opt/ros/jazzy/opt/gz_msgs_vendor/bin:/opt/ros/jazzy/opt/gz_tools_vendor/bin:/opt/ros/jazzy/opt/gz_ogre_next_vendor/bin:/opt/ros/jazzy/bin:/usr/local/sbin:/usr/local/bin:/usr/sbin:/usr/bin:/sbin:/bin', 'DISPLAY': 'unix:1001', 'LANG': 'C.UTF-8', 'LS_COLORS': 'rs=0:di=01;34:ln=01;36:mh=00:pi=40;33:so=01;35:do=01;35:bd=40;33;01:cd=40;33;01:or=40;31;01:mi=00:su=37;41:sg=30;43:ca=00:tw=30;42:ow=34;42:st=37;44:ex=01;32:*.tar=01;31:*.tgz=01;31:*.arc=01;31:*.arj=01;31:*.taz=01;31:*.lha=01;31:*.lz4=01;31:*.lzh=01;31:*.lzma=01;31:*.tlz=01;31:*.txz=01;31:*.tzo=01;31:*.t7z=01;31:*.zip=01;31:*.z=01;31:*.dz=01;31:*.gz=01;31:*.lrz=01;31:*.lz=01;31:*.lzo=01;31:*.xz=01;31:*.zst=01;31:*.tzst=01;31:*.bz2=01;31:*.bz=01;31:*.tbz=01;31:*.tbz2=01;31:*.tz=01;31:*.deb=01;31:*.rpm=01;31:*.jar=01;31:*.war=01;31:*.ear=01;31:*.sar=01;31:*.rar=01;31:*.alz=01;31:*.ace=01;31:*.zoo=01;31:*.cpio=01;31:*.7z=01;31:*.rz=01;31:*.cab=01;31:*.wim=01;31:*.swm=01;31:*.dwm=01;31:*.esd=01;31:*.avif=01;35:*.jpg=01;35:*.jpeg=01;35:*.mjpg=01;35:*.mjpeg=01;35:*.gif=01;35:*.bmp=01;35:*.pbm=01;35:*.pgm=01;35:*.ppm=01;35:*.tga=01;35:*.xbm=01;35:*.xpm=01;35:*.tif=01;35:*.tiff=01;35:*.png=01;35:*.svg=01;35:*.svgz=01;35:*.mng=01;35:*.pcx=01;35:*.mov=01;35:*.mpg=01;35:*.mpeg=01;35:*.m2v=01;35:*.mkv=01;35:*.webm=01;35:*.webp=01;35:*.ogm=01;35:*.mp4=01;35:*.m4v=01;35:*.mp4v=01;35:*.vob=01;35:*.qt=01;35:*.nuv=01;35:*.wmv=01;35:*.asf=01;35:*.rm=01;35:*.rmvb=01;35:*.flc=01;35:*.avi=01;35:*.fli=01;35:*.flv=01;35:*.gl=01;35:*.dl=01;35:*.xcf=01;35:*.xwd=01;35:*.yuv=01;35:*.cgm=01;35:*.emf=01;35:*.ogv=01;35:*.ogx=01;35:*.aac=00;36:*.au=00;36:*.flac=00;36:*.m4a=00;36:*.mid=00;36:*.midi=00;36:*.mka=00;36:*.mp3=00;36:*.mpc=00;36:*.ogg=00;36:*.ra=00;36:*.wav=00;36:*.oga=00;36:*.opus=00;36:*.spx=00;36:*.xspf=00;36:*~=00;90:*#=00;90:*.bak=00;90:*.crdownload=00;90:*.dpkg-dist=00;90:*.dpkg-new=00;90:*.dpkg-old=00;90:*.dpkg-tmp=00;90:*.old=00;90:*.orig=00;90:*.part=00;90:*.rej=00;90:*.rpmnew=00;90:*.rpmorig=00;90:*.rpmsave=00;90:*.swp=00;90:*.tmp=00;90:*.ucf-dist=00;90:*.ucf-new=00;90:*.ucf-old=00;90:', 'AMENT_PREFIX_PATH': '/home/unitree/go2slam/unitree_ros2/install/unitree_hg:/home/unitree/go2slam/unitree_ros2/install/unitree_go:/home/unitree/go2slam/unitree_ros2/install/unitree_api:/opt/ros/jazzy', 'ROS_AUTOMATIC_DISCOVERY_RANGE': 'SUBNET', 'PWD': '/home/unitree/go2slam/unitree_ros2/build/unitree_hg', 'LC_ALL': 'C.UTF-8', 'PYTHONPATH': '/home/unitree/go2slam/unitree_ros2/install/unitree_hg/lib/python3.12/site-packages:/home/unitree/go2slam/unitree_ros2/install/unitree_go/lib/python3.12/site-packages:/home/unitree/go2slam/unitree_ros2/install/unitree_api/lib/python3.12/site-packages:/opt/ros/jazzy/lib/python3.12/site-packages', 'COLCON': '1', 'CMAKE_PREFIX_PATH': '/home/unitree/go2slam/unitree_ros2/install/unitree_hg:/home/unitree/go2slam/unitree_ros2/install/unitree_go:/home/unitree/go2slam/unitree_ros2/install/unitree_api:/home/unitree/go2slam/unitree_ros2/install/cyclonedds:/opt/ros/jazzy/opt/gz_sim_vendor:/opt/ros/jazzy/opt/gz_sensors_vendor:/opt/ros/jazzy/opt/gz_physics_vendor:/opt/ros/jazzy/opt/sdformat_vendor:/opt/ros/jazzy/opt/gz_gui_vendor:/opt/ros/jazzy/opt/gz_transport_vendor:/opt/ros/jazzy/opt/gz_rendering_vendor:/opt/ros/jazzy/opt/gz_plugin_vendor:/opt/ros/jazzy/opt/gz_fuel_tools_vendor:/opt/ros/jazzy/opt/gz_msgs_vendor:/opt/ros/jazzy/opt/gz_common_vendor:/opt/ros/jazzy/opt/gz_math_vendor:/opt/ros/jazzy/opt/gz_utils_vendor:/opt/ros/jazzy/opt/gz_tools_vendor:/opt/ros/jazzy/opt/gz_ogre_next_vendor:/opt/ros/jazzy/opt/gz_dartsim_vendor:/opt/ros/jazzy/opt/gz_cmake_vendor:/opt/ros/jazzy'}), 'shell': False}
[7.970270] (-) TimerEvent: {}
[7.989559] (unitree_api) StdoutLine: {'line': b'[  1%] \x1b[34m\x1b[1mGenerating Rust code for ROS interfaces\x1b[0m\n'}
[8.005413] (unitree_go) StdoutLine: {'line': b'-- Generating done (0.2s)\n'}
[8.027094] (unitree_api) StdoutLine: {'line': b'[  2%] \x1b[34m\x1b[1mGenerating type hashes for ROS interfaces\x1b[0m\n'}
[8.045414] (unitree_api) StdoutLine: {'line': b'[  2%] Built target ament_cmake_python_copy_unitree_api\n'}
[8.063149] (unitree_api) StdoutLine: {'line': b'[  3%] \x1b[34m\x1b[1mGenerating DDS interfaces\x1b[0m\n'}
[8.070441] (-) TimerEvent: {}
[8.088864] (unitree_go) StdoutLine: {'line': b'-- Build files have been written to: /home/unitree/go2slam/unitree_ros2/build/unitree_go\n'}
[8.097019] (unitree_hg) StdoutLine: {'line': b'[  1%] \x1b[34m\x1b[1mGenerating Rust code for ROS interfaces\x1b[0m\n'}
[8.164233] (unitree_hg) StdoutLine: {'line': b'[  2%] \x1b[34m\x1b[1mGenerating DDS interfaces\x1b[0m\n'}
[8.166375] (unitree_hg) StdoutLine: {'line': b'[  3%] \x1b[34m\x1b[1mGenerating type hashes for ROS interfaces\x1b[0m\n'}
[8.170596] (-) TimerEvent: {}
[8.181422] (unitree_go) CommandEnded: {'returncode': 0}
[8.182152] (unitree_go) JobProgress: {'identifier': 'unitree_go', 'progress': 'build'}
[8.182206] (unitree_go) Command: {'cmd': ['/usr/bin/cmake', '--build', '/home/unitree/go2slam/unitree_ros2/build/unitree_go', '--', '-j6', '-l6'], 'cwd': '/home/unitree/go2slam/unitree_ros2/build/unitree_go', 'env': OrderedDict({'GZ_CONFIG_PATH': '/opt/ros/jazzy/opt/gz_sim_vendor/share/gz:/opt/ros/jazzy/opt/sdformat_vendor/share/gz:/opt/ros/jazzy/opt/gz_gui_vendor/share/gz:/opt/ros/jazzy/opt/gz_transport_vendor/share/gz:/opt/ros/jazzy/opt/gz_rendering_vendor/share/gz:/opt/ros/jazzy/opt/gz_plugin_vendor/share/gz:/opt/ros/jazzy/opt/gz_fuel_tools_vendor/share/gz:/opt/ros/jazzy/opt/gz_msgs_vendor/share/gz:/opt/ros/jazzy/opt/gz_common_vendor/share/gz', 'HOSTNAME': 'ubuntu', 'SHLVL': '1', 'LD_LIBRARY_PATH': '/home/unitree/go2slam/unitree_ros2/install/unitree_hg/lib:/home/unitree/go2slam/unitree_ros2/install/unitree_go/lib:/home/unitree/go2slam/unitree_ros2/install/unitree_api/lib:/home/unitree/go2slam/unitree_ros2/install/cyclonedds/lib:/opt/ros/jazzy/opt/gz_sim_vendor/lib:/opt/ros/jazzy/opt/gz_sensors_vendor/lib:/opt/ros/jazzy/opt/gz_physics_vendor/lib:/opt/ros/jazzy/opt/sdformat_vendor/lib:/opt/ros/jazzy/opt/rviz_ogre_vendor/lib:/opt/ros/jazzy/lib/aarch64-linux-gnu:/opt/ros/jazzy/opt/gz_gui_vendor/lib:/opt/ros/jazzy/opt/gz_transport_vendor/lib:/opt/ros/jazzy/opt/gz_rendering_vendor/lib:/opt/ros/jazzy/opt/gz_plugin_vendor/lib:/opt/ros/jazzy/opt/gz_fuel_tools_vendor/lib:/opt/ros/jazzy/opt/gz_msgs_vendor/lib:/opt/ros/jazzy/opt/gz_common_vendor/lib:/opt/ros/jazzy/opt/gz_math_vendor/lib:/opt/ros/jazzy/opt/gz_utils_vendor/lib:/opt/ros/jazzy/opt/gz_tools_vendor/lib:/opt/ros/jazzy/opt/gz_ogre_next_vendor/lib:/opt/ros/jazzy/opt/gz_dartsim_vendor/lib:/opt/ros/jazzy/opt/gz_cmake_vendor/lib:/opt/ros/jazzy/lib', 'HOME': '/root', 'OLDPWD': '/home/unitree/go2slam/unitree_ros2/cyclonedds_ws', 'ROS_PYTHON_VERSION': '3', 'COLCON_PREFIX_PATH': '/home/unitree/go2slam/unitree_ros2/install', 'ROS_DISTRO': 'jazzy', '_': '/usr/bin/colcon', 'ROS_VERSION': '2', 'PKG_CONFIG_PATH': '/home/unitree/go2slam/unitree_ros2/install/cyclonedds/lib/aarch64-linux-gnu/pkgconfig:/home/unitree/go2slam/unitree_ros2/install/cyclonedds/lib/pkgconfig', 'TERM': 'xterm', 'PATH': '/home/unitree/go2slam/unitree_ros2/install/cyclonedds/bin:/opt/ros/jazzy/opt/gz_msgs_vendor/bin:/opt/ros/jazzy/opt/gz_tools_vendor/bin:/opt/ros/jazzy/opt/gz_ogre_next_vendor/bin:/opt/ros/jazzy/bin:/usr/local/sbin:/usr/local/bin:/usr/sbin:/usr/bin:/sbin:/bin', 'DISPLAY': 'unix:1001', 'LANG': 'C.UTF-8', 'LS_COLORS': 'rs=0:di=01;34:ln=01;36:mh=00:pi=40;33:so=01;35:do=01;35:bd=40;33;01:cd=40;33;01:or=40;31;01:mi=00:su=37;41:sg=30;43:ca=00:tw=30;42:ow=34;42:st=37;44:ex=01;32:*.tar=01;31:*.tgz=01;31:*.arc=01;31:*.arj=01;31:*.taz=01;31:*.lha=01;31:*.lz4=01;31:*.lzh=01;31:*.lzma=01;31:*.tlz=01;31:*.txz=01;31:*.tzo=01;31:*.t7z=01;31:*.zip=01;31:*.z=01;31:*.dz=01;31:*.gz=01;31:*.lrz=01;31:*.lz=01;31:*.lzo=01;31:*.xz=01;31:*.zst=01;31:*.tzst=01;31:*.bz2=01;31:*.bz=01;31:*.tbz=01;31:*.tbz2=01;31:*.tz=01;31:*.deb=01;31:*.rpm=01;31:*.jar=01;31:*.war=01;31:*.ear=01;31:*.sar=01;31:*.rar=01;31:*.alz=01;31:*.ace=01;31:*.zoo=01;31:*.cpio=01;31:*.7z=01;31:*.rz=01;31:*.cab=01;31:*.wim=01;31:*.swm=01;31:*.dwm=01;31:*.esd=01;31:*.avif=01;35:*.jpg=01;35:*.jpeg=01;35:*.mjpg=01;35:*.mjpeg=01;35:*.gif=01;35:*.bmp=01;35:*.pbm=01;35:*.pgm=01;35:*.ppm=01;35:*.tga=01;35:*.xbm=01;35:*.xpm=01;35:*.tif=01;35:*.tiff=01;35:*.png=01;35:*.svg=01;35:*.svgz=01;35:*.mng=01;35:*.pcx=01;35:*.mov=01;35:*.mpg=01;35:*.mpeg=01;35:*.m2v=01;35:*.mkv=01;35:*.webm=01;35:*.webp=01;35:*.ogm=01;35:*.mp4=01;35:*.m4v=01;35:*.mp4v=01;35:*.vob=01;35:*.qt=01;35:*.nuv=01;35:*.wmv=01;35:*.asf=01;35:*.rm=01;35:*.rmvb=01;35:*.flc=01;35:*.avi=01;35:*.fli=01;35:*.flv=01;35:*.gl=01;35:*.dl=01;35:*.xcf=01;35:*.xwd=01;35:*.yuv=01;35:*.cgm=01;35:*.emf=01;35:*.ogv=01;35:*.ogx=01;35:*.aac=00;36:*.au=00;36:*.flac=00;36:*.m4a=00;36:*.mid=00;36:*.midi=00;36:*.mka=00;36:*.mp3=00;36:*.mpc=00;36:*.ogg=00;36:*.ra=00;36:*.wav=00;36:*.oga=00;36:*.opus=00;36:*.spx=00;36:*.xspf=00;36:*~=00;90:*#=00;90:*.bak=00;90:*.crdownload=00;90:*.dpkg-dist=00;90:*.dpkg-new=00;90:*.dpkg-old=00;90:*.dpkg-tmp=00;90:*.old=00;90:*.orig=00;90:*.part=00;90:*.rej=00;90:*.rpmnew=00;90:*.rpmorig=00;90:*.rpmsave=00;90:*.swp=00;90:*.tmp=00;90:*.ucf-dist=00;90:*.ucf-new=00;90:*.ucf-old=00;90:', 'AMENT_PREFIX_PATH': '/home/unitree/go2slam/unitree_ros2/install/unitree_hg:/home/unitree/go2slam/unitree_ros2/install/unitree_go:/home/unitree/go2slam/unitree_ros2/install/unitree_api:/opt/ros/jazzy', 'ROS_AUTOMATIC_DISCOVERY_RANGE': 'SUBNET', 'PWD': '/home/unitree/go2slam/unitree_ros2/build/unitree_go', 'LC_ALL': 'C.UTF-8', 'PYTHONPATH': '/home/unitree/go2slam/unitree_ros2/install/unitree_hg/lib/python3.12/site-packages:/home/unitree/go2slam/unitree_ros2/install/unitree_go/lib/python3.12/site-packages:/home/unitree/go2slam/unitree_ros2/install/unitree_api/lib/python3.12/site-packages:/opt/ros/jazzy/lib/python3.12/site-packages', 'COLCON': '1', 'CMAKE_PREFIX_PATH': '/home/unitree/go2slam/unitree_ros2/install/unitree_hg:/home/unitree/go2slam/unitree_ros2/install/unitree_go:/home/unitree/go2slam/unitree_ros2/install/unitree_api:/home/unitree/go2slam/unitree_ros2/install/cyclonedds:/opt/ros/jazzy/opt/gz_sim_vendor:/opt/ros/jazzy/opt/gz_sensors_vendor:/opt/ros/jazzy/opt/gz_physics_vendor:/opt/ros/jazzy/opt/sdformat_vendor:/opt/ros/jazzy/opt/gz_gui_vendor:/opt/ros/jazzy/opt/gz_transport_vendor:/opt/ros/jazzy/opt/gz_rendering_vendor:/opt/ros/jazzy/opt/gz_plugin_vendor:/opt/ros/jazzy/opt/gz_fuel_tools_vendor:/opt/ros/jazzy/opt/gz_msgs_vendor:/opt/ros/jazzy/opt/gz_common_vendor:/opt/ros/jazzy/opt/gz_math_vendor:/opt/ros/jazzy/opt/gz_utils_vendor:/opt/ros/jazzy/opt/gz_tools_vendor:/opt/ros/jazzy/opt/gz_ogre_next_vendor:/opt/ros/jazzy/opt/gz_dartsim_vendor:/opt/ros/jazzy/opt/gz_cmake_vendor:/opt/ros/jazzy'}), 'shell': False}
[8.206399] (unitree_hg) StdoutLine: {'line': b'[  3%] Built target ament_cmake_python_copy_unitree_hg\n'}
[8.270762] (-) TimerEvent: {}
[8.372603] (-) TimerEvent: {}
[8.458009] (unitree_go) StdoutLine: {'line': b'[  0%] \x1b[34m\x1b[1mGenerating DDS interfaces\x1b[0m\n'}
[8.466292] (unitree_go) StdoutLine: {'line': b'[  0%] \x1b[34m\x1b[1mGenerating Rust code for ROS interfaces\x1b[0m\n'}
[8.472762] (-) TimerEvent: {}
[8.560570] (unitree_go) StdoutLine: {'line': b'[  0%] Built target ament_cmake_python_copy_unitree_go\n'}
[8.572921] (-) TimerEvent: {}
[8.600423] (unitree_go) StdoutLine: {'line': b'[  0%] \x1b[34m\x1b[1mGenerating type hashes for ROS interfaces\x1b[0m\n'}
[8.673070] (-) TimerEvent: {}
[8.773651] (-) TimerEvent: {}
[8.874231] (-) TimerEvent: {}
[8.975728] (-) TimerEvent: {}
[9.077110] (-) TimerEvent: {}
[9.178607] (-) TimerEvent: {}
[9.279964] (-) TimerEvent: {}
[9.381314] (-) TimerEvent: {}
[9.482878] (-) TimerEvent: {}
[9.526880] (unitree_api) StdoutLine: {'line': b'running egg_info\n'}
[9.558864] (unitree_api) StdoutLine: {'line': b'creating unitree_api.egg-info\n'}
[9.583039] (-) TimerEvent: {}
[9.684922] (-) TimerEvent: {}
[9.699719] (unitree_hg) StdoutLine: {'line': b'running egg_info\n'}
[9.711583] (unitree_hg) StdoutLine: {'line': b'creating unitree_hg.egg-info\n'}
[9.719560] (unitree_api) StdoutLine: {'line': b'writing unitree_api.egg-info/PKG-INFO\n'}
[9.720283] (unitree_api) StdoutLine: {'line': b'writing dependency_links to unitree_api.egg-info/dependency_links.txt\n'}
[9.720633] (unitree_api) StdoutLine: {'line': b'writing top-level names to unitree_api.egg-info/top_level.txt\n'}
[9.720942] (unitree_api) StdoutLine: {'line': b"writing manifest file 'unitree_api.egg-info/SOURCES.txt'\n"}
[9.785897] (-) TimerEvent: {}
[9.870688] (unitree_hg) StdoutLine: {'line': b'writing unitree_hg.egg-info/PKG-INFO\n'}
[9.871257] (unitree_hg) StdoutLine: {'line': b'writing dependency_links to unitree_hg.egg-info/dependency_links.txt\n'}
[9.871639] (unitree_hg) StdoutLine: {'line': b'writing top-level names to unitree_hg.egg-info/top_level.txt\n'}
[9.879583] (unitree_hg) StdoutLine: {'line': b"writing manifest file 'unitree_hg.egg-info/SOURCES.txt'\n"}
[9.886072] (-) TimerEvent: {}
[9.987517] (-) TimerEvent: {}
[10.088756] (-) TimerEvent: {}
[10.188429] (unitree_api) StdoutLine: {'line': b"reading manifest file 'unitree_api.egg-info/SOURCES.txt'\n"}
[10.188881] (-) TimerEvent: {}
[10.190502] (unitree_api) StdoutLine: {'line': b"writing manifest file 'unitree_api.egg-info/SOURCES.txt'\n"}
[10.201789] (unitree_hg) StdoutLine: {'line': b"reading manifest file 'unitree_hg.egg-info/SOURCES.txt'\n"}
[10.202860] (unitree_hg) StdoutLine: {'line': b"writing manifest file 'unitree_hg.egg-info/SOURCES.txt'\n"}
[10.274031] (unitree_hg) StdoutLine: {'line': b'[  3%] Built target unitree_hg__rs\n'}
[10.289072] (-) TimerEvent: {}
[10.346800] (unitree_go) StdoutLine: {'line': b'running egg_info\n'}
[10.373221] (unitree_go) StdoutLine: {'line': b'creating unitree_go.egg-info\n'}
[10.375401] (unitree_api) StdoutLine: {'line': b'[  3%] Built target unitree_api__rs\n'}
[10.389213] (-) TimerEvent: {}
[10.417052] (unitree_api) StdoutLine: {'line': b'[  3%] Built target unitree_api__rosidl_generator_type_description\n'}
[10.466802] (unitree_hg) StdoutLine: {'line': b'[  3%] Built target ament_cmake_python_build_unitree_hg_egg\n'}
[10.489379] (-) TimerEvent: {}
[10.499235] (unitree_go) StdoutLine: {'line': b'writing unitree_go.egg-info/PKG-INFO\n'}
[10.507602] (unitree_go) StdoutLine: {'line': b'writing dependency_links to unitree_go.egg-info/dependency_links.txt\n'}
[10.508467] (unitree_go) StdoutLine: {'line': b'writing top-level names to unitree_go.egg-info/top_level.txt\n'}
[10.508899] (unitree_go) StdoutLine: {'line': b"writing manifest file 'unitree_go.egg-info/SOURCES.txt'\n"}
[10.539154] (unitree_api) StdoutLine: {'line': b'[  3%] Built target unitree_api__dds_connext_idl\n'}
[10.571797] (unitree_api) StdoutLine: {'line': b'[  3%] Built target ament_cmake_python_build_unitree_api_egg\n'}
[10.589529] (-) TimerEvent: {}
[10.690937] (-) TimerEvent: {}
[10.724877] (unitree_api) StdoutLine: {'line': b'[  3%] \x1b[34m\x1b[1mGenerating C++ code for ROS interfaces\x1b[0m\n'}
[10.733468] (unitree_go) StdoutLine: {'line': b"reading manifest file 'unitree_go.egg-info/SOURCES.txt'\n"}
[10.735369] (unitree_go) StdoutLine: {'line': b"writing manifest file 'unitree_go.egg-info/SOURCES.txt'\n"}
[10.791104] (-) TimerEvent: {}
[10.892023] (-) TimerEvent: {}
[10.948265] (unitree_go) StdoutLine: {'line': b'[  0%] Built target ament_cmake_python_build_unitree_go_egg\n'}
[10.992193] (-) TimerEvent: {}
[11.093618] (-) TimerEvent: {}
[11.194457] (-) TimerEvent: {}
[11.295900] (-) TimerEvent: {}
[11.397519] (-) TimerEvent: {}
[11.499082] (-) TimerEvent: {}
[11.521190] (unitree_hg) StdoutLine: {'line': b'[  3%] Built target unitree_hg__rosidl_generator_type_description\n'}
[11.599253] (-) TimerEvent: {}
[11.699821] (-) TimerEvent: {}
[11.736879] (unitree_hg) StdoutLine: {'line': b'[  3%] Built target unitree_hg__dds_connext_idl\n'}
[11.799979] (-) TimerEvent: {}
[11.893346] (unitree_hg) StdoutLine: {'line': b'[  3%] \x1b[34m\x1b[1mGenerating C++ code for ROS interfaces\x1b[0m\n'}
[11.900123] (-) TimerEvent: {}
[12.001540] (-) TimerEvent: {}
[12.030988] (unitree_go) StdoutLine: {'line': b'[  0%] Built target unitree_go__rs\n'}
[12.101693] (-) TimerEvent: {}
[12.203424] (-) TimerEvent: {}
[12.305041] (-) TimerEvent: {}
[12.407457] (-) TimerEvent: {}
[12.511508] (-) TimerEvent: {}
[12.578363] (unitree_go) StdoutLine: {'line': b'[  0%] Built target unitree_go__rosidl_generator_type_description\n'}
[12.611677] (-) TimerEvent: {}
[12.712538] (-) TimerEvent: {}
[12.812481] (unitree_go) StdoutLine: {'line': b'[  0%] Built target unitree_go__dds_connext_idl\n'}
[12.812983] (-) TimerEvent: {}
[12.867964] (unitree_go) StdoutLine: {'line': b'[  0%] \x1b[34m\x1b[1mGenerating C++ code for ROS interfaces\x1b[0m\n'}
[12.913144] (-) TimerEvent: {}
[13.014948] (-) TimerEvent: {}
[13.115502] (-) TimerEvent: {}
[13.173940] (unitree_api) StdoutLine: {'line': b'[  3%] Built target unitree_api__cpp\n'}
[13.200255] (unitree_api) StdoutLine: {'line': b'[  4%] \x1b[34m\x1b[1mGenerating C code for ROS interfaces\x1b[0m\n'}
[13.215668] (-) TimerEvent: {}
[13.317365] (-) TimerEvent: {}
[13.417879] (-) TimerEvent: {}
[13.518398] (-) TimerEvent: {}
[13.618925] (-) TimerEvent: {}
[13.722013] (-) TimerEvent: {}
[13.822850] (-) TimerEvent: {}
[13.923741] (-) TimerEvent: {}
[14.024552] (-) TimerEvent: {}
[14.125098] (-) TimerEvent: {}
[14.226751] (-) TimerEvent: {}
[14.327663] (-) TimerEvent: {}
[14.428548] (-) TimerEvent: {}
[14.529663] (-) TimerEvent: {}
[14.632085] (-) TimerEvent: {}
[14.643528] (unitree_hg) StdoutLine: {'line': b'[  3%] Built target unitree_hg__cpp\n'}
[14.668671] (unitree_hg) StdoutLine: {'line': b'[  3%] \x1b[34m\x1b[1mGenerating C code for ROS interfaces\x1b[0m\n'}
[14.732257] (-) TimerEvent: {}
[14.833953] (-) TimerEvent: {}
[14.934496] (-) TimerEvent: {}
[15.036474] (-) TimerEvent: {}
[15.137362] (-) TimerEvent: {}
[15.239176] (-) TimerEvent: {}
[15.343225] (-) TimerEvent: {}
[15.443908] (-) TimerEvent: {}
[15.544540] (-) TimerEvent: {}
[15.621103] (unitree_api) StdoutLine: {'line': b'[  5%] \x1b[32mBuilding C object CMakeFiles/unitree_api__rosidl_generator_c.dir/rosidl_generator_c/unitree_api/msg/detail/request__description.c.o\x1b[0m\n'}
[15.644695] (-) TimerEvent: {}
[15.719809] (unitree_api) StdoutLine: {'line': b'[  6%] \x1b[32mBuilding C object CMakeFiles/unitree_api__rosidl_generator_c.dir/rosidl_generator_c/unitree_api/msg/detail/request_header__type_support.c.o\x1b[0m\n'}
[15.744844] (-) TimerEvent: {}
[15.799693] (unitree_api) StdoutLine: {'line': b'[  7%] \x1b[32mBuilding C object CMakeFiles/unitree_api__rosidl_generator_c.dir/rosidl_generator_c/unitree_api/msg/detail/request_identity__description.c.o\x1b[0m\n'}
[15.845011] (-) TimerEvent: {}
[15.888857] (unitree_api) StdoutLine: {'line': b'[  8%] \x1b[32mBuilding C object CMakeFiles/unitree_api__rosidl_generator_c.dir/rosidl_generator_c/unitree_api/msg/detail/request_identity__functions.c.o\x1b[0m\n'}
[15.945438] (-) TimerEvent: {}
[16.012239] (unitree_api) StdoutLine: {'line': b'[  9%] \x1b[32mBuilding C object CMakeFiles/unitree_api__rosidl_generator_c.dir/rosidl_generator_c/unitree_api/msg/detail/request_identity__type_support.c.o\x1b[0m\n'}
[16.045593] (-) TimerEvent: {}
[16.092259] (unitree_api) StdoutLine: {'line': b'[ 10%] \x1b[32mBuilding C object CMakeFiles/unitree_api__rosidl_generator_c.dir/rosidl_generator_c/unitree_api/msg/detail/request_lease__description.c.o\x1b[0m\n'}
[16.145755] (-) TimerEvent: {}
[16.185934] (unitree_api) StdoutLine: {'line': b'[ 11%] \x1b[32mBuilding C object CMakeFiles/unitree_api__rosidl_generator_c.dir/rosidl_generator_c/unitree_api/msg/detail/request_lease__functions.c.o\x1b[0m\n'}
[16.245927] (-) TimerEvent: {}
[16.300436] (unitree_api) StdoutLine: {'line': b'[ 12%] \x1b[32mBuilding C object CMakeFiles/unitree_api__rosidl_generator_c.dir/rosidl_generator_c/unitree_api/msg/detail/request_lease__type_support.c.o\x1b[0m\n'}
[16.346090] (-) TimerEvent: {}
[16.377735] (unitree_api) StdoutLine: {'line': b'[ 13%] \x1b[32mBuilding C object CMakeFiles/unitree_api__rosidl_generator_c.dir/rosidl_generator_c/unitree_api/msg/detail/request_policy__description.c.o\x1b[0m\n'}
[16.446256] (-) TimerEvent: {}
[16.474897] (unitree_api) StdoutLine: {'line': b'[ 13%] \x1b[32mBuilding C object CMakeFiles/unitree_api__rosidl_generator_c.dir/rosidl_generator_c/unitree_api/msg/detail/request_policy__functions.c.o\x1b[0m\n'}
[16.546454] (-) TimerEvent: {}
[16.598375] (unitree_api) StdoutLine: {'line': b'[ 14%] \x1b[32mBuilding C object CMakeFiles/unitree_api__rosidl_generator_c.dir/rosidl_generator_c/unitree_api/msg/detail/request_policy__type_support.c.o\x1b[0m\n'}
[16.646650] (-) TimerEvent: {}
[16.674164] (unitree_api) StdoutLine: {'line': b'[ 15%] \x1b[32mBuilding C object CMakeFiles/unitree_api__rosidl_generator_c.dir/rosidl_generator_c/unitree_api/msg/detail/response__description.c.o\x1b[0m\n'}
[16.746911] (-) TimerEvent: {}
[16.774099] (unitree_api) StdoutLine: {'line': b'[ 16%] \x1b[32mBuilding C object CMakeFiles/unitree_api__rosidl_generator_c.dir/rosidl_generator_c/unitree_api/msg/detail/response__functions.c.o\x1b[0m\n'}
[16.847120] (-) TimerEvent: {}
[16.906701] (unitree_api) StdoutLine: {'line': b'[ 17%] \x1b[32mBuilding C object CMakeFiles/unitree_api__rosidl_generator_c.dir/rosidl_generator_c/unitree_api/msg/detail/response__type_support.c.o\x1b[0m\n'}
[16.947346] (-) TimerEvent: {}
[16.985107] (unitree_api) StdoutLine: {'line': b'[ 18%] \x1b[32mBuilding C object CMakeFiles/unitree_api__rosidl_generator_c.dir/rosidl_generator_c/unitree_api/msg/detail/response_header__description.c.o\x1b[0m\n'}
[17.047471] (-) TimerEvent: {}
[17.099600] (unitree_api) StdoutLine: {'line': b'[ 19%] \x1b[32mBuilding C object CMakeFiles/unitree_api__rosidl_generator_c.dir/rosidl_generator_c/unitree_api/msg/detail/response_header__functions.c.o\x1b[0m\n'}
[17.147673] (-) TimerEvent: {}
[17.212010] (unitree_api) StdoutLine: {'line': b'[ 20%] \x1b[32mBuilding C object CMakeFiles/unitree_api__rosidl_generator_c.dir/rosidl_generator_c/unitree_api/msg/detail/response_header__type_support.c.o\x1b[0m\n'}
[17.247851] (-) TimerEvent: {}
[17.286939] (unitree_api) StdoutLine: {'line': b'[ 21%] \x1b[32mBuilding C object CMakeFiles/unitree_api__rosidl_generator_c.dir/rosidl_generator_c/unitree_api/msg/detail/response_status__description.c.o\x1b[0m\n'}
[17.348030] (-) TimerEvent: {}
[17.376369] (unitree_api) StdoutLine: {'line': b'[ 22%] \x1b[32mBuilding C object CMakeFiles/unitree_api__rosidl_generator_c.dir/rosidl_generator_c/unitree_api/msg/detail/response_status__functions.c.o\x1b[0m\n'}
[17.448222] (-) TimerEvent: {}
[17.484649] (unitree_api) StdoutLine: {'line': b'[ 23%] \x1b[32mBuilding C object CMakeFiles/unitree_api__rosidl_generator_c.dir/rosidl_generator_c/unitree_api/msg/detail/response_status__type_support.c.o\x1b[0m\n'}
[17.548399] (-) TimerEvent: {}
[17.560864] (unitree_api) StdoutLine: {'line': b'[ 24%] \x1b[32mBuilding C object CMakeFiles/unitree_api__rosidl_generator_c.dir/rosidl_generator_c/unitree_api/msg/detail/request_header__functions.c.o\x1b[0m\n'}
[17.648599] (-) TimerEvent: {}
[17.678053] (unitree_api) StdoutLine: {'line': b'[ 25%] \x1b[32mBuilding C object CMakeFiles/unitree_api__rosidl_generator_c.dir/rosidl_generator_c/unitree_api/msg/detail/request_header__description.c.o\x1b[0m\n'}
[17.748807] (-) TimerEvent: {}
[17.775168] (unitree_api) StdoutLine: {'line': b'[ 26%] \x1b[32mBuilding C object CMakeFiles/unitree_api__rosidl_generator_c.dir/rosidl_generator_c/unitree_api/msg/detail/request__type_support.c.o\x1b[0m\n'}
[17.849000] (-) TimerEvent: {}
[17.853822] (unitree_api) StdoutLine: {'line': b'[ 27%] \x1b[32mBuilding C object CMakeFiles/unitree_api__rosidl_generator_c.dir/rosidl_generator_c/unitree_api/msg/detail/request__functions.c.o\x1b[0m\n'}
[17.949182] (-) TimerEvent: {}
[17.972264] (unitree_api) StdoutLine: {'line': b'[ 28%] \x1b[32m\x1b[1mLinking C shared library libunitree_api__rosidl_generator_c.so\x1b[0m\n'}
[18.049551] (-) TimerEvent: {}
[18.078736] (unitree_api) StdoutLine: {'line': b'[ 28%] Built target unitree_api__rosidl_generator_c\n'}
[18.110828] (unitree_api) StdoutLine: {'line': b'[ 29%] \x1b[34m\x1b[1mGenerating C type support for eProsima Fast-RTPS\x1b[0m\n'}
[18.149723] (-) TimerEvent: {}
[18.179023] (unitree_hg) StdoutLine: {'line': b'[  4%] \x1b[32mBuilding C object CMakeFiles/unitree_hg__rosidl_generator_c.dir/rosidl_generator_c/unitree_hg/msg/detail/bms_cmd__description.c.o\x1b[0m\n'}
[18.249889] (-) TimerEvent: {}
[18.269068] (unitree_hg) StdoutLine: {'line': b'[  5%] \x1b[32mBuilding C object CMakeFiles/unitree_hg__rosidl_generator_c.dir/rosidl_generator_c/unitree_hg/msg/detail/bms_state__type_support.c.o\x1b[0m\n'}
[18.350063] (-) TimerEvent: {}
[18.351012] (unitree_hg) StdoutLine: {'line': b'[  6%] \x1b[32mBuilding C object CMakeFiles/unitree_hg__rosidl_generator_c.dir/rosidl_generator_c/unitree_hg/msg/detail/hand_cmd__description.c.o\x1b[0m\n'}
[18.441085] (unitree_hg) StdoutLine: {'line': b'[  6%] \x1b[32mBuilding C object CMakeFiles/unitree_hg__rosidl_generator_c.dir/rosidl_generator_c/unitree_hg/msg/detail/hand_cmd__functions.c.o\x1b[0m\n'}
[18.450233] (-) TimerEvent: {}
[18.459021] (unitree_go) StdoutLine: {'line': b'[  0%] Built target unitree_go__cpp\n'}
[18.487782] (unitree_go) StdoutLine: {'line': b'[  0%] \x1b[34m\x1b[1mGenerating C code for ROS interfaces\x1b[0m\n'}
[18.550398] (-) TimerEvent: {}
[18.559771] (unitree_hg) StdoutLine: {'line': b'[  7%] \x1b[32mBuilding C object CMakeFiles/unitree_hg__rosidl_generator_c.dir/rosidl_generator_c/unitree_hg/msg/detail/hand_cmd__type_support.c.o\x1b[0m\n'}
[18.638749] (unitree_hg) StdoutLine: {'line': b'[  8%] \x1b[32mBuilding C object CMakeFiles/unitree_hg__rosidl_generator_c.dir/rosidl_generator_c/unitree_hg/msg/detail/hand_state__description.c.o\x1b[0m\n'}
[18.650556] (-) TimerEvent: {}
[18.731640] (unitree_hg) StdoutLine: {'line': b'[  9%] \x1b[32mBuilding C object CMakeFiles/unitree_hg__rosidl_generator_c.dir/rosidl_generator_c/unitree_hg/msg/detail/hand_state__functions.c.o\x1b[0m\n'}
[18.750938] (-) TimerEvent: {}
[18.845909] (unitree_hg) StdoutLine: {'line': b'[  9%] \x1b[32mBuilding C object CMakeFiles/unitree_hg__rosidl_generator_c.dir/rosidl_generator_c/unitree_hg/msg/detail/hand_state__type_support.c.o\x1b[0m\n'}
[18.851075] (-) TimerEvent: {}
[18.926251] (unitree_hg) StdoutLine: {'line': b'[ 10%] \x1b[32mBuilding C object CMakeFiles/unitree_hg__rosidl_generator_c.dir/rosidl_generator_c/unitree_hg/msg/detail/imu_state__description.c.o\x1b[0m\n'}
[18.951229] (-) TimerEvent: {}
[19.021797] (unitree_hg) StdoutLine: {'line': b'[ 11%] \x1b[32mBuilding C object CMakeFiles/unitree_hg__rosidl_generator_c.dir/rosidl_generator_c/unitree_hg/msg/detail/imu_state__functions.c.o\x1b[0m\n'}
[19.051477] (-) TimerEvent: {}
[19.137373] (unitree_hg) StdoutLine: {'line': b'[ 11%] \x1b[32mBuilding C object CMakeFiles/unitree_hg__rosidl_generator_c.dir/rosidl_generator_c/unitree_hg/msg/detail/imu_state__type_support.c.o\x1b[0m\n'}
[19.151612] (-) TimerEvent: {}
[19.215441] (unitree_hg) StdoutLine: {'line': b'[ 12%] \x1b[32mBuilding C object CMakeFiles/unitree_hg__rosidl_generator_c.dir/rosidl_generator_c/unitree_hg/msg/detail/low_cmd__description.c.o\x1b[0m\n'}
[19.251773] (-) TimerEvent: {}
[19.309487] (unitree_hg) StdoutLine: {'line': b'[ 13%] \x1b[32mBuilding C object CMakeFiles/unitree_hg__rosidl_generator_c.dir/rosidl_generator_c/unitree_hg/msg/detail/low_cmd__functions.c.o\x1b[0m\n'}
[19.351918] (-) TimerEvent: {}
[19.424329] (unitree_hg) StdoutLine: {'line': b'[ 14%] \x1b[32mBuilding C object CMakeFiles/unitree_hg__rosidl_generator_c.dir/rosidl_generator_c/unitree_hg/msg/detail/low_cmd__type_support.c.o\x1b[0m\n'}
[19.452097] (-) TimerEvent: {}
[19.478054] (unitree_api) StdoutLine: {'line': b'[ 30%] \x1b[32mBuilding CXX object CMakeFiles/unitree_api__rosidl_typesupport_fastrtps_c.dir/rosidl_typesupport_fastrtps_c/unitree_api/msg/detail/request__type_support_c.cpp.o\x1b[0m\n'}
[19.502523] (unitree_hg) StdoutLine: {'line': b'[ 14%] \x1b[32mBuilding C object CMakeFiles/unitree_hg__rosidl_generator_c.dir/rosidl_generator_c/unitree_hg/msg/detail/low_state__description.c.o\x1b[0m\n'}
[19.552253] (-) TimerEvent: {}
[19.596134] (unitree_hg) StdoutLine: {'line': b'[ 15%] \x1b[32mBuilding C object CMakeFiles/unitree_hg__rosidl_generator_c.dir/rosidl_generator_c/unitree_hg/msg/detail/low_state__functions.c.o\x1b[0m\n'}
[19.652458] (-) TimerEvent: {}
[19.727720] (unitree_hg) StdoutLine: {'line': b'[ 16%] \x1b[32mBuilding C object CMakeFiles/unitree_hg__rosidl_generator_c.dir/rosidl_generator_c/unitree_hg/msg/detail/low_state__type_support.c.o\x1b[0m\n'}
[19.752606] (-) TimerEvent: {}
[19.808823] (unitree_hg) StdoutLine: {'line': b'[ 17%] \x1b[32mBuilding C object CMakeFiles/unitree_hg__rosidl_generator_c.dir/rosidl_generator_c/unitree_hg/msg/detail/main_board_state__description.c.o\x1b[0m\n'}
[19.852791] (-) TimerEvent: {}
[19.897070] (unitree_hg) StdoutLine: {'line': b'[ 17%] \x1b[32mBuilding C object CMakeFiles/unitree_hg__rosidl_generator_c.dir/rosidl_generator_c/unitree_hg/msg/detail/main_board_state__functions.c.o\x1b[0m\n'}
[19.952970] (-) TimerEvent: {}
[20.019525] (unitree_hg) StdoutLine: {'line': b'[ 18%] \x1b[32mBuilding C object CMakeFiles/unitree_hg__rosidl_generator_c.dir/rosidl_generator_c/unitree_hg/msg/detail/main_board_state__type_support.c.o\x1b[0m\n'}
[20.053132] (-) TimerEvent: {}
[20.100714] (unitree_hg) StdoutLine: {'line': b'[ 19%] \x1b[32mBuilding C object CMakeFiles/unitree_hg__rosidl_generator_c.dir/rosidl_generator_c/unitree_hg/msg/detail/motor_cmd__description.c.o\x1b[0m\n'}
[20.153315] (-) TimerEvent: {}
[20.191716] (unitree_hg) StdoutLine: {'line': b'[ 20%] \x1b[32mBuilding C object CMakeFiles/unitree_hg__rosidl_generator_c.dir/rosidl_generator_c/unitree_hg/msg/detail/motor_cmd__functions.c.o\x1b[0m\n'}
[20.253483] (-) TimerEvent: {}
[20.309507] (unitree_hg) StdoutLine: {'line': b'[ 20%] \x1b[32mBuilding C object CMakeFiles/unitree_hg__rosidl_generator_c.dir/rosidl_generator_c/unitree_hg/msg/detail/motor_cmd__type_support.c.o\x1b[0m\n'}
[20.353674] (-) TimerEvent: {}
[20.390868] (unitree_hg) StdoutLine: {'line': b'[ 21%] \x1b[32mBuilding C object CMakeFiles/unitree_hg__rosidl_generator_c.dir/rosidl_generator_c/unitree_hg/msg/detail/motor_state__description.c.o\x1b[0m\n'}
[20.453841] (-) TimerEvent: {}
[20.478008] (unitree_hg) StdoutLine: {'line': b'[ 22%] \x1b[32mBuilding C object CMakeFiles/unitree_hg__rosidl_generator_c.dir/rosidl_generator_c/unitree_hg/msg/detail/motor_state__functions.c.o\x1b[0m\n'}
[20.554011] (-) TimerEvent: {}
[20.591781] (unitree_hg) StdoutLine: {'line': b'[ 23%] \x1b[32mBuilding C object CMakeFiles/unitree_hg__rosidl_generator_c.dir/rosidl_generator_c/unitree_hg/msg/detail/motor_state__type_support.c.o\x1b[0m\n'}
[20.600842] (unitree_api) StdoutLine: {'line': b'[ 31%] \x1b[32mBuilding CXX object CMakeFiles/unitree_api__rosidl_typesupport_fastrtps_c.dir/rosidl_typesupport_fastrtps_c/unitree_api/msg/detail/request_header__type_support_c.cpp.o\x1b[0m\n'}
[20.654160] (-) TimerEvent: {}
[20.668644] (unitree_hg) StdoutLine: {'line': b'[ 23%] \x1b[32mBuilding C object CMakeFiles/unitree_hg__rosidl_generator_c.dir/rosidl_generator_c/unitree_hg/msg/detail/press_sensor_state__description.c.o\x1b[0m\n'}
[20.754339] (-) TimerEvent: {}
[20.757460] (unitree_hg) StdoutLine: {'line': b'[ 24%] \x1b[32mBuilding C object CMakeFiles/unitree_hg__rosidl_generator_c.dir/rosidl_generator_c/unitree_hg/msg/detail/press_sensor_state__functions.c.o\x1b[0m\n'}
[20.854507] (-) TimerEvent: {}
[20.879519] (unitree_hg) StdoutLine: {'line': b'[ 25%] \x1b[32mBuilding C object CMakeFiles/unitree_hg__rosidl_generator_c.dir/rosidl_generator_c/unitree_hg/msg/detail/press_sensor_state__type_support.c.o\x1b[0m\n'}
[20.954665] (-) TimerEvent: {}
[20.967637] (unitree_hg) StdoutLine: {'line': b'[ 26%] \x1b[32mBuilding C object CMakeFiles/unitree_hg__rosidl_generator_c.dir/rosidl_generator_c/unitree_hg/msg/detail/bms_state__functions.c.o\x1b[0m\n'}
[21.055494] (-) TimerEvent: {}
[21.094034] (unitree_hg) StdoutLine: {'line': b'[ 26%] \x1b[32mBuilding C object CMakeFiles/unitree_hg__rosidl_generator_c.dir/rosidl_generator_c/unitree_hg/msg/detail/bms_state__description.c.o\x1b[0m\n'}
[21.155658] (-) TimerEvent: {}
[21.188265] (unitree_hg) StdoutLine: {'line': b'[ 27%] \x1b[32mBuilding C object CMakeFiles/unitree_hg__rosidl_generator_c.dir/rosidl_generator_c/unitree_hg/msg/detail/bms_cmd__type_support.c.o\x1b[0m\n'}
[21.255826] (-) TimerEvent: {}
[21.262404] (unitree_hg) StdoutLine: {'line': b'[ 28%] \x1b[32mBuilding C object CMakeFiles/unitree_hg__rosidl_generator_c.dir/rosidl_generator_c/unitree_hg/msg/detail/bms_cmd__functions.c.o\x1b[0m\n'}
[21.356000] (-) TimerEvent: {}
[21.380265] (unitree_hg) StdoutLine: {'line': b'[ 28%] \x1b[32m\x1b[1mLinking C shared library libunitree_hg__rosidl_generator_c.so\x1b[0m\n'}
[21.456167] (-) TimerEvent: {}
[21.475898] (unitree_hg) StdoutLine: {'line': b'[ 28%] Built target unitree_hg__rosidl_generator_c\n'}
[21.503288] (unitree_hg) StdoutLine: {'line': b'[ 29%] \x1b[34m\x1b[1mGenerating C type support for eProsima Fast-RTPS\x1b[0m\n'}
[21.556338] (-) TimerEvent: {}
[21.656896] (-) TimerEvent: {}
[21.664408] (unitree_api) StdoutLine: {'line': b'[ 32%] \x1b[32mBuilding CXX object CMakeFiles/unitree_api__rosidl_typesupport_fastrtps_c.dir/rosidl_typesupport_fastrtps_c/unitree_api/msg/detail/request_identity__type_support_c.cpp.o\x1b[0m\n'}
[21.757064] (-) TimerEvent: {}
[21.857610] (-) TimerEvent: {}
[21.958161] (-) TimerEvent: {}
[22.058731] (-) TimerEvent: {}
[22.159317] (-) TimerEvent: {}
[22.259871] (-) TimerEvent: {}
[22.360447] (-) TimerEvent: {}
[22.461479] (-) TimerEvent: {}
[22.562382] (-) TimerEvent: {}
[22.662960] (-) TimerEvent: {}
[22.705692] (unitree_api) StdoutLine: {'line': b'[ 33%] \x1b[32mBuilding CXX object CMakeFiles/unitree_api__rosidl_typesupport_fastrtps_c.dir/rosidl_typesupport_fastrtps_c/unitree_api/msg/detail/request_lease__type_support_c.cpp.o\x1b[0m\n'}
[22.763128] (-) TimerEvent: {}
[22.863709] (-) TimerEvent: {}
[22.964289] (-) TimerEvent: {}
[23.065183] (-) TimerEvent: {}
[23.165749] (-) TimerEvent: {}
[23.266766] (-) TimerEvent: {}
[23.367426] (-) TimerEvent: {}
[23.469320] (-) TimerEvent: {}
[23.572237] (-) TimerEvent: {}
[23.673180] (-) TimerEvent: {}
[23.753155] (unitree_hg) StdoutLine: {'line': b'[ 30%] \x1b[32mBuilding CXX object CMakeFiles/unitree_hg__rosidl_typesupport_fastrtps_c.dir/rosidl_typesupport_fastrtps_c/unitree_hg/msg/detail/bms_cmd__type_support_c.cpp.o\x1b[0m\n'}
[23.773366] (-) TimerEvent: {}
[23.783977] (unitree_api) StdoutLine: {'line': b'[ 34%] \x1b[32mBuilding CXX object CMakeFiles/unitree_api__rosidl_typesupport_fastrtps_c.dir/rosidl_typesupport_fastrtps_c/unitree_api/msg/detail/request_policy__type_support_c.cpp.o\x1b[0m\n'}
[23.873543] (-) TimerEvent: {}
[23.974453] (-) TimerEvent: {}
[24.075107] (-) TimerEvent: {}
[24.176097] (-) TimerEvent: {}
[24.276757] (-) TimerEvent: {}
[24.377585] (-) TimerEvent: {}
[24.478207] (-) TimerEvent: {}
[24.583011] (-) TimerEvent: {}
[24.685676] (-) TimerEvent: {}
[24.786639] (-) TimerEvent: {}
[24.817366] (unitree_api) StdoutLine: {'line': b'[ 35%] \x1b[32mBuilding CXX object CMakeFiles/unitree_api__rosidl_typesupport_fastrtps_c.dir/rosidl_typesupport_fastrtps_c/unitree_api/msg/detail/response__type_support_c.cpp.o\x1b[0m\n'}
[24.844015] (unitree_hg) StdoutLine: {'line': b'[ 30%] \x1b[32mBuilding CXX object CMakeFiles/unitree_hg__rosidl_typesupport_fastrtps_c.dir/rosidl_typesupport_fastrtps_c/unitree_hg/msg/detail/bms_state__type_support_c.cpp.o\x1b[0m\n'}
[24.886817] (-) TimerEvent: {}
[24.987453] (-) TimerEvent: {}
[25.088123] (-) TimerEvent: {}
[25.188830] (-) TimerEvent: {}
[25.290210] (-) TimerEvent: {}
[25.390893] (-) TimerEvent: {}
[25.491590] (-) TimerEvent: {}
[25.592263] (-) TimerEvent: {}
[25.693818] (-) TimerEvent: {}
[25.794748] (-) TimerEvent: {}
[25.861880] (unitree_go) StdoutLine: {'line': b'[  0%] \x1b[32mBuilding C object CMakeFiles/unitree_go__rosidl_generator_c.dir/rosidl_generator_c/unitree_go/msg/detail/audio_data__description.c.o\x1b[0m\n'}
[25.894937] (-) TimerEvent: {}
[25.899694] (unitree_hg) StdoutLine: {'line': b'[ 31%] \x1b[32mBuilding CXX object CMakeFiles/unitree_hg__rosidl_typesupport_fastrtps_c.dir/rosidl_typesupport_fastrtps_c/unitree_hg/msg/detail/hand_cmd__type_support_c.cpp.o\x1b[0m\n'}
[25.934417] (unitree_api) StdoutLine: {'line': b'[ 36%] \x1b[32mBuilding CXX object CMakeFiles/unitree_api__rosidl_typesupport_fastrtps_c.dir/rosidl_typesupport_fastrtps_c/unitree_api/msg/detail/response_header__type_support_c.cpp.o\x1b[0m\n'}
[25.970468] (unitree_go) StdoutLine: {'line': b'[  0%] \x1b[32mBuilding C object CMakeFiles/unitree_go__rosidl_generator_c.dir/rosidl_generator_c/unitree_go/msg/detail/bms_cmd__type_support.c.o\x1b[0m\n'}
[25.995139] (-) TimerEvent: {}
[26.060890] (unitree_go) StdoutLine: {'line': b'[  1%] \x1b[32mBuilding C object CMakeFiles/unitree_go__rosidl_generator_c.dir/rosidl_generator_c/unitree_go/msg/detail/bms_state__description.c.o\x1b[0m\n'}
[26.095352] (-) TimerEvent: {}
[26.161367] (unitree_go) StdoutLine: {'line': b'[  1%] \x1b[32mBuilding C object CMakeFiles/unitree_go__rosidl_generator_c.dir/rosidl_generator_c/unitree_go/msg/detail/bms_state__functions.c.o\x1b[0m\n'}
[26.195561] (-) TimerEvent: {}
[26.283877] (unitree_go) StdoutLine: {'line': b'[  1%] \x1b[32mBuilding C object CMakeFiles/unitree_go__rosidl_generator_c.dir/rosidl_generator_c/unitree_go/msg/detail/bms_state__type_support.c.o\x1b[0m\n'}
[26.295749] (-) TimerEvent: {}
[26.370130] (unitree_go) StdoutLine: {'line': b'[  2%] \x1b[32mBuilding C object CMakeFiles/unitree_go__rosidl_generator_c.dir/rosidl_generator_c/unitree_go/msg/detail/error__description.c.o\x1b[0m\n'}
[26.395939] (-) TimerEvent: {}
[26.466598] (unitree_go) StdoutLine: {'line': b'[  2%] \x1b[32mBuilding C object CMakeFiles/unitree_go__rosidl_generator_c.dir/rosidl_generator_c/unitree_go/msg/detail/error__functions.c.o\x1b[0m\n'}
[26.496114] (-) TimerEvent: {}
[26.578846] (unitree_go) StdoutLine: {'line': b'[  3%] \x1b[32mBuilding C object CMakeFiles/unitree_go__rosidl_generator_c.dir/rosidl_generator_c/unitree_go/msg/detail/error__type_support.c.o\x1b[0m\n'}
[26.596293] (-) TimerEvent: {}
[26.657339] (unitree_go) StdoutLine: {'line': b'[  3%] \x1b[32mBuilding C object CMakeFiles/unitree_go__rosidl_generator_c.dir/rosidl_generator_c/unitree_go/msg/detail/go2_front_video_data__description.c.o\x1b[0m\n'}
[26.696606] (-) TimerEvent: {}
[26.752394] (unitree_go) StdoutLine: {'line': b'[  3%] \x1b[32mBuilding C object CMakeFiles/unitree_go__rosidl_generator_c.dir/rosidl_generator_c/unitree_go/msg/detail/go2_front_video_data__functions.c.o\x1b[0m\n'}
[26.796792] (-) TimerEvent: {}
[26.871942] (unitree_go) StdoutLine: {'line': b'[  4%] \x1b[32mBuilding C object CMakeFiles/unitree_go__rosidl_generator_c.dir/rosidl_generator_c/unitree_go/msg/detail/go2_front_video_data__type_support.c.o\x1b[0m\n'}
[26.896984] (-) TimerEvent: {}
[26.946129] (unitree_api) StdoutLine: {'line': b'[ 37%] \x1b[32mBuilding CXX object CMakeFiles/unitree_api__rosidl_typesupport_fastrtps_c.dir/rosidl_typesupport_fastrtps_c/unitree_api/msg/detail/response_status__type_support_c.cpp.o\x1b[0m\n'}
[26.953380] (unitree_go) StdoutLine: {'line': b'[  4%] \x1b[32mBuilding C object CMakeFiles/unitree_go__rosidl_generator_c.dir/rosidl_generator_c/unitree_go/msg/detail/height_map__description.c.o\x1b[0m\n'}
[26.988857] (unitree_hg) StdoutLine: {'line': b'[ 32%] \x1b[32mBuilding CXX object CMakeFiles/unitree_hg__rosidl_typesupport_fastrtps_c.dir/rosidl_typesupport_fastrtps_c/unitree_hg/msg/detail/hand_state__type_support_c.cpp.o\x1b[0m\n'}
[26.997123] (-) TimerEvent: {}
[27.060642] (unitree_go) StdoutLine: {'line': b'[  4%] \x1b[32mBuilding C object CMakeFiles/unitree_go__rosidl_generator_c.dir/rosidl_generator_c/unitree_go/msg/detail/height_map__functions.c.o\x1b[0m\n'}
[27.097317] (-) TimerEvent: {}
[27.184825] (unitree_go) StdoutLine: {'line': b'[  5%] \x1b[32mBuilding C object CMakeFiles/unitree_go__rosidl_generator_c.dir/rosidl_generator_c/unitree_go/msg/detail/height_map__type_support.c.o\x1b[0m\n'}
[27.197497] (-) TimerEvent: {}
[27.268552] (unitree_go) StdoutLine: {'line': b'[  5%] \x1b[32mBuilding C object CMakeFiles/unitree_go__rosidl_generator_c.dir/rosidl_generator_c/unitree_go/msg/detail/imu_state__description.c.o\x1b[0m\n'}
[27.298441] (-) TimerEvent: {}
[27.364380] (unitree_go) StdoutLine: {'line': b'[  6%] \x1b[32mBuilding C object CMakeFiles/unitree_go__rosidl_generator_c.dir/rosidl_generator_c/unitree_go/msg/detail/imu_state__functions.c.o\x1b[0m\n'}
[27.399020] (-) TimerEvent: {}
[27.487168] (unitree_go) StdoutLine: {'line': b'[  6%] \x1b[32mBuilding C object CMakeFiles/unitree_go__rosidl_generator_c.dir/rosidl_generator_c/unitree_go/msg/detail/imu_state__type_support.c.o\x1b[0m\n'}
[27.499199] (-) TimerEvent: {}
[27.575798] (unitree_go) StdoutLine: {'line': b'[  6%] \x1b[32mBuilding C object CMakeFiles/unitree_go__rosidl_generator_c.dir/rosidl_generator_c/unitree_go/msg/detail/interface_config__description.c.o\x1b[0m\n'}
[27.599437] (-) TimerEvent: {}
[27.671950] (unitree_go) StdoutLine: {'line': b'[  7%] \x1b[32mBuilding C object CMakeFiles/unitree_go__rosidl_generator_c.dir/rosidl_generator_c/unitree_go/msg/detail/interface_config__functions.c.o\x1b[0m\n'}
[27.699618] (-) TimerEvent: {}
[27.788337] (unitree_go) StdoutLine: {'line': b'[  7%] \x1b[32mBuilding C object CMakeFiles/unitree_go__rosidl_generator_c.dir/rosidl_generator_c/unitree_go/msg/detail/interface_config__type_support.c.o\x1b[0m\n'}
[27.799795] (-) TimerEvent: {}
[27.873321] (unitree_go) StdoutLine: {'line': b'[  7%] \x1b[32mBuilding C object CMakeFiles/unitree_go__rosidl_generator_c.dir/rosidl_generator_c/unitree_go/msg/detail/lidar_state__description.c.o\x1b[0m\n'}
[27.899983] (-) TimerEvent: {}
[27.965594] (unitree_go) StdoutLine: {'line': b'[  8%] \x1b[32mBuilding C object CMakeFiles/unitree_go__rosidl_generator_c.dir/rosidl_generator_c/unitree_go/msg/detail/lidar_state__functions.c.o\x1b[0m\n'}
[27.966217] (unitree_api) StdoutLine: {'line': b'[ 38%] \x1b[32m\x1b[1mLinking CXX shared library libunitree_api__rosidl_typesupport_fastrtps_c.so\x1b[0m\n'}
[28.000146] (-) TimerEvent: {}
[28.100746] (-) TimerEvent: {}
[28.102997] (unitree_go) StdoutLine: {'line': b'[  8%] \x1b[32mBuilding C object CMakeFiles/unitree_go__rosidl_generator_c.dir/rosidl_generator_c/unitree_go/msg/detail/lidar_state__type_support.c.o\x1b[0m\n'}
[28.110129] (unitree_hg) StdoutLine: {'line': b'[ 33%] \x1b[32mBuilding CXX object CMakeFiles/unitree_hg__rosidl_typesupport_fastrtps_c.dir/rosidl_typesupport_fastrtps_c/unitree_hg/msg/detail/imu_state__type_support_c.cpp.o\x1b[0m\n'}
[28.156544] (unitree_api) StdoutLine: {'line': b'[ 38%] Built target unitree_api__rosidl_typesupport_fastrtps_c\n'}
[28.182157] (unitree_api) StdoutLine: {'line': b'[ 39%] \x1b[34m\x1b[1mGenerating C++ type support dispatch for ROS interfaces\x1b[0m\n'}
[28.182807] (unitree_go) StdoutLine: {'line': b'[  9%] \x1b[32mBuilding C object CMakeFiles/unitree_go__rosidl_generator_c.dir/rosidl_generator_c/unitree_go/msg/detail/low_cmd__description.c.o\x1b[0m\n'}
[28.200912] (-) TimerEvent: {}
[28.281474] (unitree_go) StdoutLine: {'line': b'[  9%] \x1b[32mBuilding C object CMakeFiles/unitree_go__rosidl_generator_c.dir/rosidl_generator_c/unitree_go/msg/detail/low_cmd__functions.c.o\x1b[0m\n'}
[28.301061] (-) TimerEvent: {}
[28.401645] (-) TimerEvent: {}
[28.406196] (unitree_go) StdoutLine: {'line': b'[  9%] \x1b[32mBuilding C object CMakeFiles/unitree_go__rosidl_generator_c.dir/rosidl_generator_c/unitree_go/msg/detail/low_cmd__type_support.c.o\x1b[0m\n'}
[28.484546] (unitree_go) StdoutLine: {'line': b'[ 10%] \x1b[32mBuilding C object CMakeFiles/unitree_go__rosidl_generator_c.dir/rosidl_generator_c/unitree_go/msg/detail/low_state__description.c.o\x1b[0m\n'}
[28.501808] (-) TimerEvent: {}
[28.583316] (unitree_go) StdoutLine: {'line': b'[ 10%] \x1b[32mBuilding C object CMakeFiles/unitree_go__rosidl_generator_c.dir/rosidl_generator_c/unitree_go/msg/detail/low_state__functions.c.o\x1b[0m\n'}
[28.601968] (-) TimerEvent: {}
[28.702573] (-) TimerEvent: {}
[28.712615] (unitree_go) StdoutLine: {'line': b'[ 10%] \x1b[32mBuilding C object CMakeFiles/unitree_go__rosidl_generator_c.dir/rosidl_generator_c/unitree_go/msg/detail/low_state__type_support.c.o\x1b[0m\n'}
[28.788915] (unitree_go) StdoutLine: {'line': b'[ 11%] \x1b[32mBuilding C object CMakeFiles/unitree_go__rosidl_generator_c.dir/rosidl_generator_c/unitree_go/msg/detail/motor_cmd__description.c.o\x1b[0m\n'}
[28.803481] (-) TimerEvent: {}
[28.878122] (unitree_go) StdoutLine: {'line': b'[ 11%] \x1b[32mBuilding C object CMakeFiles/unitree_go__rosidl_generator_c.dir/rosidl_generator_c/unitree_go/msg/detail/motor_cmd__functions.c.o\x1b[0m\n'}
[28.903661] (-) TimerEvent: {}
[28.988173] (unitree_go) StdoutLine: {'line': b'[ 12%] \x1b[32mBuilding C object CMakeFiles/unitree_go__rosidl_generator_c.dir/rosidl_generator_c/unitree_go/msg/detail/motor_cmd__type_support.c.o\x1b[0m\n'}
[29.004799] (-) TimerEvent: {}
[29.008759] (unitree_api) StdoutLine: {'line': b'[ 40%] \x1b[32mBuilding CXX object CMakeFiles/unitree_api__rosidl_typesupport_cpp.dir/rosidl_typesupport_cpp/unitree_api/msg/request__type_support.cpp.o\x1b[0m\n'}
[29.073003] (unitree_go) StdoutLine: {'line': b'[ 12%] \x1b[32mBuilding C object CMakeFiles/unitree_go__rosidl_generator_c.dir/rosidl_generator_c/unitree_go/msg/detail/motor_cmds__description.c.o\x1b[0m\n'}
[29.104997] (-) TimerEvent: {}
[29.167000] (unitree_go) StdoutLine: {'line': b'[ 12%] \x1b[32mBuilding C object CMakeFiles/unitree_go__rosidl_generator_c.dir/rosidl_generator_c/unitree_go/msg/detail/motor_cmds__functions.c.o\x1b[0m\n'}
[29.190348] (unitree_hg) StdoutLine: {'line': b'[ 33%] \x1b[32mBuilding CXX object CMakeFiles/unitree_hg__rosidl_typesupport_fastrtps_c.dir/rosidl_typesupport_fastrtps_c/unitree_hg/msg/detail/low_cmd__type_support_c.cpp.o\x1b[0m\n'}
[29.205121] (-) TimerEvent: {}
[29.285814] (unitree_go) StdoutLine: {'line': b'[ 13%] \x1b[32mBuilding C object CMakeFiles/unitree_go__rosidl_generator_c.dir/rosidl_generator_c/unitree_go/msg/detail/motor_cmds__type_support.c.o\x1b[0m\n'}
[29.305336] (-) TimerEvent: {}
[29.372594] (unitree_go) StdoutLine: {'line': b'[ 13%] \x1b[32mBuilding C object CMakeFiles/unitree_go__rosidl_generator_c.dir/rosidl_generator_c/unitree_go/msg/detail/motor_state__description.c.o\x1b[0m\n'}
[29.405509] (-) TimerEvent: {}
[29.469137] (unitree_go) StdoutLine: {'line': b'[ 13%] \x1b[32mBuilding C object CMakeFiles/unitree_go__rosidl_generator_c.dir/rosidl_generator_c/unitree_go/msg/detail/motor_state__functions.c.o\x1b[0m\n'}
[29.505683] (-) TimerEvent: {}
[29.590885] (unitree_go) StdoutLine: {'line': b'[ 14%] \x1b[32mBuilding C object CMakeFiles/unitree_go__rosidl_generator_c.dir/rosidl_generator_c/unitree_go/msg/detail/motor_state__type_support.c.o\x1b[0m\n'}
[29.605829] (-) TimerEvent: {}
[29.677160] (unitree_go) StdoutLine: {'line': b'[ 14%] \x1b[32mBuilding C object CMakeFiles/unitree_go__rosidl_generator_c.dir/rosidl_generator_c/unitree_go/msg/detail/motor_states__description.c.o\x1b[0m\n'}
[29.706034] (-) TimerEvent: {}
[29.761302] (unitree_api) StdoutLine: {'line': b'[ 41%] \x1b[32mBuilding CXX object CMakeFiles/unitree_api__rosidl_typesupport_cpp.dir/rosidl_typesupport_cpp/unitree_api/msg/request_header__type_support.cpp.o\x1b[0m\n'}
[29.768253] (unitree_go) StdoutLine: {'line': b'[ 15%] \x1b[32mBuilding C object CMakeFiles/unitree_go__rosidl_generator_c.dir/rosidl_generator_c/unitree_go/msg/detail/motor_states__functions.c.o\x1b[0m\n'}
[29.806208] (-) TimerEvent: {}
[29.884413] (unitree_go) StdoutLine: {'line': b'[ 15%] \x1b[32mBuilding C object CMakeFiles/unitree_go__rosidl_generator_c.dir/rosidl_generator_c/unitree_go/msg/detail/motor_states__type_support.c.o\x1b[0m\n'}
[29.906393] (-) TimerEvent: {}
[29.964569] (unitree_go) StdoutLine: {'line': b'[ 15%] \x1b[32mBuilding C object CMakeFiles/unitree_go__rosidl_generator_c.dir/rosidl_generator_c/unitree_go/msg/detail/path_point__description.c.o\x1b[0m\n'}
[30.006580] (-) TimerEvent: {}
[30.062401] (unitree_go) StdoutLine: {'line': b'[ 16%] \x1b[32mBuilding C object CMakeFiles/unitree_go__rosidl_generator_c.dir/rosidl_generator_c/unitree_go/msg/detail/path_point__functions.c.o\x1b[0m\n'}
[30.106773] (-) TimerEvent: {}
[30.195097] (unitree_go) StdoutLine: {'line': b'[ 16%] \x1b[32mBuilding C object CMakeFiles/unitree_go__rosidl_generator_c.dir/rosidl_generator_c/unitree_go/msg/detail/path_point__type_support.c.o\x1b[0m\n'}
[30.206963] (-) TimerEvent: {}
[30.252525] (unitree_hg) StdoutLine: {'line': b'[ 34%] \x1b[32mBuilding CXX object CMakeFiles/unitree_hg__rosidl_typesupport_fastrtps_c.dir/rosidl_typesupport_fastrtps_c/unitree_hg/msg/detail/low_state__type_support_c.cpp.o\x1b[0m\n'}
[30.279026] (unitree_go) StdoutLine: {'line': b'[ 16%] \x1b[32mBuilding C object CMakeFiles/unitree_go__rosidl_generator_c.dir/rosidl_generator_c/unitree_go/msg/detail/req__description.c.o\x1b[0m\n'}
[30.307207] (-) TimerEvent: {}
[30.382803] (unitree_go) StdoutLine: {'line': b'[ 17%] \x1b[32mBuilding C object CMakeFiles/unitree_go__rosidl_generator_c.dir/rosidl_generator_c/unitree_go/msg/detail/req__functions.c.o\x1b[0m\n'}
[30.407729] (-) TimerEvent: {}
[30.486927] (unitree_api) StdoutLine: {'line': b'[ 42%] \x1b[32mBuilding CXX object CMakeFiles/unitree_api__rosidl_typesupport_cpp.dir/rosidl_typesupport_cpp/unitree_api/msg/request_identity__type_support.cpp.o\x1b[0m\n'}
[30.507910] (-) TimerEvent: {}
[30.516725] (unitree_go) StdoutLine: {'line': b'[ 17%] \x1b[32mBuilding C object CMakeFiles/unitree_go__rosidl_generator_c.dir/rosidl_generator_c/unitree_go/msg/detail/req__type_support.c.o\x1b[0m\n'}
[30.598177] (unitree_go) StdoutLine: {'line': b'[ 18%] \x1b[32mBuilding C object CMakeFiles/unitree_go__rosidl_generator_c.dir/rosidl_generator_c/unitree_go/msg/detail/res__description.c.o\x1b[0m\n'}
[30.608073] (-) TimerEvent: {}
[30.686856] (unitree_go) StdoutLine: {'line': b'[ 18%] \x1b[32mBuilding C object CMakeFiles/unitree_go__rosidl_generator_c.dir/rosidl_generator_c/unitree_go/msg/detail/res__functions.c.o\x1b[0m\n'}
[30.708299] (-) TimerEvent: {}
[30.801813] (unitree_go) StdoutLine: {'line': b'[ 18%] \x1b[32mBuilding C object CMakeFiles/unitree_go__rosidl_generator_c.dir/rosidl_generator_c/unitree_go/msg/detail/res__type_support.c.o\x1b[0m\n'}
[30.808449] (-) TimerEvent: {}
[30.879560] (unitree_go) StdoutLine: {'line': b'[ 19%] \x1b[32mBuilding C object CMakeFiles/unitree_go__rosidl_generator_c.dir/rosidl_generator_c/unitree_go/msg/detail/sport_mode_cmd__description.c.o\x1b[0m\n'}
[30.908642] (-) TimerEvent: {}
[30.980241] (unitree_go) StdoutLine: {'line': b'[ 19%] \x1b[32mBuilding C object CMakeFiles/unitree_go__rosidl_generator_c.dir/rosidl_generator_c/unitree_go/msg/detail/sport_mode_cmd__functions.c.o\x1b[0m\n'}
[31.008827] (-) TimerEvent: {}
[31.110769] (-) TimerEvent: {}
[31.111647] (unitree_go) StdoutLine: {'line': b'[ 19%] \x1b[32mBuilding C object CMakeFiles/unitree_go__rosidl_generator_c.dir/rosidl_generator_c/unitree_go/msg/detail/sport_mode_cmd__type_support.c.o\x1b[0m\n'}
[31.196873] (unitree_go) StdoutLine: {'line': b'[ 20%] \x1b[32mBuilding C object CMakeFiles/unitree_go__rosidl_generator_c.dir/rosidl_generator_c/unitree_go/msg/detail/sport_mode_state__description.c.o\x1b[0m\n'}
[31.210954] (-) TimerEvent: {}
[31.239430] (unitree_api) StdoutLine: {'line': b'[ 42%] \x1b[32mBuilding CXX object CMakeFiles/unitree_api__rosidl_typesupport_cpp.dir/rosidl_typesupport_cpp/unitree_api/msg/request_lease__type_support.cpp.o\x1b[0m\n'}
[31.291580] (unitree_hg) StdoutLine: {'line': b'[ 35%] \x1b[32mBuilding CXX object CMakeFiles/unitree_hg__rosidl_typesupport_fastrtps_c.dir/rosidl_typesupport_fastrtps_c/unitree_hg/msg/detail/main_board_state__type_support_c.cpp.o\x1b[0m\n'}
[31.295413] (unitree_go) StdoutLine: {'line': b'[ 20%] \x1b[32mBuilding C object CMakeFiles/unitree_go__rosidl_generator_c.dir/rosidl_generator_c/unitree_go/msg/detail/sport_mode_state__functions.c.o\x1b[0m\n'}
[31.311155] (-) TimerEvent: {}
[31.412005] (-) TimerEvent: {}
[31.425085] (unitree_go) StdoutLine: {'line': b'[ 21%] \x1b[32mBuilding C object CMakeFiles/unitree_go__rosidl_generator_c.dir/rosidl_generator_c/unitree_go/msg/detail/sport_mode_state__type_support.c.o\x1b[0m\n'}
[31.509170] (unitree_go) StdoutLine: {'line': b'[ 21%] \x1b[32mBuilding C object CMakeFiles/unitree_go__rosidl_generator_c.dir/rosidl_generator_c/unitree_go/msg/detail/time_spec__description.c.o\x1b[0m\n'}
[31.512125] (-) TimerEvent: {}
[31.603624] (unitree_go) StdoutLine: {'line': b'[ 21%] \x1b[32mBuilding C object CMakeFiles/unitree_go__rosidl_generator_c.dir/rosidl_generator_c/unitree_go/msg/detail/time_spec__functions.c.o\x1b[0m\n'}
[31.612305] (-) TimerEvent: {}
[31.714133] (-) TimerEvent: {}
[31.717677] (unitree_go) StdoutLine: {'line': b'[ 22%] \x1b[32mBuilding C object CMakeFiles/unitree_go__rosidl_generator_c.dir/rosidl_generator_c/unitree_go/msg/detail/time_spec__type_support.c.o\x1b[0m\n'}
[31.794328] (unitree_go) StdoutLine: {'line': b'[ 22%] \x1b[32mBuilding C object CMakeFiles/unitree_go__rosidl_generator_c.dir/rosidl_generator_c/unitree_go/msg/detail/uwb_state__description.c.o\x1b[0m\n'}
[31.817012] (-) TimerEvent: {}
[31.888909] (unitree_go) StdoutLine: {'line': b'[ 22%] \x1b[32mBuilding C object CMakeFiles/unitree_go__rosidl_generator_c.dir/rosidl_generator_c/unitree_go/msg/detail/uwb_state__functions.c.o\x1b[0m\n'}
[31.917202] (-) TimerEvent: {}
[31.999940] (unitree_api) StdoutLine: {'line': b'[ 43%] \x1b[32mBuilding CXX object CMakeFiles/unitree_api__rosidl_typesupport_cpp.dir/rosidl_typesupport_cpp/unitree_api/msg/request_policy__type_support.cpp.o\x1b[0m\n'}
[32.008879] (unitree_go) StdoutLine: {'line': b'[ 23%] \x1b[32mBuilding C object CMakeFiles/unitree_go__rosidl_generator_c.dir/rosidl_generator_c/unitree_go/msg/detail/uwb_state__type_support.c.o\x1b[0m\n'}
[32.017379] (-) TimerEvent: {}
[32.092937] (unitree_go) StdoutLine: {'line': b'[ 23%] \x1b[32mBuilding C object CMakeFiles/unitree_go__rosidl_generator_c.dir/rosidl_generator_c/unitree_go/msg/detail/uwb_switch__description.c.o\x1b[0m\n'}
[32.117559] (-) TimerEvent: {}
[32.191426] (unitree_go) StdoutLine: {'line': b'[ 24%] \x1b[32mBuilding C object CMakeFiles/unitree_go__rosidl_generator_c.dir/rosidl_generator_c/unitree_go/msg/detail/uwb_switch__functions.c.o\x1b[0m\n'}
[32.217741] (-) TimerEvent: {}
[32.308315] (unitree_hg) StdoutLine: {'line': b'[ 35%] \x1b[32mBuilding CXX object CMakeFiles/unitree_hg__rosidl_typesupport_fastrtps_c.dir/rosidl_typesupport_fastrtps_c/unitree_hg/msg/detail/motor_cmd__type_support_c.cpp.o\x1b[0m\n'}
[32.313537] (unitree_go) StdoutLine: {'line': b'[ 24%] \x1b[32mBuilding C object CMakeFiles/unitree_go__rosidl_generator_c.dir/rosidl_generator_c/unitree_go/msg/detail/uwb_switch__type_support.c.o\x1b[0m\n'}
[32.317893] (-) TimerEvent: {}
[32.392040] (unitree_go) StdoutLine: {'line': b'[ 24%] \x1b[32mBuilding C object CMakeFiles/unitree_go__rosidl_generator_c.dir/rosidl_generator_c/unitree_go/msg/detail/wireless_controller__description.c.o\x1b[0m\n'}
[32.418078] (-) TimerEvent: {}
[32.489269] (unitree_go) StdoutLine: {'line': b'[ 25%] \x1b[32mBuilding C object CMakeFiles/unitree_go__rosidl_generator_c.dir/rosidl_generator_c/unitree_go/msg/detail/wireless_controller__functions.c.o\x1b[0m\n'}
[32.518285] (-) TimerEvent: {}
[32.607538] (unitree_go) StdoutLine: {'line': b'[ 25%] \x1b[32mBuilding C object CMakeFiles/unitree_go__rosidl_generator_c.dir/rosidl_generator_c/unitree_go/msg/detail/wireless_controller__type_support.c.o\x1b[0m\n'}
[32.618462] (-) TimerEvent: {}
[32.691464] (unitree_go) StdoutLine: {'line': b'[ 25%] \x1b[32mBuilding C object CMakeFiles/unitree_go__rosidl_generator_c.dir/rosidl_generator_c/unitree_go/msg/detail/bms_cmd__functions.c.o\x1b[0m\n'}
[32.718651] (-) TimerEvent: {}
[32.735709] (unitree_api) StdoutLine: {'line': b'[ 44%] \x1b[32mBuilding CXX object CMakeFiles/unitree_api__rosidl_typesupport_cpp.dir/rosidl_typesupport_cpp/unitree_api/msg/response__type_support.cpp.o\x1b[0m\n'}
[32.809147] (unitree_go) StdoutLine: {'line': b'[ 26%] \x1b[32mBuilding C object CMakeFiles/unitree_go__rosidl_generator_c.dir/rosidl_generator_c/unitree_go/msg/detail/bms_cmd__description.c.o\x1b[0m\n'}
[32.818843] (-) TimerEvent: {}
[32.902407] (unitree_go) StdoutLine: {'line': b'[ 26%] \x1b[32mBuilding C object CMakeFiles/unitree_go__rosidl_generator_c.dir/rosidl_generator_c/unitree_go/msg/detail/audio_data__type_support.c.o\x1b[0m\n'}
[32.919045] (-) TimerEvent: {}
[32.985701] (unitree_go) StdoutLine: {'line': b'[ 27%] \x1b[32mBuilding C object CMakeFiles/unitree_go__rosidl_generator_c.dir/rosidl_generator_c/unitree_go/msg/detail/audio_data__functions.c.o\x1b[0m\n'}
[33.019244] (-) TimerEvent: {}
[33.112509] (unitree_go) StdoutLine: {'line': b'[ 27%] \x1b[32m\x1b[1mLinking C shared library libunitree_go__rosidl_generator_c.so\x1b[0m\n'}
[33.119420] (-) TimerEvent: {}
[33.221275] (unitree_go) StdoutLine: {'line': b'[ 27%] Built target unitree_go__rosidl_generator_c\n'}
[33.221775] (-) TimerEvent: {}
[33.251540] (unitree_go) StdoutLine: {'line': b'[ 27%] \x1b[34m\x1b[1mGenerating C type support for eProsima Fast-RTPS\x1b[0m\n'}
[33.321984] (-) TimerEvent: {}
[33.418732] (unitree_hg) StdoutLine: {'line': b'[ 36%] \x1b[32mBuilding CXX object CMakeFiles/unitree_hg__rosidl_typesupport_fastrtps_c.dir/rosidl_typesupport_fastrtps_c/unitree_hg/msg/detail/motor_state__type_support_c.cpp.o\x1b[0m\n'}
[33.422108] (-) TimerEvent: {}
[33.507212] (unitree_api) StdoutLine: {'line': b'[ 45%] \x1b[32mBuilding CXX object CMakeFiles/unitree_api__rosidl_typesupport_cpp.dir/rosidl_typesupport_cpp/unitree_api/msg/response_header__type_support.cpp.o\x1b[0m\n'}
[33.522264] (-) TimerEvent: {}
[33.622884] (-) TimerEvent: {}
[33.723976] (-) TimerEvent: {}
[33.824555] (-) TimerEvent: {}
[33.925138] (-) TimerEvent: {}
[34.025710] (-) TimerEvent: {}
[34.126292] (-) TimerEvent: {}
[34.224762] (unitree_api) StdoutLine: {'line': b'[ 46%] \x1b[32mBuilding CXX object CMakeFiles/unitree_api__rosidl_typesupport_cpp.dir/rosidl_typesupport_cpp/unitree_api/msg/response_status__type_support.cpp.o\x1b[0m\n'}
[34.226647] (-) TimerEvent: {}
[34.328871] (-) TimerEvent: {}
[34.429742] (-) TimerEvent: {}
[34.513997] (unitree_hg) StdoutLine: {'line': b'[ 37%] \x1b[32mBuilding CXX object CMakeFiles/unitree_hg__rosidl_typesupport_fastrtps_c.dir/rosidl_typesupport_fastrtps_c/unitree_hg/msg/detail/press_sensor_state__type_support_c.cpp.o\x1b[0m\n'}
[34.529902] (-) TimerEvent: {}
[34.630508] (-) TimerEvent: {}
[34.731110] (-) TimerEvent: {}
[34.831744] (-) TimerEvent: {}
[34.931010] (unitree_api) StdoutLine: {'line': b'[ 47%] \x1b[32m\x1b[1mLinking CXX shared library libunitree_api__rosidl_typesupport_cpp.so\x1b[0m\n'}
[34.931807] (-) TimerEvent: {}
[35.026364] (unitree_api) StdoutLine: {'line': b'[ 47%] Built target unitree_api__rosidl_typesupport_cpp\n'}
[35.031991] (-) TimerEvent: {}
[35.053611] (unitree_api) StdoutLine: {'line': b'[ 48%] \x1b[34m\x1b[1mGenerating C++ introspection for ROS interfaces\x1b[0m\n'}
[35.132143] (-) TimerEvent: {}
[35.232685] (-) TimerEvent: {}
[35.333235] (-) TimerEvent: {}
[35.433777] (-) TimerEvent: {}
[35.534855] (unitree_hg) StdoutLine: {'line': b'[ 38%] \x1b[32m\x1b[1mLinking CXX shared library libunitree_hg__rosidl_typesupport_fastrtps_c.so\x1b[0m\n'}
[35.535577] (-) TimerEvent: {}
[35.636024] (-) TimerEvent: {}
[35.646021] (unitree_hg) StdoutLine: {'line': b'[ 38%] Built target unitree_hg__rosidl_typesupport_fastrtps_c\n'}
[35.669875] (unitree_hg) StdoutLine: {'line': b'[ 38%] \x1b[34m\x1b[1mGenerating C++ type support dispatch for ROS interfaces\x1b[0m\n'}
[35.736204] (-) TimerEvent: {}
[35.836766] (-) TimerEvent: {}
[35.937309] (-) TimerEvent: {}
[36.038144] (-) TimerEvent: {}
[36.129104] (unitree_api) StdoutLine: {'line': b'[ 49%] \x1b[32mBuilding CXX object CMakeFiles/unitree_api__rosidl_typesupport_introspection_cpp.dir/rosidl_typesupport_introspection_cpp/unitree_api/msg/detail/request__type_support.cpp.o\x1b[0m\n'}
[36.138331] (-) TimerEvent: {}
[36.239199] (-) TimerEvent: {}
[36.339784] (-) TimerEvent: {}
[36.440326] (-) TimerEvent: {}
[36.540907] (-) TimerEvent: {}
[36.644128] (-) TimerEvent: {}
[36.744745] (-) TimerEvent: {}
[36.845914] (-) TimerEvent: {}
[36.946561] (-) TimerEvent: {}
[36.971646] (unitree_api) StdoutLine: {'line': b'[ 50%] \x1b[32mBuilding CXX object CMakeFiles/unitree_api__rosidl_typesupport_introspection_cpp.dir/rosidl_typesupport_introspection_cpp/unitree_api/msg/detail/request_identity__type_support.cpp.o\x1b[0m\n'}
[36.984147] (unitree_hg) StdoutLine: {'line': b'[ 39%] \x1b[32mBuilding CXX object CMakeFiles/unitree_hg__rosidl_typesupport_cpp.dir/rosidl_typesupport_cpp/unitree_hg/msg/bms_cmd__type_support.cpp.o\x1b[0m\n'}
[37.046747] (-) TimerEvent: {}
[37.147501] (-) TimerEvent: {}
[37.249002] (-) TimerEvent: {}
[37.349648] (-) TimerEvent: {}
[37.451644] (-) TimerEvent: {}
[37.552284] (-) TimerEvent: {}
[37.653239] (-) TimerEvent: {}
[37.674742] (unitree_api) StdoutLine: {'line': b'[ 51%] \x1b[32mBuilding CXX object CMakeFiles/unitree_api__rosidl_typesupport_introspection_cpp.dir/rosidl_typesupport_introspection_cpp/unitree_api/msg/detail/request_lease__type_support.cpp.o\x1b[0m\n'}
[37.741167] (unitree_hg) StdoutLine: {'line': b'[ 40%] \x1b[32mBuilding CXX object CMakeFiles/unitree_hg__rosidl_typesupport_cpp.dir/rosidl_typesupport_cpp/unitree_hg/msg/bms_state__type_support.cpp.o\x1b[0m\n'}
[37.753427] (-) TimerEvent: {}
[37.770499] (unitree_go) StdoutLine: {'line': b'[ 28%] \x1b[32mBuilding CXX object CMakeFiles/unitree_go__rosidl_typesupport_fastrtps_c.dir/rosidl_typesupport_fastrtps_c/unitree_go/msg/detail/audio_data__type_support_c.cpp.o\x1b[0m\n'}
[37.853617] (-) TimerEvent: {}
[37.954674] (-) TimerEvent: {}
[38.059448] (-) TimerEvent: {}
[38.161844] (-) TimerEvent: {}
[38.262491] (-) TimerEvent: {}
[38.363161] (-) TimerEvent: {}
[38.379382] (unitree_api) StdoutLine: {'line': b'[ 52%] \x1b[32mBuilding CXX object CMakeFiles/unitree_api__rosidl_typesupport_introspection_cpp.dir/rosidl_typesupport_introspection_cpp/unitree_api/msg/detail/request_policy__type_support.cpp.o\x1b[0m\n'}
[38.463365] (-) TimerEvent: {}
[38.481213] (unitree_hg) StdoutLine: {'line': b'[ 41%] \x1b[32mBuilding CXX object CMakeFiles/unitree_hg__rosidl_typesupport_cpp.dir/rosidl_typesupport_cpp/unitree_hg/msg/hand_cmd__type_support.cpp.o\x1b[0m\n'}
[38.563554] (-) TimerEvent: {}
[38.665360] (-) TimerEvent: {}
[38.765996] (-) TimerEvent: {}
[38.850890] (unitree_go) StdoutLine: {'line': b'[ 28%] \x1b[32mBuilding CXX object CMakeFiles/unitree_go__rosidl_typesupport_fastrtps_c.dir/rosidl_typesupport_fastrtps_c/unitree_go/msg/detail/bms_cmd__type_support_c.cpp.o\x1b[0m\n'}
[38.866198] (-) TimerEvent: {}
[38.966854] (-) TimerEvent: {}
[39.067737] (-) TimerEvent: {}
[39.084990] (unitree_api) StdoutLine: {'line': b'[ 53%] \x1b[32mBuilding CXX object CMakeFiles/unitree_api__rosidl_typesupport_introspection_cpp.dir/rosidl_typesupport_introspection_cpp/unitree_api/msg/detail/response__type_support.cpp.o\x1b[0m\n'}
[39.167920] (-) TimerEvent: {}
[39.228341] (unitree_hg) StdoutLine: {'line': b'[ 41%] \x1b[32mBuilding CXX object CMakeFiles/unitree_hg__rosidl_typesupport_cpp.dir/rosidl_typesupport_cpp/unitree_hg/msg/hand_state__type_support.cpp.o\x1b[0m\n'}
[39.268111] (-) TimerEvent: {}
[39.368745] (-) TimerEvent: {}
[39.469388] (-) TimerEvent: {}
[39.570027] (-) TimerEvent: {}
[39.673719] (-) TimerEvent: {}
[39.774346] (-) TimerEvent: {}
[39.874986] (-) TimerEvent: {}
[39.911978] (unitree_api) StdoutLine: {'line': b'[ 54%] \x1b[32mBuilding CXX object CMakeFiles/unitree_api__rosidl_typesupport_introspection_cpp.dir/rosidl_typesupport_introspection_cpp/unitree_api/msg/detail/response_header__type_support.cpp.o\x1b[0m\n'}
[39.915125] (unitree_go) StdoutLine: {'line': b'[ 28%] \x1b[32mBuilding CXX object CMakeFiles/unitree_go__rosidl_typesupport_fastrtps_c.dir/rosidl_typesupport_fastrtps_c/unitree_go/msg/detail/bms_state__type_support_c.cpp.o\x1b[0m\n'}
[39.927829] (unitree_hg) StdoutLine: {'line': b'[ 42%] \x1b[32mBuilding CXX object CMakeFiles/unitree_hg__rosidl_typesupport_cpp.dir/rosidl_typesupport_cpp/unitree_hg/msg/imu_state__type_support.cpp.o\x1b[0m\n'}
[39.975170] (-) TimerEvent: {}
[40.075931] (-) TimerEvent: {}
[40.176542] (-) TimerEvent: {}
[40.277164] (-) TimerEvent: {}
[40.377777] (-) TimerEvent: {}
[40.478391] (-) TimerEvent: {}
[40.579011] (-) TimerEvent: {}
[40.671842] (unitree_api) StdoutLine: {'line': b'[ 55%] \x1b[32mBuilding CXX object CMakeFiles/unitree_api__rosidl_typesupport_introspection_cpp.dir/rosidl_typesupport_introspection_cpp/unitree_api/msg/detail/response_status__type_support.cpp.o\x1b[0m\n'}
[40.679179] (-) TimerEvent: {}
[40.684723] (unitree_hg) StdoutLine: {'line': b'[ 43%] \x1b[32mBuilding CXX object CMakeFiles/unitree_hg__rosidl_typesupport_cpp.dir/rosidl_typesupport_cpp/unitree_hg/msg/low_cmd__type_support.cpp.o\x1b[0m\n'}
[40.779387] (-) TimerEvent: {}
[40.880012] (-) TimerEvent: {}
[40.980925] (-) TimerEvent: {}
[41.077645] (unitree_go) StdoutLine: {'line': b'[ 29%] \x1b[32mBuilding CXX object CMakeFiles/unitree_go__rosidl_typesupport_fastrtps_c.dir/rosidl_typesupport_fastrtps_c/unitree_go/msg/detail/error__type_support_c.cpp.o\x1b[0m\n'}
[41.081065] (-) TimerEvent: {}
[41.182620] (-) TimerEvent: {}
[41.284038] (-) TimerEvent: {}
[41.384675] (-) TimerEvent: {}
[41.406917] (unitree_api) StdoutLine: {'line': b'[ 56%] \x1b[32mBuilding CXX object CMakeFiles/unitree_api__rosidl_typesupport_introspection_cpp.dir/rosidl_typesupport_introspection_cpp/unitree_api/msg/detail/request_header__type_support.cpp.o\x1b[0m\n'}
[41.421983] (unitree_hg) StdoutLine: {'line': b'[ 43%] \x1b[32mBuilding CXX object CMakeFiles/unitree_hg__rosidl_typesupport_cpp.dir/rosidl_typesupport_cpp/unitree_hg/msg/low_state__type_support.cpp.o\x1b[0m\n'}
[41.484864] (-) TimerEvent: {}
[41.585508] (-) TimerEvent: {}
[41.686141] (-) TimerEvent: {}
[41.786799] (-) TimerEvent: {}
[41.887499] (-) TimerEvent: {}
[41.988150] (-) TimerEvent: {}
[42.088828] (-) TimerEvent: {}
[42.146610] (unitree_hg) StdoutLine: {'line': b'[ 44%] \x1b[32mBuilding CXX object CMakeFiles/unitree_hg__rosidl_typesupport_cpp.dir/rosidl_typesupport_cpp/unitree_hg/msg/main_board_state__type_support.cpp.o\x1b[0m\n'}
[42.152147] (unitree_api) StdoutLine: {'line': b'[ 57%] \x1b[32m\x1b[1mLinking CXX shared library libunitree_api__rosidl_typesupport_introspection_cpp.so\x1b[0m\n'}
[42.167066] (unitree_go) StdoutLine: {'line': b'[ 29%] \x1b[32mBuilding CXX object CMakeFiles/unitree_go__rosidl_typesupport_fastrtps_c.dir/rosidl_typesupport_fastrtps_c/unitree_go/msg/detail/go2_front_video_data__type_support_c.cpp.o\x1b[0m\n'}
[42.188993] (-) TimerEvent: {}
[42.289626] (-) TimerEvent: {}
[42.334471] (unitree_api) StdoutLine: {'line': b'[ 57%] Built target unitree_api__rosidl_typesupport_introspection_cpp\n'}
[42.359341] (unitree_api) StdoutLine: {'line': b'[ 58%] \x1b[34m\x1b[1mGenerating C type support dispatch for ROS interfaces\x1b[0m\n'}
[42.389808] (-) TimerEvent: {}
[42.491094] (-) TimerEvent: {}
[42.591711] (-) TimerEvent: {}
[42.692307] (-) TimerEvent: {}
[42.792883] (-) TimerEvent: {}
[42.891687] (unitree_hg) StdoutLine: {'line': b'[ 45%] \x1b[32mBuilding CXX object CMakeFiles/unitree_hg__rosidl_typesupport_cpp.dir/rosidl_typesupport_cpp/unitree_hg/msg/motor_cmd__type_support.cpp.o\x1b[0m\n'}
[42.892982] (-) TimerEvent: {}
[42.993520] (-) TimerEvent: {}
[43.094156] (-) TimerEvent: {}
[43.139168] (unitree_api) StdoutLine: {'line': b'[ 59%] \x1b[32mBuilding CXX object CMakeFiles/unitree_api__rosidl_typesupport_c.dir/rosidl_typesupport_c/unitree_api/msg/request__type_support.cpp.o\x1b[0m\n'}
[43.194346] (-) TimerEvent: {}
[43.239095] (unitree_api) StdoutLine: {'line': b'[ 60%] \x1b[32mBuilding CXX object CMakeFiles/unitree_api__rosidl_typesupport_c.dir/rosidl_typesupport_c/unitree_api/msg/request_lease__type_support.cpp.o\x1b[0m\n'}
[43.280521] (unitree_go) StdoutLine: {'line': b'[ 29%] \x1b[32mBuilding CXX object CMakeFiles/unitree_go__rosidl_typesupport_fastrtps_c.dir/rosidl_typesupport_fastrtps_c/unitree_go/msg/detail/height_map__type_support_c.cpp.o\x1b[0m\n'}
[43.294519] (-) TimerEvent: {}
[43.342137] (unitree_api) StdoutLine: {'line': b'[ 61%] \x1b[32mBuilding CXX object CMakeFiles/unitree_api__rosidl_typesupport_c.dir/rosidl_typesupport_c/unitree_api/msg/request_policy__type_support.cpp.o\x1b[0m\n'}
[43.394724] (-) TimerEvent: {}
[43.444636] (unitree_api) StdoutLine: {'line': b'[ 62%] \x1b[32mBuilding CXX object CMakeFiles/unitree_api__rosidl_typesupport_c.dir/rosidl_typesupport_c/unitree_api/msg/response__type_support.cpp.o\x1b[0m\n'}
[43.494918] (-) TimerEvent: {}
[43.553411] (unitree_api) StdoutLine: {'line': b'[ 63%] \x1b[32mBuilding CXX object CMakeFiles/unitree_api__rosidl_typesupport_c.dir/rosidl_typesupport_c/unitree_api/msg/response_header__type_support.cpp.o\x1b[0m\n'}
[43.595124] (-) TimerEvent: {}
[43.626775] (unitree_hg) StdoutLine: {'line': b'[ 46%] \x1b[32mBuilding CXX object CMakeFiles/unitree_hg__rosidl_typesupport_cpp.dir/rosidl_typesupport_cpp/unitree_hg/msg/motor_state__type_support.cpp.o\x1b[0m\n'}
[43.650999] (unitree_api) StdoutLine: {'line': b'[ 64%] \x1b[32mBuilding CXX object CMakeFiles/unitree_api__rosidl_typesupport_c.dir/rosidl_typesupport_c/unitree_api/msg/response_status__type_support.cpp.o\x1b[0m\n'}
[43.695327] (-) TimerEvent: {}
[43.757904] (unitree_api) StdoutLine: {'line': b'[ 65%] \x1b[32mBuilding CXX object CMakeFiles/unitree_api__rosidl_typesupport_c.dir/rosidl_typesupport_c/unitree_api/msg/request_identity__type_support.cpp.o\x1b[0m\n'}
[43.795462] (-) TimerEvent: {}
[43.858250] (unitree_api) StdoutLine: {'line': b'[ 66%] \x1b[32mBuilding CXX object CMakeFiles/unitree_api__rosidl_typesupport_c.dir/rosidl_typesupport_c/unitree_api/msg/request_header__type_support.cpp.o\x1b[0m\n'}
[43.895657] (-) TimerEvent: {}
[43.959350] (unitree_api) StdoutLine: {'line': b'[ 67%] \x1b[32m\x1b[1mLinking CXX shared library libunitree_api__rosidl_typesupport_c.so\x1b[0m\n'}
[43.995854] (-) TimerEvent: {}
[44.059209] (unitree_api) StdoutLine: {'line': b'[ 67%] Built target unitree_api__rosidl_typesupport_c\n'}
[44.083356] (unitree_api) StdoutLine: {'line': b'[ 68%] \x1b[34m\x1b[1mGenerating C introspection for ROS interfaces\x1b[0m\n'}
[44.095991] (-) TimerEvent: {}
[44.196750] (-) TimerEvent: {}
[44.297321] (-) TimerEvent: {}
[44.347655] (unitree_hg) StdoutLine: {'line': b'[ 46%] \x1b[32mBuilding CXX object CMakeFiles/unitree_hg__rosidl_typesupport_cpp.dir/rosidl_typesupport_cpp/unitree_hg/msg/press_sensor_state__type_support.cpp.o\x1b[0m\n'}
[44.397483] (-) TimerEvent: {}
[44.421478] (unitree_go) StdoutLine: {'line': b'[ 30%] \x1b[32mBuilding CXX object CMakeFiles/unitree_go__rosidl_typesupport_fastrtps_c.dir/rosidl_typesupport_fastrtps_c/unitree_go/msg/detail/imu_state__type_support_c.cpp.o\x1b[0m\n'}
[44.497650] (-) TimerEvent: {}
[44.598274] (-) TimerEvent: {}
[44.701808] (-) TimerEvent: {}
[44.802353] (-) TimerEvent: {}
[44.902971] (-) TimerEvent: {}
[45.003998] (-) TimerEvent: {}
[45.079783] (unitree_hg) StdoutLine: {'line': b'[ 47%] \x1b[32m\x1b[1mLinking CXX shared library libunitree_hg__rosidl_typesupport_cpp.so\x1b[0m\n'}
[45.104187] (-) TimerEvent: {}
[45.181402] (unitree_hg) StdoutLine: {'line': b'[ 47%] Built target unitree_hg__rosidl_typesupport_cpp\n'}
[45.204372] (-) TimerEvent: {}
[45.205385] (unitree_hg) StdoutLine: {'line': b'[ 48%] \x1b[34m\x1b[1mGenerating C++ introspection for ROS interfaces\x1b[0m\n'}
[45.251645] (unitree_api) StdoutLine: {'line': b'[ 69%] \x1b[32mBuilding C object CMakeFiles/unitree_api__rosidl_typesupport_introspection_c.dir/rosidl_typesupport_introspection_c/unitree_api/msg/detail/request__type_support.c.o\x1b[0m\n'}
[45.304526] (-) TimerEvent: {}
[45.352108] (unitree_api) StdoutLine: {'line': b'[ 70%] \x1b[32mBuilding C object CMakeFiles/unitree_api__rosidl_typesupport_introspection_c.dir/rosidl_typesupport_introspection_c/unitree_api/msg/detail/request_policy__type_support.c.o\x1b[0m\n'}
[45.404691] (-) TimerEvent: {}
[45.437674] (unitree_api) StdoutLine: {'line': b'[ 71%] \x1b[32mBuilding C object CMakeFiles/unitree_api__rosidl_typesupport_introspection_c.dir/rosidl_typesupport_introspection_c/unitree_api/msg/detail/response__type_support.c.o\x1b[0m\n'}
[45.438284] (unitree_go) StdoutLine: {'line': b'[ 30%] \x1b[32mBuilding CXX object CMakeFiles/unitree_go__rosidl_typesupport_fastrtps_c.dir/rosidl_typesupport_fastrtps_c/unitree_go/msg/detail/interface_config__type_support_c.cpp.o\x1b[0m\n'}
[45.504842] (-) TimerEvent: {}
[45.533876] (unitree_api) StdoutLine: {'line': b'[ 72%] \x1b[32mBuilding C object CMakeFiles/unitree_api__rosidl_typesupport_introspection_c.dir/rosidl_typesupport_introspection_c/unitree_api/msg/detail/response_header__type_support.c.o\x1b[0m\n'}
[45.604995] (-) TimerEvent: {}
[45.619088] (unitree_api) StdoutLine: {'line': b'[ 73%] \x1b[32mBuilding C object CMakeFiles/unitree_api__rosidl_typesupport_introspection_c.dir/rosidl_typesupport_introspection_c/unitree_api/msg/detail/response_status__type_support.c.o\x1b[0m\n'}
[45.704361] (unitree_api) StdoutLine: {'line': b'[ 74%] \x1b[32mBuilding C object CMakeFiles/unitree_api__rosidl_typesupport_introspection_c.dir/rosidl_typesupport_introspection_c/unitree_api/msg/detail/request_lease__type_support.c.o\x1b[0m\n'}
[45.705063] (-) TimerEvent: {}
[45.797066] (unitree_api) StdoutLine: {'line': b'[ 75%] \x1b[32mBuilding C object CMakeFiles/unitree_api__rosidl_typesupport_introspection_c.dir/rosidl_typesupport_introspection_c/unitree_api/msg/detail/request_identity__type_support.c.o\x1b[0m\n'}
[45.805232] (-) TimerEvent: {}
[45.890495] (unitree_api) StdoutLine: {'line': b'[ 76%] \x1b[32mBuilding C object CMakeFiles/unitree_api__rosidl_typesupport_introspection_c.dir/rosidl_typesupport_introspection_c/unitree_api/msg/detail/request_header__type_support.c.o\x1b[0m\n'}
[45.905411] (-) TimerEvent: {}
[45.976681] (unitree_api) StdoutLine: {'line': b'[ 76%] \x1b[32m\x1b[1mLinking C shared library libunitree_api__rosidl_typesupport_introspection_c.so\x1b[0m\n'}
[46.005587] (-) TimerEvent: {}
[46.055380] (unitree_api) StdoutLine: {'line': b'[ 76%] Built target unitree_api__rosidl_typesupport_introspection_c\n'}
[46.080018] (unitree_api) StdoutLine: {'line': b'[ 77%] \x1b[34m\x1b[1mGenerating C++ type support for eProsima Fast-RTPS\x1b[0m\n'}
[46.105764] (-) TimerEvent: {}
[46.206358] (-) TimerEvent: {}
[46.306981] (-) TimerEvent: {}
[46.407606] (-) TimerEvent: {}
[46.497624] (unitree_go) StdoutLine: {'line': b'[ 31%] \x1b[32mBuilding CXX object CMakeFiles/unitree_go__rosidl_typesupport_fastrtps_c.dir/rosidl_typesupport_fastrtps_c/unitree_go/msg/detail/lidar_state__type_support_c.cpp.o\x1b[0m\n'}
[46.507755] (-) TimerEvent: {}
[46.608316] (-) TimerEvent: {}
[46.709538] (-) TimerEvent: {}
[46.810138] (-) TimerEvent: {}
[46.910743] (-) TimerEvent: {}
[46.977262] (unitree_hg) StdoutLine: {'line': b'[ 48%] \x1b[32mBuilding CXX object CMakeFiles/unitree_hg__rosidl_typesupport_introspection_cpp.dir/rosidl_typesupport_introspection_cpp/unitree_hg/msg/detail/bms_cmd__type_support.cpp.o\x1b[0m\n'}
[47.010940] (-) TimerEvent: {}
[47.111894] (-) TimerEvent: {}
[47.212827] (-) TimerEvent: {}
[47.313445] (-) TimerEvent: {}
[47.372146] (unitree_api) StdoutLine: {'line': b'[ 77%] \x1b[32mBuilding CXX object CMakeFiles/unitree_api__rosidl_typesupport_fastrtps_cpp.dir/rosidl_typesupport_fastrtps_cpp/unitree_api/msg/detail/dds_fastrtps/request__type_support.cpp.o\x1b[0m\n'}
[47.413628] (-) TimerEvent: {}
[47.514641] (-) TimerEvent: {}
[47.615328] (-) TimerEvent: {}
[47.687714] (unitree_go) StdoutLine: {'line': b'[ 31%] \x1b[32mBuilding CXX object CMakeFiles/unitree_go__rosidl_typesupport_fastrtps_c.dir/rosidl_typesupport_fastrtps_c/unitree_go/msg/detail/low_cmd__type_support_c.cpp.o\x1b[0m\n'}
[47.715463] (-) TimerEvent: {}
[47.731835] (unitree_hg) StdoutLine: {'line': b'[ 49%] \x1b[32mBuilding CXX object CMakeFiles/unitree_hg__rosidl_typesupport_introspection_cpp.dir/rosidl_typesupport_introspection_cpp/unitree_hg/msg/detail/hand_cmd__type_support.cpp.o\x1b[0m\n'}
[47.815646] (-) TimerEvent: {}
[47.916265] (-) TimerEvent: {}
[48.016909] (-) TimerEvent: {}
[48.117541] (-) TimerEvent: {}
[48.218196] (-) TimerEvent: {}
[48.318860] (-) TimerEvent: {}
[48.419799] (-) TimerEvent: {}
[48.483075] (unitree_api) StdoutLine: {'line': b'[ 78%] \x1b[32mBuilding CXX object CMakeFiles/unitree_api__rosidl_typesupport_fastrtps_cpp.dir/rosidl_typesupport_fastrtps_cpp/unitree_api/msg/detail/dds_fastrtps/response__type_support.cpp.o\x1b[0m\n'}
[48.519982] (-) TimerEvent: {}
[48.567446] (unitree_hg) StdoutLine: {'line': b'[ 49%] \x1b[32mBuilding CXX object CMakeFiles/unitree_hg__rosidl_typesupport_introspection_cpp.dir/rosidl_typesupport_introspection_cpp/unitree_hg/msg/detail/hand_state__type_support.cpp.o\x1b[0m\n'}
[48.620168] (-) TimerEvent: {}
[48.721150] (-) TimerEvent: {}
[48.823057] (-) TimerEvent: {}
[48.829007] (unitree_go) StdoutLine: {'line': b'[ 31%] \x1b[32mBuilding CXX object CMakeFiles/unitree_go__rosidl_typesupport_fastrtps_c.dir/rosidl_typesupport_fastrtps_c/unitree_go/msg/detail/low_state__type_support_c.cpp.o\x1b[0m\n'}
[48.923237] (-) TimerEvent: {}
[49.023864] (-) TimerEvent: {}
[49.124499] (-) TimerEvent: {}
[49.225527] (-) TimerEvent: {}
[49.327186] (-) TimerEvent: {}
[49.427901] (-) TimerEvent: {}
[49.507837] (unitree_hg) StdoutLine: {'line': b'[ 50%] \x1b[32mBuilding CXX object CMakeFiles/unitree_hg__rosidl_typesupport_introspection_cpp.dir/rosidl_typesupport_introspection_cpp/unitree_hg/msg/detail/imu_state__type_support.cpp.o\x1b[0m\n'}
[49.528078] (-) TimerEvent: {}
[49.629891] (-) TimerEvent: {}
[49.635430] (unitree_api) StdoutLine: {'line': b'[ 79%] \x1b[32mBuilding CXX object CMakeFiles/unitree_api__rosidl_typesupport_fastrtps_cpp.dir/rosidl_typesupport_fastrtps_cpp/unitree_api/msg/detail/dds_fastrtps/response_header__type_support.cpp.o\x1b[0m\n'}
[49.730080] (-) TimerEvent: {}
[49.830733] (-) TimerEvent: {}
[49.931426] (-) TimerEvent: {}
[50.004387] (unitree_go) StdoutLine: {'line': b'[ 32%] \x1b[32mBuilding CXX object CMakeFiles/unitree_go__rosidl_typesupport_fastrtps_c.dir/rosidl_typesupport_fastrtps_c/unitree_go/msg/detail/motor_cmd__type_support_c.cpp.o\x1b[0m\n'}
[50.031623] (-) TimerEvent: {}
[50.133812] (-) TimerEvent: {}
[50.234463] (-) TimerEvent: {}
[50.304908] (unitree_hg) StdoutLine: {'line': b'[ 51%] \x1b[32mBuilding CXX object CMakeFiles/unitree_hg__rosidl_typesupport_introspection_cpp.dir/rosidl_typesupport_introspection_cpp/unitree_hg/msg/detail/low_cmd__type_support.cpp.o\x1b[0m\n'}
[50.336733] (-) TimerEvent: {}
[50.438061] (-) TimerEvent: {}
[50.538715] (-) TimerEvent: {}
[50.639382] (-) TimerEvent: {}
[50.648599] (unitree_api) StdoutLine: {'line': b'[ 80%] \x1b[32mBuilding CXX object CMakeFiles/unitree_api__rosidl_typesupport_fastrtps_cpp.dir/rosidl_typesupport_fastrtps_cpp/unitree_api/msg/detail/dds_fastrtps/response_status__type_support.cpp.o\x1b[0m\n'}
[50.739563] (-) TimerEvent: {}
[50.840200] (-) TimerEvent: {}
[50.940866] (-) TimerEvent: {}
[51.041518] (-) TimerEvent: {}
[51.084554] (unitree_go) StdoutLine: {'line': b'[ 32%] \x1b[32mBuilding CXX object CMakeFiles/unitree_go__rosidl_typesupport_fastrtps_c.dir/rosidl_typesupport_fastrtps_c/unitree_go/msg/detail/motor_cmds__type_support_c.cpp.o\x1b[0m\n'}
[51.114652] (unitree_hg) StdoutLine: {'line': b'[ 52%] \x1b[32mBuilding CXX object CMakeFiles/unitree_hg__rosidl_typesupport_introspection_cpp.dir/rosidl_typesupport_introspection_cpp/unitree_hg/msg/detail/low_state__type_support.cpp.o\x1b[0m\n'}
[51.143518] (-) TimerEvent: {}
[51.244145] (-) TimerEvent: {}
[51.344765] (-) TimerEvent: {}
[51.445395] (-) TimerEvent: {}
[51.546054] (-) TimerEvent: {}
[51.646711] (-) TimerEvent: {}
[51.658508] (unitree_api) StdoutLine: {'line': b'[ 81%] \x1b[32mBuilding CXX object CMakeFiles/unitree_api__rosidl_typesupport_fastrtps_cpp.dir/rosidl_typesupport_fastrtps_cpp/unitree_api/msg/detail/dds_fastrtps/request_policy__type_support.cpp.o\x1b[0m\n'}
[51.746911] (-) TimerEvent: {}
[51.847561] (-) TimerEvent: {}
[51.923857] (unitree_hg) StdoutLine: {'line': b'[ 52%] \x1b[32mBuilding CXX object CMakeFiles/unitree_hg__rosidl_typesupport_introspection_cpp.dir/rosidl_typesupport_introspection_cpp/unitree_hg/msg/detail/main_board_state__type_support.cpp.o\x1b[0m\n'}
[51.947746] (-) TimerEvent: {}
[52.049367] (-) TimerEvent: {}
[52.149996] (-) TimerEvent: {}
[52.165928] (unitree_go) StdoutLine: {'line': b'[ 32%] \x1b[32mBuilding CXX object CMakeFiles/unitree_go__rosidl_typesupport_fastrtps_c.dir/rosidl_typesupport_fastrtps_c/unitree_go/msg/detail/motor_state__type_support_c.cpp.o\x1b[0m\n'}
[52.251704] (-) TimerEvent: {}
[52.352315] (-) TimerEvent: {}
[52.452953] (-) TimerEvent: {}
[52.553601] (-) TimerEvent: {}
[52.654286] (-) TimerEvent: {}
[52.702588] (unitree_api) StdoutLine: {'line': b'[ 82%] \x1b[32mBuilding CXX object CMakeFiles/unitree_api__rosidl_typesupport_fastrtps_cpp.dir/rosidl_typesupport_fastrtps_cpp/unitree_api/msg/detail/dds_fastrtps/request_lease__type_support.cpp.o\x1b[0m\n'}
[52.723901] (unitree_hg) StdoutLine: {'line': b'[ 53%] \x1b[32mBuilding CXX object CMakeFiles/unitree_hg__rosidl_typesupport_introspection_cpp.dir/rosidl_typesupport_introspection_cpp/unitree_hg/msg/detail/motor_cmd__type_support.cpp.o\x1b[0m\n'}
[52.754477] (-) TimerEvent: {}
[52.855123] (-) TimerEvent: {}
[52.955815] (-) TimerEvent: {}
[53.060566] (-) TimerEvent: {}
[53.161445] (-) TimerEvent: {}
[53.262325] (-) TimerEvent: {}
[53.276555] (unitree_go) StdoutLine: {'line': b'[ 33%] \x1b[32mBuilding CXX object CMakeFiles/unitree_go__rosidl_typesupport_fastrtps_c.dir/rosidl_typesupport_fastrtps_c/unitree_go/msg/detail/motor_states__type_support_c.cpp.o\x1b[0m\n'}
[53.362522] (-) TimerEvent: {}
[53.420074] (unitree_hg) StdoutLine: {'line': b'[ 54%] \x1b[32mBuilding CXX object CMakeFiles/unitree_hg__rosidl_typesupport_introspection_cpp.dir/rosidl_typesupport_introspection_cpp/unitree_hg/msg/detail/motor_state__type_support.cpp.o\x1b[0m\n'}
[53.462708] (-) TimerEvent: {}
[53.564411] (-) TimerEvent: {}
[53.665071] (-) TimerEvent: {}
[53.765725] (-) TimerEvent: {}
[53.787611] (unitree_api) StdoutLine: {'line': b'[ 83%] \x1b[32mBuilding CXX object CMakeFiles/unitree_api__rosidl_typesupport_fastrtps_cpp.dir/rosidl_typesupport_fastrtps_cpp/unitree_api/msg/detail/dds_fastrtps/request_identity__type_support.cpp.o\x1b[0m\n'}
[53.865922] (-) TimerEvent: {}
[53.967496] (-) TimerEvent: {}
[54.068122] (-) TimerEvent: {}
[54.162522] (unitree_hg) StdoutLine: {'line': b'[ 55%] \x1b[32mBuilding CXX object CMakeFiles/unitree_hg__rosidl_typesupport_introspection_cpp.dir/rosidl_typesupport_introspection_cpp/unitree_hg/msg/detail/press_sensor_state__type_support.cpp.o\x1b[0m\n'}
[54.168266] (-) TimerEvent: {}
[54.275128] (-) TimerEvent: {}
[54.351221] (unitree_go) StdoutLine: {'line': b'[ 33%] \x1b[32mBuilding CXX object CMakeFiles/unitree_go__rosidl_typesupport_fastrtps_c.dir/rosidl_typesupport_fastrtps_c/unitree_go/msg/detail/path_point__type_support_c.cpp.o\x1b[0m\n'}
[54.375351] (-) TimerEvent: {}
[54.476905] (-) TimerEvent: {}
[54.579005] (-) TimerEvent: {}
[54.679663] (-) TimerEvent: {}
[54.780317] (-) TimerEvent: {}
[54.804070] (unitree_api) StdoutLine: {'line': b'[ 84%] \x1b[32mBuilding CXX object CMakeFiles/unitree_api__rosidl_typesupport_fastrtps_cpp.dir/rosidl_typesupport_fastrtps_cpp/unitree_api/msg/detail/dds_fastrtps/request_header__type_support.cpp.o\x1b[0m\n'}
[54.880499] (-) TimerEvent: {}
[54.919927] (unitree_hg) StdoutLine: {'line': b'[ 56%] \x1b[32mBuilding CXX object CMakeFiles/unitree_hg__rosidl_typesupport_introspection_cpp.dir/rosidl_typesupport_introspection_cpp/unitree_hg/msg/detail/bms_state__type_support.cpp.o\x1b[0m\n'}
[54.980677] (-) TimerEvent: {}
[55.081301] (-) TimerEvent: {}
[55.181975] (-) TimerEvent: {}
[55.282627] (-) TimerEvent: {}
[55.383529] (-) TimerEvent: {}
[55.462471] (unitree_go) StdoutLine: {'line': b'[ 34%] \x1b[32mBuilding CXX object CMakeFiles/unitree_go__rosidl_typesupport_fastrtps_c.dir/rosidl_typesupport_fastrtps_c/unitree_go/msg/detail/req__type_support_c.cpp.o\x1b[0m\n'}
[55.483713] (-) TimerEvent: {}
[55.585614] (-) TimerEvent: {}
[55.687470] (-) TimerEvent: {}
[55.736780] (unitree_hg) StdoutLine: {'line': b'[ 56%] \x1b[32m\x1b[1mLinking CXX shared library libunitree_hg__rosidl_typesupport_introspection_cpp.so\x1b[0m\n'}
[55.787661] (-) TimerEvent: {}
[55.818733] (unitree_api) StdoutLine: {'line': b'[ 85%] \x1b[32m\x1b[1mLinking CXX shared library libunitree_api__rosidl_typesupport_fastrtps_cpp.so\x1b[0m\n'}
[55.887856] (-) TimerEvent: {}
[55.926219] (unitree_hg) StdoutLine: {'line': b'[ 56%] Built target unitree_hg__rosidl_typesupport_introspection_cpp\n'}
[55.955081] (unitree_hg) StdoutLine: {'line': b'[ 57%] \x1b[34m\x1b[1mGenerating C type support dispatch for ROS interfaces\x1b[0m\n'}
[55.988013] (-) TimerEvent: {}
[55.997956] (unitree_api) StdoutLine: {'line': b'[ 85%] Built target unitree_api__rosidl_typesupport_fastrtps_cpp\n'}
[56.046926] (unitree_api) StdoutLine: {'line': b'[ 85%] Built target unitree_api\n'}
[56.088164] (-) TimerEvent: {}
[56.096993] (unitree_api) StdoutLine: {'line': b'[ 86%] \x1b[34m\x1b[1mGenerating Python code for ROS interfaces\x1b[0m\n'}
[56.188315] (-) TimerEvent: {}
[56.288885] (-) TimerEvent: {}
[56.389482] (-) TimerEvent: {}
[56.490067] (-) TimerEvent: {}
[56.578571] (unitree_go) StdoutLine: {'line': b'[ 34%] \x1b[32mBuilding CXX object CMakeFiles/unitree_go__rosidl_typesupport_fastrtps_c.dir/rosidl_typesupport_fastrtps_c/unitree_go/msg/detail/res__type_support_c.cpp.o\x1b[0m\n'}
[56.590411] (-) TimerEvent: {}
[56.690954] (-) TimerEvent: {}
[56.791513] (-) TimerEvent: {}
[56.892088] (-) TimerEvent: {}
[56.992675] (-) TimerEvent: {}
[57.093360] (-) TimerEvent: {}
[57.194269] (-) TimerEvent: {}
[57.294852] (-) TimerEvent: {}
[57.312124] (unitree_hg) StdoutLine: {'line': b'[ 57%] \x1b[32mBuilding CXX object CMakeFiles/unitree_hg__rosidl_typesupport_c.dir/rosidl_typesupport_c/unitree_hg/msg/bms_cmd__type_support.cpp.o\x1b[0m\n'}
[57.395022] (-) TimerEvent: {}
[57.419430] (unitree_hg) StdoutLine: {'line': b'[ 58%] \x1b[32mBuilding CXX object CMakeFiles/unitree_hg__rosidl_typesupport_c.dir/rosidl_typesupport_c/unitree_hg/msg/hand_state__type_support.cpp.o\x1b[0m\n'}
[57.495229] (-) TimerEvent: {}
[57.524115] (unitree_hg) StdoutLine: {'line': b'[ 58%] \x1b[32mBuilding CXX object CMakeFiles/unitree_hg__rosidl_typesupport_c.dir/rosidl_typesupport_c/unitree_hg/msg/imu_state__type_support.cpp.o\x1b[0m\n'}
[57.595452] (-) TimerEvent: {}
[57.622591] (unitree_hg) StdoutLine: {'line': b'[ 59%] \x1b[32mBuilding CXX object CMakeFiles/unitree_hg__rosidl_typesupport_c.dir/rosidl_typesupport_c/unitree_hg/msg/low_cmd__type_support.cpp.o\x1b[0m\n'}
[57.683880] (unitree_go) StdoutLine: {'line': b'[ 34%] \x1b[32mBuilding CXX object CMakeFiles/unitree_go__rosidl_typesupport_fastrtps_c.dir/rosidl_typesupport_fastrtps_c/unitree_go/msg/detail/sport_mode_cmd__type_support_c.cpp.o\x1b[0m\n'}
[57.695641] (-) TimerEvent: {}
[57.736243] (unitree_hg) StdoutLine: {'line': b'[ 60%] \x1b[32mBuilding CXX object CMakeFiles/unitree_hg__rosidl_typesupport_c.dir/rosidl_typesupport_c/unitree_hg/msg/low_state__type_support.cpp.o\x1b[0m\n'}
[57.795824] (-) TimerEvent: {}
[57.841144] (unitree_hg) StdoutLine: {'line': b'[ 61%] \x1b[32mBuilding CXX object CMakeFiles/unitree_hg__rosidl_typesupport_c.dir/rosidl_typesupport_c/unitree_hg/msg/main_board_state__type_support.cpp.o\x1b[0m\n'}
[57.880445] (unitree_api) StdoutLine: {'line': b'[ 86%] Built target unitree_api__py\n'}
[57.895982] (-) TimerEvent: {}
[57.938646] (unitree_api) StdoutLine: {'line': b'[ 87%] \x1b[32mBuilding C object CMakeFiles/unitree_api__rosidl_generator_py.dir/rosidl_generator_py/unitree_api/msg/_request_s.c.o\x1b[0m\n'}
[57.944886] (unitree_hg) StdoutLine: {'line': b'[ 61%] \x1b[32mBuilding CXX object CMakeFiles/unitree_hg__rosidl_typesupport_c.dir/rosidl_typesupport_c/unitree_hg/msg/motor_cmd__type_support.cpp.o\x1b[0m\n'}
[57.996179] (-) TimerEvent: {}
[58.048222] (unitree_hg) StdoutLine: {'line': b'[ 62%] \x1b[32mBuilding CXX object CMakeFiles/unitree_hg__rosidl_typesupport_c.dir/rosidl_typesupport_c/unitree_hg/msg/motor_state__type_support.cpp.o\x1b[0m\n'}
[58.096366] (-) TimerEvent: {}
[58.148766] (unitree_hg) StdoutLine: {'line': b'[ 63%] \x1b[32mBuilding CXX object CMakeFiles/unitree_hg__rosidl_typesupport_c.dir/rosidl_typesupport_c/unitree_hg/msg/press_sensor_state__type_support.cpp.o\x1b[0m\n'}
[58.196561] (-) TimerEvent: {}
[58.246803] (unitree_hg) StdoutLine: {'line': b'[ 64%] \x1b[32mBuilding CXX object CMakeFiles/unitree_hg__rosidl_typesupport_c.dir/rosidl_typesupport_c/unitree_hg/msg/hand_cmd__type_support.cpp.o\x1b[0m\n'}
[58.288496] (unitree_api) StdoutLine: {'line': b'[ 88%] \x1b[32mBuilding C object CMakeFiles/unitree_api__rosidl_generator_py.dir/rosidl_generator_py/unitree_api/msg/_response_s.c.o\x1b[0m\n'}
[58.296752] (-) TimerEvent: {}
[58.346086] (unitree_hg) StdoutLine: {'line': b'[ 65%] \x1b[32mBuilding CXX object CMakeFiles/unitree_hg__rosidl_typesupport_c.dir/rosidl_typesupport_c/unitree_hg/msg/bms_state__type_support.cpp.o\x1b[0m\n'}
[58.396941] (-) TimerEvent: {}
[58.448589] (unitree_hg) StdoutLine: {'line': b'[ 66%] \x1b[32m\x1b[1mLinking CXX shared library libunitree_hg__rosidl_typesupport_c.so\x1b[0m\n'}
[58.497979] (-) TimerEvent: {}
[58.545252] (unitree_hg) StdoutLine: {'line': b'[ 66%] Built target unitree_hg__rosidl_typesupport_c\n'}
[58.572352] (unitree_hg) StdoutLine: {'line': b'[ 67%] \x1b[34m\x1b[1mGenerating C introspection for ROS interfaces\x1b[0m\n'}
[58.599232] (-) TimerEvent: {}
[58.607942] (unitree_api) StdoutLine: {'line': b'[ 88%] \x1b[32mBuilding C object CMakeFiles/unitree_api__rosidl_generator_py.dir/rosidl_generator_py/unitree_api/msg/_response_header_s.c.o\x1b[0m\n'}
[58.699408] (-) TimerEvent: {}
[58.757318] (unitree_go) StdoutLine: {'line': b'[ 35%] \x1b[32mBuilding CXX object CMakeFiles/unitree_go__rosidl_typesupport_fastrtps_c.dir/rosidl_typesupport_fastrtps_c/unitree_go/msg/detail/sport_mode_state__type_support_c.cpp.o\x1b[0m\n'}
[58.802119] (-) TimerEvent: {}
[58.893983] (unitree_api) StdoutLine: {'line': b'[ 89%] \x1b[32mBuilding C object CMakeFiles/unitree_api__rosidl_generator_py.dir/rosidl_generator_py/unitree_api/msg/_response_status_s.c.o\x1b[0m\n'}
[58.902262] (-) TimerEvent: {}
[59.003756] (-) TimerEvent: {}
[59.104313] (-) TimerEvent: {}
[59.178671] (unitree_api) StdoutLine: {'line': b'[ 90%] \x1b[32mBuilding C object CMakeFiles/unitree_api__rosidl_generator_py.dir/rosidl_generator_py/unitree_api/msg/_request_policy_s.c.o\x1b[0m\n'}
[59.204477] (-) TimerEvent: {}
[59.305115] (-) TimerEvent: {}
[59.405724] (-) TimerEvent: {}
[59.451929] (unitree_api) StdoutLine: {'line': b'[ 91%] \x1b[32mBuilding C object CMakeFiles/unitree_api__rosidl_generator_py.dir/rosidl_generator_py/unitree_api/msg/_request_lease_s.c.o\x1b[0m\n'}
[59.505910] (-) TimerEvent: {}
[59.606485] (-) TimerEvent: {}
[59.707380] (-) TimerEvent: {}
[59.738992] (unitree_api) StdoutLine: {'line': b'[ 92%] \x1b[32mBuilding C object CMakeFiles/unitree_api__rosidl_generator_py.dir/rosidl_generator_py/unitree_api/msg/_request_identity_s.c.o\x1b[0m\n'}
[59.807553] (-) TimerEvent: {}
[59.845842] (unitree_go) StdoutLine: {'line': b'[ 35%] \x1b[32mBuilding CXX object CMakeFiles/unitree_go__rosidl_typesupport_fastrtps_c.dir/rosidl_typesupport_fastrtps_c/unitree_go/msg/detail/time_spec__type_support_c.cpp.o\x1b[0m\n'}
[59.907772] (-) TimerEvent: {}
[60.008420] (-) TimerEvent: {}
[60.044120] (unitree_api) StdoutLine: {'line': b'[ 93%] \x1b[32mBuilding C object CMakeFiles/unitree_api__rosidl_generator_py.dir/rosidl_generator_py/unitree_api/msg/_request_header_s.c.o\x1b[0m\n'}
[60.108600] (-) TimerEvent: {}
[60.209250] (-) TimerEvent: {}
[60.309922] (-) TimerEvent: {}
[60.352114] (unitree_api) StdoutLine: {'line': b'[ 94%] \x1b[32m\x1b[1mLinking C shared library libunitree_api__rosidl_generator_py.so\x1b[0m\n'}
[60.388774] (unitree_hg) StdoutLine: {'line': b'[ 68%] \x1b[32mBuilding C object CMakeFiles/unitree_hg__rosidl_typesupport_introspection_c.dir/rosidl_typesupport_introspection_c/unitree_hg/msg/detail/bms_cmd__type_support.c.o\x1b[0m\n'}
[60.410129] (-) TimerEvent: {}
[60.460660] (unitree_api) StdoutLine: {'line': b'[ 94%] Built target unitree_api__rosidl_generator_py\n'}
[60.488133] (unitree_hg) StdoutLine: {'line': b'[ 69%] \x1b[32mBuilding C object CMakeFiles/unitree_hg__rosidl_typesupport_introspection_c.dir/rosidl_typesupport_introspection_c/unitree_hg/msg/detail/imu_state__type_support.c.o\x1b[0m\n'}
[60.510297] (-) TimerEvent: {}
[60.512856] (unitree_api) StdoutLine: {'line': b'[ 95%] \x1b[32mBuilding C object CMakeFiles/unitree_api_s__rosidl_typesupport_fastrtps_c.dir/rosidl_generator_py/unitree_api/_unitree_api_s.ep.rosidl_typesupport_fastrtps_c.c.o\x1b[0m\n'}
[60.596170] (unitree_hg) StdoutLine: {'line': b'[ 69%] \x1b[32mBuilding C object CMakeFiles/unitree_hg__rosidl_typesupport_introspection_c.dir/rosidl_typesupport_introspection_c/unitree_hg/msg/detail/low_cmd__type_support.c.o\x1b[0m\n'}
[60.610638] (-) TimerEvent: {}
[60.706946] (unitree_hg) StdoutLine: {'line': b'[ 70%] \x1b[32mBuilding C object CMakeFiles/unitree_hg__rosidl_typesupport_introspection_c.dir/rosidl_typesupport_introspection_c/unitree_hg/msg/detail/low_state__type_support.c.o\x1b[0m\n'}
[60.710779] (-) TimerEvent: {}
[60.808849] (unitree_api) StdoutLine: {'line': b'[ 96%] \x1b[32m\x1b[1mLinking C shared module rosidl_generator_py/unitree_api/unitree_api_s__rosidl_typesupport_fastrtps_c.so\x1b[0m\n'}
[60.809438] (unitree_hg) StdoutLine: {'line': b'[ 71%] \x1b[32mBuilding C object CMakeFiles/unitree_hg__rosidl_typesupport_introspection_c.dir/rosidl_typesupport_introspection_c/unitree_hg/msg/detail/main_board_state__type_support.c.o\x1b[0m\n'}
[60.810887] (-) TimerEvent: {}
[60.884537] (unitree_api) StdoutLine: {'line': b'[ 96%] Built target unitree_api_s__rosidl_typesupport_fastrtps_c\n'}
[60.911104] (-) TimerEvent: {}
[60.919193] (unitree_hg) StdoutLine: {'line': b'[ 72%] \x1b[32mBuilding C object CMakeFiles/unitree_hg__rosidl_typesupport_introspection_c.dir/rosidl_typesupport_introspection_c/unitree_hg/msg/detail/motor_cmd__type_support.c.o\x1b[0m\n'}
[60.931562] (unitree_go) StdoutLine: {'line': b'[ 35%] \x1b[32mBuilding CXX object CMakeFiles/unitree_go__rosidl_typesupport_fastrtps_c.dir/rosidl_typesupport_fastrtps_c/unitree_go/msg/detail/uwb_state__type_support_c.cpp.o\x1b[0m\n'}
[60.938092] (unitree_api) StdoutLine: {'line': b'[ 97%] \x1b[32mBuilding C object CMakeFiles/unitree_api_s__rosidl_typesupport_c.dir/rosidl_generator_py/unitree_api/_unitree_api_s.ep.rosidl_typesupport_c.c.o\x1b[0m\n'}
[61.011314] (-) TimerEvent: {}
[61.012736] (unitree_hg) StdoutLine: {'line': b'[ 72%] \x1b[32mBuilding C object CMakeFiles/unitree_hg__rosidl_typesupport_introspection_c.dir/rosidl_typesupport_introspection_c/unitree_hg/msg/detail/motor_state__type_support.c.o\x1b[0m\n'}
[61.111539] (-) TimerEvent: {}
[61.112966] (unitree_hg) StdoutLine: {'line': b'[ 73%] \x1b[32mBuilding C object CMakeFiles/unitree_hg__rosidl_typesupport_introspection_c.dir/rosidl_typesupport_introspection_c/unitree_hg/msg/detail/press_sensor_state__type_support.c.o\x1b[0m\n'}
[61.205316] (unitree_hg) StdoutLine: {'line': b'[ 74%] \x1b[32mBuilding C object CMakeFiles/unitree_hg__rosidl_typesupport_introspection_c.dir/rosidl_typesupport_introspection_c/unitree_hg/msg/detail/hand_state__type_support.c.o\x1b[0m\n'}
[61.211687] (-) TimerEvent: {}
[61.225351] (unitree_api) StdoutLine: {'line': b'[ 98%] \x1b[32m\x1b[1mLinking C shared module rosidl_generator_py/unitree_api/unitree_api_s__rosidl_typesupport_c.so\x1b[0m\n'}
[61.302420] (unitree_api) StdoutLine: {'line': b'[ 98%] Built target unitree_api_s__rosidl_typesupport_c\n'}
[61.311844] (-) TimerEvent: {}
[61.319478] (unitree_hg) StdoutLine: {'line': b'[ 75%] \x1b[32mBuilding C object CMakeFiles/unitree_hg__rosidl_typesupport_introspection_c.dir/rosidl_typesupport_introspection_c/unitree_hg/msg/detail/hand_cmd__type_support.c.o\x1b[0m\n'}
[61.354005] (unitree_api) StdoutLine: {'line': b'[ 99%] \x1b[32mBuilding C object CMakeFiles/unitree_api_s__rosidl_typesupport_introspection_c.dir/rosidl_generator_py/unitree_api/_unitree_api_s.ep.rosidl_typesupport_introspection_c.c.o\x1b[0m\n'}
[61.412028] (-) TimerEvent: {}
[61.423933] (unitree_hg) StdoutLine: {'line': b'[ 75%] \x1b[32mBuilding C object CMakeFiles/unitree_hg__rosidl_typesupport_introspection_c.dir/rosidl_typesupport_introspection_c/unitree_hg/msg/detail/bms_state__type_support.c.o\x1b[0m\n'}
[61.512216] (-) TimerEvent: {}
[61.533333] (unitree_hg) StdoutLine: {'line': b'[ 76%] \x1b[32m\x1b[1mLinking C shared library libunitree_hg__rosidl_typesupport_introspection_c.so\x1b[0m\n'}
[61.612401] (-) TimerEvent: {}
[61.615680] (unitree_hg) StdoutLine: {'line': b'[ 76%] Built target unitree_hg__rosidl_typesupport_introspection_c\n'}
[61.637870] (unitree_hg) StdoutLine: {'line': b'[ 76%] \x1b[34m\x1b[1mGenerating C++ type support for eProsima Fast-RTPS\x1b[0m\n'}
[61.638366] (unitree_api) StdoutLine: {'line': b'[100%] \x1b[32m\x1b[1mLinking C shared module rosidl_generator_py/unitree_api/unitree_api_s__rosidl_typesupport_introspection_c.so\x1b[0m\n'}
[61.712775] (-) TimerEvent: {}
[61.719076] (unitree_api) StdoutLine: {'line': b'[100%] Built target unitree_api_s__rosidl_typesupport_introspection_c\n'}
[61.752189] (unitree_api) CommandEnded: {'returncode': 0}
[61.752967] (unitree_api) JobProgress: {'identifier': 'unitree_api', 'progress': 'install'}
[61.776193] (unitree_api) Command: {'cmd': ['/usr/bin/cmake', '--install', '/home/unitree/go2slam/unitree_ros2/build/unitree_api'], 'cwd': '/home/unitree/go2slam/unitree_ros2/build/unitree_api', 'env': OrderedDict({'GZ_CONFIG_PATH': '/opt/ros/jazzy/opt/gz_sim_vendor/share/gz:/opt/ros/jazzy/opt/sdformat_vendor/share/gz:/opt/ros/jazzy/opt/gz_gui_vendor/share/gz:/opt/ros/jazzy/opt/gz_transport_vendor/share/gz:/opt/ros/jazzy/opt/gz_rendering_vendor/share/gz:/opt/ros/jazzy/opt/gz_plugin_vendor/share/gz:/opt/ros/jazzy/opt/gz_fuel_tools_vendor/share/gz:/opt/ros/jazzy/opt/gz_msgs_vendor/share/gz:/opt/ros/jazzy/opt/gz_common_vendor/share/gz', 'HOSTNAME': 'ubuntu', 'SHLVL': '1', 'LD_LIBRARY_PATH': '/home/unitree/go2slam/unitree_ros2/install/unitree_hg/lib:/home/unitree/go2slam/unitree_ros2/install/unitree_go/lib:/home/unitree/go2slam/unitree_ros2/install/unitree_api/lib:/home/unitree/go2slam/unitree_ros2/install/cyclonedds/lib:/opt/ros/jazzy/opt/gz_sim_vendor/lib:/opt/ros/jazzy/opt/gz_sensors_vendor/lib:/opt/ros/jazzy/opt/gz_physics_vendor/lib:/opt/ros/jazzy/opt/sdformat_vendor/lib:/opt/ros/jazzy/opt/rviz_ogre_vendor/lib:/opt/ros/jazzy/lib/aarch64-linux-gnu:/opt/ros/jazzy/opt/gz_gui_vendor/lib:/opt/ros/jazzy/opt/gz_transport_vendor/lib:/opt/ros/jazzy/opt/gz_rendering_vendor/lib:/opt/ros/jazzy/opt/gz_plugin_vendor/lib:/opt/ros/jazzy/opt/gz_fuel_tools_vendor/lib:/opt/ros/jazzy/opt/gz_msgs_vendor/lib:/opt/ros/jazzy/opt/gz_common_vendor/lib:/opt/ros/jazzy/opt/gz_math_vendor/lib:/opt/ros/jazzy/opt/gz_utils_vendor/lib:/opt/ros/jazzy/opt/gz_tools_vendor/lib:/opt/ros/jazzy/opt/gz_ogre_next_vendor/lib:/opt/ros/jazzy/opt/gz_dartsim_vendor/lib:/opt/ros/jazzy/opt/gz_cmake_vendor/lib:/opt/ros/jazzy/lib', 'HOME': '/root', 'OLDPWD': '/home/unitree/go2slam/unitree_ros2/cyclonedds_ws', 'ROS_PYTHON_VERSION': '3', 'COLCON_PREFIX_PATH': '/home/unitree/go2slam/unitree_ros2/install', 'ROS_DISTRO': 'jazzy', '_': '/usr/bin/colcon', 'ROS_VERSION': '2', 'PKG_CONFIG_PATH': '/home/unitree/go2slam/unitree_ros2/install/cyclonedds/lib/aarch64-linux-gnu/pkgconfig:/home/unitree/go2slam/unitree_ros2/install/cyclonedds/lib/pkgconfig', 'TERM': 'xterm', 'PATH': '/home/unitree/go2slam/unitree_ros2/install/cyclonedds/bin:/opt/ros/jazzy/opt/gz_msgs_vendor/bin:/opt/ros/jazzy/opt/gz_tools_vendor/bin:/opt/ros/jazzy/opt/gz_ogre_next_vendor/bin:/opt/ros/jazzy/bin:/usr/local/sbin:/usr/local/bin:/usr/sbin:/usr/bin:/sbin:/bin', 'DISPLAY': 'unix:1001', 'LANG': 'C.UTF-8', 'LS_COLORS': 'rs=0:di=01;34:ln=01;36:mh=00:pi=40;33:so=01;35:do=01;35:bd=40;33;01:cd=40;33;01:or=40;31;01:mi=00:su=37;41:sg=30;43:ca=00:tw=30;42:ow=34;42:st=37;44:ex=01;32:*.tar=01;31:*.tgz=01;31:*.arc=01;31:*.arj=01;31:*.taz=01;31:*.lha=01;31:*.lz4=01;31:*.lzh=01;31:*.lzma=01;31:*.tlz=01;31:*.txz=01;31:*.tzo=01;31:*.t7z=01;31:*.zip=01;31:*.z=01;31:*.dz=01;31:*.gz=01;31:*.lrz=01;31:*.lz=01;31:*.lzo=01;31:*.xz=01;31:*.zst=01;31:*.tzst=01;31:*.bz2=01;31:*.bz=01;31:*.tbz=01;31:*.tbz2=01;31:*.tz=01;31:*.deb=01;31:*.rpm=01;31:*.jar=01;31:*.war=01;31:*.ear=01;31:*.sar=01;31:*.rar=01;31:*.alz=01;31:*.ace=01;31:*.zoo=01;31:*.cpio=01;31:*.7z=01;31:*.rz=01;31:*.cab=01;31:*.wim=01;31:*.swm=01;31:*.dwm=01;31:*.esd=01;31:*.avif=01;35:*.jpg=01;35:*.jpeg=01;35:*.mjpg=01;35:*.mjpeg=01;35:*.gif=01;35:*.bmp=01;35:*.pbm=01;35:*.pgm=01;35:*.ppm=01;35:*.tga=01;35:*.xbm=01;35:*.xpm=01;35:*.tif=01;35:*.tiff=01;35:*.png=01;35:*.svg=01;35:*.svgz=01;35:*.mng=01;35:*.pcx=01;35:*.mov=01;35:*.mpg=01;35:*.mpeg=01;35:*.m2v=01;35:*.mkv=01;35:*.webm=01;35:*.webp=01;35:*.ogm=01;35:*.mp4=01;35:*.m4v=01;35:*.mp4v=01;35:*.vob=01;35:*.qt=01;35:*.nuv=01;35:*.wmv=01;35:*.asf=01;35:*.rm=01;35:*.rmvb=01;35:*.flc=01;35:*.avi=01;35:*.fli=01;35:*.flv=01;35:*.gl=01;35:*.dl=01;35:*.xcf=01;35:*.xwd=01;35:*.yuv=01;35:*.cgm=01;35:*.emf=01;35:*.ogv=01;35:*.ogx=01;35:*.aac=00;36:*.au=00;36:*.flac=00;36:*.m4a=00;36:*.mid=00;36:*.midi=00;36:*.mka=00;36:*.mp3=00;36:*.mpc=00;36:*.ogg=00;36:*.ra=00;36:*.wav=00;36:*.oga=00;36:*.opus=00;36:*.spx=00;36:*.xspf=00;36:*~=00;90:*#=00;90:*.bak=00;90:*.crdownload=00;90:*.dpkg-dist=00;90:*.dpkg-new=00;90:*.dpkg-old=00;90:*.dpkg-tmp=00;90:*.old=00;90:*.orig=00;90:*.part=00;90:*.rej=00;90:*.rpmnew=00;90:*.rpmorig=00;90:*.rpmsave=00;90:*.swp=00;90:*.tmp=00;90:*.ucf-dist=00;90:*.ucf-new=00;90:*.ucf-old=00;90:', 'AMENT_PREFIX_PATH': '/home/unitree/go2slam/unitree_ros2/install/unitree_hg:/home/unitree/go2slam/unitree_ros2/install/unitree_go:/home/unitree/go2slam/unitree_ros2/install/unitree_api:/opt/ros/jazzy', 'ROS_AUTOMATIC_DISCOVERY_RANGE': 'SUBNET', 'PWD': '/home/unitree/go2slam/unitree_ros2/build/unitree_api', 'LC_ALL': 'C.UTF-8', 'PYTHONPATH': '/home/unitree/go2slam/unitree_ros2/install/unitree_hg/lib/python3.12/site-packages:/home/unitree/go2slam/unitree_ros2/install/unitree_go/lib/python3.12/site-packages:/home/unitree/go2slam/unitree_ros2/install/unitree_api/lib/python3.12/site-packages:/opt/ros/jazzy/lib/python3.12/site-packages', 'COLCON': '1', 'CMAKE_PREFIX_PATH': '/home/unitree/go2slam/unitree_ros2/install/unitree_hg:/home/unitree/go2slam/unitree_ros2/install/unitree_go:/home/unitree/go2slam/unitree_ros2/install/unitree_api:/home/unitree/go2slam/unitree_ros2/install/cyclonedds:/opt/ros/jazzy/opt/gz_sim_vendor:/opt/ros/jazzy/opt/gz_sensors_vendor:/opt/ros/jazzy/opt/gz_physics_vendor:/opt/ros/jazzy/opt/sdformat_vendor:/opt/ros/jazzy/opt/gz_gui_vendor:/opt/ros/jazzy/opt/gz_transport_vendor:/opt/ros/jazzy/opt/gz_rendering_vendor:/opt/ros/jazzy/opt/gz_plugin_vendor:/opt/ros/jazzy/opt/gz_fuel_tools_vendor:/opt/ros/jazzy/opt/gz_msgs_vendor:/opt/ros/jazzy/opt/gz_common_vendor:/opt/ros/jazzy/opt/gz_math_vendor:/opt/ros/jazzy/opt/gz_utils_vendor:/opt/ros/jazzy/opt/gz_tools_vendor:/opt/ros/jazzy/opt/gz_ogre_next_vendor:/opt/ros/jazzy/opt/gz_dartsim_vendor:/opt/ros/jazzy/opt/gz_cmake_vendor:/opt/ros/jazzy'}), 'shell': False}
[61.799371] (unitree_api) StdoutLine: {'line': b'-- Install configuration: ""\n'}
[61.800576] (unitree_api) StdoutLine: {'line': b'-- Installing: /home/unitree/go2slam/unitree_ros2/install/unitree_api/share/ament_index/resource_index/rosidl_interfaces/unitree_api\n'}
[61.801300] (unitree_api) StdoutLine: {'line': b'-- Installing: /home/unitree/go2slam/unitree_ros2/install/unitree_api/share/unitree_api/msg/Request.json\n'}
[61.801786] (unitree_api) StdoutLine: {'line': b'-- Installing: /home/unitree/go2slam/unitree_ros2/install/unitree_api/share/unitree_api/msg/RequestHeader.json\n'}
[61.802187] (unitree_api) StdoutLine: {'line': b'-- Installing: /home/unitree/go2slam/unitree_ros2/install/unitree_api/share/unitree_api/msg/RequestIdentity.json\n'}
[61.802750] (unitree_api) StdoutLine: {'line': b'-- Installing: /home/unitree/go2slam/unitree_ros2/install/unitree_api/share/unitree_api/msg/RequestLease.json\n'}
[61.803513] (unitree_api) StdoutLine: {'line': b'-- Installing: /home/unitree/go2slam/unitree_ros2/install/unitree_api/share/unitree_api/msg/RequestPolicy.json\n'}
[61.803931] (unitree_api) StdoutLine: {'line': b'-- Installing: /home/unitree/go2slam/unitree_ros2/install/unitree_api/share/unitree_api/msg/Response.json\n'}
[61.804366] (unitree_api) StdoutLine: {'line': b'-- Installing: /home/unitree/go2slam/unitree_ros2/install/unitree_api/share/unitree_api/msg/ResponseHeader.json\n'}
[61.805152] (unitree_api) StdoutLine: {'line': b'-- Installing: /home/unitree/go2slam/unitree_ros2/install/unitree_api/share/unitree_api/msg/ResponseStatus.json\n'}
[61.805868] (unitree_api) StdoutLine: {'line': b'-- Installing: /home/unitree/go2slam/unitree_ros2/install/unitree_api/include/unitree_api/unitree_api\n'}
[61.806263] (unitree_api) StdoutLine: {'line': b'-- Installing: /home/unitree/go2slam/unitree_ros2/install/unitree_api/include/unitree_api/unitree_api/msg\n'}
[61.806746] (unitree_api) StdoutLine: {'line': b'-- Installing: /home/unitree/go2slam/unitree_ros2/install/unitree_api/include/unitree_api/unitree_api/msg/request.h\n'}
[61.807122] (unitree_api) StdoutLine: {'line': b'-- Installing: /home/unitree/go2slam/unitree_ros2/install/unitree_api/include/unitree_api/unitree_api/msg/response_status.h\n'}
[61.807663] (unitree_api) StdoutLine: {'line': b'-- Installing: /home/unitree/go2slam/unitree_ros2/install/unitree_api/include/unitree_api/unitree_api/msg/request_header.h\n'}
[61.808000] (unitree_api) StdoutLine: {'line': b'-- Installing: /home/unitree/go2slam/unitree_ros2/install/unitree_api/include/unitree_api/unitree_api/msg/response_header.h\n'}
[61.808369] (unitree_api) StdoutLine: {'line': b'-- Installing: /home/unitree/go2slam/unitree_ros2/install/unitree_api/include/unitree_api/unitree_api/msg/rosidl_generator_c__visibility_control.h\n'}
[61.808731] (unitree_api) StdoutLine: {'line': b'-- Installing: /home/unitree/go2slam/unitree_ros2/install/unitree_api/include/unitree_api/unitree_api/msg/request_policy.h\n'}
[61.809050] (unitree_api) StdoutLine: {'line': b'-- Installing: /home/unitree/go2slam/unitree_ros2/install/unitree_api/include/unitree_api/unitree_api/msg/detail\n'}
[61.809426] (unitree_api) StdoutLine: {'line': b'-- Installing: /home/unitree/go2slam/unitree_ros2/install/unitree_api/include/unitree_api/unitree_api/msg/detail/request_identity__struct.h\n'}
[61.809781] (unitree_api) StdoutLine: {'line': b'-- Installing: /home/unitree/go2slam/unitree_ros2/install/unitree_api/include/unitree_api/unitree_api/msg/detail/request_lease__struct.h\n'}
[61.810136] (unitree_api) StdoutLine: {'line': b'-- Installing: /home/unitree/go2slam/unitree_ros2/install/unitree_api/include/unitree_api/unitree_api/msg/detail/request_header__struct.h\n'}
[61.810483] (unitree_api) StdoutLine: {'line': b'-- Installing: /home/unitree/go2slam/unitree_ros2/install/unitree_api/include/unitree_api/unitree_api/msg/detail/request_header__functions.h\n'}
[61.810848] (unitree_api) StdoutLine: {'line': b'-- Installing: /home/unitree/go2slam/unitree_ros2/install/unitree_api/include/unitree_api/unitree_api/msg/detail/request_header__type_support.c\n'}
[61.811195] (unitree_api) StdoutLine: {'line': b'-- Installing: /home/unitree/go2slam/unitree_ros2/install/unitree_api/include/unitree_api/unitree_api/msg/detail/request_identity__functions.c\n'}
[61.811583] (unitree_api) StdoutLine: {'line': b'-- Installing: /home/unitree/go2slam/unitree_ros2/install/unitree_api/include/unitree_api/unitree_api/msg/detail/request_identity__type_support.c\n'}
[61.811904] (unitree_api) StdoutLine: {'line': b'-- Installing: /home/unitree/go2slam/unitree_ros2/install/unitree_api/include/unitree_api/unitree_api/msg/detail/response_header__description.c\n'}
[61.812287] (unitree_api) StdoutLine: {'line': b'-- Installing: /home/unitree/go2slam/unitree_ros2/install/unitree_api/include/unitree_api/unitree_api/msg/detail/request__description.c\n'}
[61.812878] (-) TimerEvent: {}
[61.813294] (unitree_api) StdoutLine: {'line': b'-- Installing: /home/unitree/go2slam/unitree_ros2/install/unitree_api/include/unitree_api/unitree_api/msg/detail/response__description.c\n'}
[61.814427] (unitree_api) StdoutLine: {'line': b'-- Installing: /home/unitree/go2slam/unitree_ros2/install/unitree_api/include/unitree_api/unitree_api/msg/detail/request_policy__struct.h\n'}
[61.814630] (unitree_api) StdoutLine: {'line': b'-- Installing: /home/unitree/go2slam/unitree_ros2/install/unitree_api/include/unitree_api/unitree_api/msg/detail/response_status__functions.c\n'}
[61.814859] (unitree_api) StdoutLine: {'line': b'-- Installing: /home/unitree/go2slam/unitree_ros2/install/unitree_api/include/unitree_api/unitree_api/msg/detail/response__struct.h\n'}
[61.815066] (unitree_api) StdoutLine: {'line': b'-- Installing: /home/unitree/go2slam/unitree_ros2/install/unitree_api/include/unitree_api/unitree_api/msg/detail/request_header__description.c\n'}
[61.815290] (unitree_api) StdoutLine: {'line': b'-- Installing: /home/unitree/go2slam/unitree_ros2/install/unitree_api/include/unitree_api/unitree_api/msg/detail/response_status__type_support.c\n'}
[61.815549] (unitree_api) StdoutLine: {'line': b'-- Installing: /home/unitree/go2slam/unitree_ros2/install/unitree_api/include/unitree_api/unitree_api/msg/detail/request_policy__type_support.c\n'}
[61.815777] (unitree_api) StdoutLine: {'line': b'-- Installing: /home/unitree/go2slam/unitree_ros2/install/unitree_api/include/unitree_api/unitree_api/msg/detail/request__type_support.h\n'}
[61.815993] (unitree_api) StdoutLine: {'line': b'-- Installing: /home/unitree/go2slam/unitree_ros2/install/unitree_api/include/unitree_api/unitree_api/msg/detail/response_status__type_support.h\n'}
[61.816211] (unitree_api) StdoutLine: {'line': b'-- Installing: /home/unitree/go2slam/unitree_ros2/install/unitree_api/include/unitree_api/unitree_api/msg/detail/request_policy__description.c\n'}
[61.816422] (unitree_api) StdoutLine: {'line': b'-- Installing: /home/unitree/go2slam/unitree_ros2/install/unitree_api/include/unitree_api/unitree_api/msg/detail/request_identity__functions.h\n'}
[61.816670] (unitree_api) StdoutLine: {'line': b'-- Installing: /home/unitree/go2slam/unitree_ros2/install/unitree_api/include/unitree_api/unitree_api/msg/detail/request__functions.h\n'}
[61.816883] (unitree_api) StdoutLine: {'line': b'-- Installing: /home/unitree/go2slam/unitree_ros2/install/unitree_api/include/unitree_api/unitree_api/msg/detail/response_header__functions.h\n'}
[61.817104] (unitree_api) StdoutLine: {'line': b'-- Installing: /home/unitree/go2slam/unitree_ros2/install/unitree_api/include/unitree_api/unitree_api/msg/detail/response_header__type_support.c\n'}
[61.817339] (unitree_api) StdoutLine: {'line': b'-- Installing: /home/unitree/go2slam/unitree_ros2/install/unitree_api/include/unitree_api/unitree_api/msg/detail/request_lease__functions.c\n'}
[61.817570] (unitree_api) StdoutLine: {'line': b'-- Installing: /home/unitree/go2slam/unitree_ros2/install/unitree_api/include/unitree_api/unitree_api/msg/detail/request_header__type_support.h\n'}
[61.817820] (unitree_api) StdoutLine: {'line': b'-- Installing: /home/unitree/go2slam/unitree_ros2/install/unitree_api/include/unitree_api/unitree_api/msg/detail/request_lease__type_support.c\n'}
[61.818052] (unitree_api) StdoutLine: {'line': b'-- Installing: /home/unitree/go2slam/unitree_ros2/install/unitree_api/include/unitree_api/unitree_api/msg/detail/request__struct.h\n'}
[61.818265] (unitree_api) StdoutLine: {'line': b'-- Installing: /home/unitree/go2slam/unitree_ros2/install/unitree_api/include/unitree_api/unitree_api/msg/detail/response__type_support.h\n'}
[61.818489] (unitree_api) StdoutLine: {'line': b'-- Installing: /home/unitree/go2slam/unitree_ros2/install/unitree_api/include/unitree_api/unitree_api/msg/detail/response_header__struct.h\n'}
[61.818718] (unitree_api) StdoutLine: {'line': b'-- Installing: /home/unitree/go2slam/unitree_ros2/install/unitree_api/include/unitree_api/unitree_api/msg/detail/request_policy__type_support.h\n'}
[61.818946] (unitree_api) StdoutLine: {'line': b'-- Installing: /home/unitree/go2slam/unitree_ros2/install/unitree_api/include/unitree_api/unitree_api/msg/detail/response_status__description.c\n'}
[61.819156] (unitree_api) StdoutLine: {'line': b'-- Installing: /home/unitree/go2slam/unitree_ros2/install/unitree_api/include/unitree_api/unitree_api/msg/detail/response_status__struct.h\n'}
[61.819401] (unitree_api) StdoutLine: {'line': b'-- Installing: /home/unitree/go2slam/unitree_ros2/install/unitree_api/include/unitree_api/unitree_api/msg/detail/response__type_support.c\n'}
[61.820005] (unitree_api) StdoutLine: {'line': b'-- Installing: /home/unitree/go2slam/unitree_ros2/install/unitree_api/include/unitree_api/unitree_api/msg/detail/response_status__functions.h\n'}
[61.820232] (unitree_api) StdoutLine: {'line': b'-- Installing: /home/unitree/go2slam/unitree_ros2/install/unitree_api/include/unitree_api/unitree_api/msg/detail/request__type_support.c\n'}
[61.820468] (unitree_api) StdoutLine: {'line': b'-- Installing: /home/unitree/go2slam/unitree_ros2/install/unitree_api/include/unitree_api/unitree_api/msg/detail/request_lease__description.c\n'}
[61.820716] (unitree_api) StdoutLine: {'line': b'-- Installing: /home/unitree/go2slam/unitree_ros2/install/unitree_api/include/unitree_api/unitree_api/msg/detail/request_lease__type_support.h\n'}
[61.820946] (unitree_api) StdoutLine: {'line': b'-- Installing: /home/unitree/go2slam/unitree_ros2/install/unitree_api/include/unitree_api/unitree_api/msg/detail/response__functions.c\n'}
[61.821174] (unitree_api) StdoutLine: {'line': b'-- Installing: /home/unitree/go2slam/unitree_ros2/install/unitree_api/include/unitree_api/unitree_api/msg/detail/request__functions.c\n'}
[61.821400] (unitree_api) StdoutLine: {'line': b'-- Installing: /home/unitree/go2slam/unitree_ros2/install/unitree_api/include/unitree_api/unitree_api/msg/detail/request_header__functions.c\n'}
[61.821602] (unitree_api) StdoutLine: {'line': b'-- Installing: /home/unitree/go2slam/unitree_ros2/install/unitree_api/include/unitree_api/unitree_api/msg/detail/request_identity__type_support.h\n'}
[61.821828] (unitree_api) StdoutLine: {'line': b'-- Installing: /home/unitree/go2slam/unitree_ros2/install/unitree_api/include/unitree_api/unitree_api/msg/detail/response_header__functions.c\n'}
[61.822056] (unitree_api) StdoutLine: {'line': b'-- Installing: /home/unitree/go2slam/unitree_ros2/install/unitree_api/include/unitree_api/unitree_api/msg/detail/request_policy__functions.h\n'}
[61.822283] (unitree_api) StdoutLine: {'line': b'-- Installing: /home/unitree/go2slam/unitree_ros2/install/unitree_api/include/unitree_api/unitree_api/msg/detail/request_lease__functions.h\n'}
[61.822510] (unitree_api) StdoutLine: {'line': b'-- Installing: /home/unitree/go2slam/unitree_ros2/install/unitree_api/include/unitree_api/unitree_api/msg/detail/response__functions.h\n'}
[61.822746] (unitree_api) StdoutLine: {'line': b'-- Installing: /home/unitree/go2slam/unitree_ros2/install/unitree_api/include/unitree_api/unitree_api/msg/detail/response_header__type_support.h\n'}
[61.823176] (unitree_api) StdoutLine: {'line': b'-- Installing: /home/unitree/go2slam/unitree_ros2/install/unitree_api/include/unitree_api/unitree_api/msg/detail/request_policy__functions.c\n'}
[61.823467] (unitree_api) StdoutLine: {'line': b'-- Installing: /home/unitree/go2slam/unitree_ros2/install/unitree_api/include/unitree_api/unitree_api/msg/detail/request_identity__description.c\n'}
[61.823678] (unitree_api) StdoutLine: {'line': b'-- Installing: /home/unitree/go2slam/unitree_ros2/install/unitree_api/include/unitree_api/unitree_api/msg/response.h\n'}
[61.823884] (unitree_api) StdoutLine: {'line': b'-- Installing: /home/unitree/go2slam/unitree_ros2/install/unitree_api/include/unitree_api/unitree_api/msg/request_identity.h\n'}
[61.824125] (unitree_api) StdoutLine: {'line': b'-- Installing: /home/unitree/go2slam/unitree_ros2/install/unitree_api/include/unitree_api/unitree_api/msg/request_lease.h\n'}
[61.824473] (unitree_api) StdoutLine: {'line': b'-- Installing: /home/unitree/go2slam/unitree_ros2/install/unitree_api/share/unitree_api/environment/library_path.sh\n'}
[61.824791] (unitree_api) StdoutLine: {'line': b'-- Installing: /home/unitree/go2slam/unitree_ros2/install/unitree_api/share/unitree_api/environment/library_path.dsv\n'}
[61.825809] (unitree_api) StdoutLine: {'line': b'-- Installing: /home/unitree/go2slam/unitree_ros2/install/unitree_api/lib/libunitree_api__rosidl_generator_c.so\n'}
[61.826385] (unitree_api) StdoutLine: {'line': b'-- Set non-toolchain portion of runtime path of "/home/unitree/go2slam/unitree_ros2/install/unitree_api/lib/libunitree_api__rosidl_generator_c.so" to ""\n'}
[61.826618] (unitree_api) StdoutLine: {'line': b'-- Up-to-date: /home/unitree/go2slam/unitree_ros2/install/unitree_api/include/unitree_api/unitree_api\n'}
[61.826781] (unitree_api) StdoutLine: {'line': b'-- Up-to-date: /home/unitree/go2slam/unitree_ros2/install/unitree_api/include/unitree_api/unitree_api/msg\n'}
[61.827135] (unitree_api) StdoutLine: {'line': b'-- Installing: /home/unitree/go2slam/unitree_ros2/install/unitree_api/include/unitree_api/unitree_api/msg/rosidl_typesupport_fastrtps_c__visibility_control.h\n'}
[61.827467] (unitree_api) StdoutLine: {'line': b'-- Up-to-date: /home/unitree/go2slam/unitree_ros2/install/unitree_api/include/unitree_api/unitree_api/msg/detail\n'}
[61.827758] (unitree_api) StdoutLine: {'line': b'-- Installing: /home/unitree/go2slam/unitree_ros2/install/unitree_api/include/unitree_api/unitree_api/msg/detail/request_identity__rosidl_typesupport_fastrtps_c.h\n'}
[61.828004] (unitree_api) StdoutLine: {'line': b'-- Installing: /home/unitree/go2slam/unitree_ros2/install/unitree_api/include/unitree_api/unitree_api/msg/detail/response__rosidl_typesupport_fastrtps_c.h\n'}
[61.828227] (unitree_api) StdoutLine: {'line': b'-- Installing: /home/unitree/go2slam/unitree_ros2/install/unitree_api/include/unitree_api/unitree_api/msg/detail/request_lease__rosidl_typesupport_fastrtps_c.h\n'}
[61.828451] (unitree_api) StdoutLine: {'line': b'-- Installing: /home/unitree/go2slam/unitree_ros2/install/unitree_api/include/unitree_api/unitree_api/msg/detail/request_policy__rosidl_typesupport_fastrtps_c.h\n'}
[61.828667] (unitree_api) StdoutLine: {'line': b'-- Installing: /home/unitree/go2slam/unitree_ros2/install/unitree_api/include/unitree_api/unitree_api/msg/detail/response_status__rosidl_typesupport_fastrtps_c.h\n'}
[61.828896] (unitree_api) StdoutLine: {'line': b'-- Installing: /home/unitree/go2slam/unitree_ros2/install/unitree_api/include/unitree_api/unitree_api/msg/detail/response_header__rosidl_typesupport_fastrtps_c.h\n'}
[61.829098] (unitree_api) StdoutLine: {'line': b'-- Installing: /home/unitree/go2slam/unitree_ros2/install/unitree_api/include/unitree_api/unitree_api/msg/detail/request__rosidl_typesupport_fastrtps_c.h\n'}
[61.829329] (unitree_api) StdoutLine: {'line': b'-- Installing: /home/unitree/go2slam/unitree_ros2/install/unitree_api/include/unitree_api/unitree_api/msg/detail/request_header__rosidl_typesupport_fastrtps_c.h\n'}
[61.830285] (unitree_api) StdoutLine: {'line': b'-- Installing: /home/unitree/go2slam/unitree_ros2/install/unitree_api/lib/libunitree_api__rosidl_typesupport_fastrtps_c.so\n'}
[61.830928] (unitree_api) StdoutLine: {'line': b'-- Set non-toolchain portion of runtime path of "/home/unitree/go2slam/unitree_ros2/install/unitree_api/lib/libunitree_api__rosidl_typesupport_fastrtps_c.so" to ""\n'}
[61.831190] (unitree_api) StdoutLine: {'line': b'-- Up-to-date: /home/unitree/go2slam/unitree_ros2/install/unitree_api/include/unitree_api/unitree_api\n'}
[61.831535] (unitree_api) StdoutLine: {'line': b'-- Up-to-date: /home/unitree/go2slam/unitree_ros2/install/unitree_api/include/unitree_api/unitree_api/msg\n'}
[61.832299] (unitree_api) StdoutLine: {'line': b'-- Installing: /home/unitree/go2slam/unitree_ros2/install/unitree_api/include/unitree_api/unitree_api/msg/response_header.hpp\n'}
[61.832675] (unitree_api) StdoutLine: {'line': b'-- Installing: /home/unitree/go2slam/unitree_ros2/install/unitree_api/include/unitree_api/unitree_api/msg/request_lease.hpp\n'}
[61.832912] (unitree_api) StdoutLine: {'line': b'-- Installing: /home/unitree/go2slam/unitree_ros2/install/unitree_api/include/unitree_api/unitree_api/msg/request_header.hpp\n'}
[61.833143] (unitree_api) StdoutLine: {'line': b'-- Installing: /home/unitree/go2slam/unitree_ros2/install/unitree_api/include/unitree_api/unitree_api/msg/request.hpp\n'}
[61.833400] (unitree_api) StdoutLine: {'line': b'-- Up-to-date: /home/unitree/go2slam/unitree_ros2/install/unitree_api/include/unitree_api/unitree_api/msg/detail\n'}
[61.833590] (unitree_api) StdoutLine: {'line': b'-- Installing: /home/unitree/go2slam/unitree_ros2/install/unitree_api/include/unitree_api/unitree_api/msg/detail/request_header__traits.hpp\n'}
[61.833820] (unitree_api) StdoutLine: {'line': b'-- Installing: /home/unitree/go2slam/unitree_ros2/install/unitree_api/include/unitree_api/unitree_api/msg/detail/response__builder.hpp\n'}
[61.834043] (unitree_api) StdoutLine: {'line': b'-- Installing: /home/unitree/go2slam/unitree_ros2/install/unitree_api/include/unitree_api/unitree_api/msg/detail/response__type_support.hpp\n'}
[61.834265] (unitree_api) StdoutLine: {'line': b'-- Installing: /home/unitree/go2slam/unitree_ros2/install/unitree_api/include/unitree_api/unitree_api/msg/detail/request__type_support.hpp\n'}
[61.834570] (unitree_api) StdoutLine: {'line': b'-- Installing: /home/unitree/go2slam/unitree_ros2/install/unitree_api/include/unitree_api/unitree_api/msg/detail/request_header__struct.hpp\n'}
[61.834796] (unitree_api) StdoutLine: {'line': b'-- Installing: /home/unitree/go2slam/unitree_ros2/install/unitree_api/include/unitree_api/unitree_api/msg/detail/request_identity__traits.hpp\n'}
[61.834968] (unitree_api) StdoutLine: {'line': b'-- Installing: /home/unitree/go2slam/unitree_ros2/install/unitree_api/include/unitree_api/unitree_api/msg/detail/request__struct.hpp\n'}
[61.835274] (unitree_api) StdoutLine: {'line': b'-- Installing: /home/unitree/go2slam/unitree_ros2/install/unitree_api/include/unitree_api/unitree_api/msg/detail/response_header__struct.hpp\n'}
[61.835549] (unitree_api) StdoutLine: {'line': b'-- Installing: /home/unitree/go2slam/unitree_ros2/install/unitree_api/include/unitree_api/unitree_api/msg/detail/request__traits.hpp\n'}
[61.835719] (unitree_api) StdoutLine: {'line': b'-- Installing: /home/unitree/go2slam/unitree_ros2/install/unitree_api/include/unitree_api/unitree_api/msg/detail/request_lease__builder.hpp\n'}
[61.835944] (unitree_api) StdoutLine: {'line': b'-- Installing: /home/unitree/go2slam/unitree_ros2/install/unitree_api/include/unitree_api/unitree_api/msg/detail/request__builder.hpp\n'}
[61.836175] (unitree_api) StdoutLine: {'line': b'-- Installing: /home/unitree/go2slam/unitree_ros2/install/unitree_api/include/unitree_api/unitree_api/msg/detail/response_status__builder.hpp\n'}
[61.836401] (unitree_api) StdoutLine: {'line': b'-- Installing: /home/unitree/go2slam/unitree_ros2/install/unitree_api/include/unitree_api/unitree_api/msg/detail/response_header__builder.hpp\n'}
[61.836633] (unitree_api) StdoutLine: {'line': b'-- Installing: /home/unitree/go2slam/unitree_ros2/install/unitree_api/include/unitree_api/unitree_api/msg/detail/response__traits.hpp\n'}
[61.836862] (unitree_api) StdoutLine: {'line': b'-- Installing: /home/unitree/go2slam/unitree_ros2/install/unitree_api/include/unitree_api/unitree_api/msg/detail/request_identity__struct.hpp\n'}
[61.837064] (unitree_api) StdoutLine: {'line': b'-- Installing: /home/unitree/go2slam/unitree_ros2/install/unitree_api/include/unitree_api/unitree_api/msg/detail/response__struct.hpp\n'}
[61.837291] (unitree_api) StdoutLine: {'line': b'-- Installing: /home/unitree/go2slam/unitree_ros2/install/unitree_api/include/unitree_api/unitree_api/msg/detail/response_status__type_support.hpp\n'}
[61.837525] (unitree_api) StdoutLine: {'line': b'-- Installing: /home/unitree/go2slam/unitree_ros2/install/unitree_api/include/unitree_api/unitree_api/msg/detail/response_status__traits.hpp\n'}
[61.837727] (unitree_api) StdoutLine: {'line': b'-- Installing: /home/unitree/go2slam/unitree_ros2/install/unitree_api/include/unitree_api/unitree_api/msg/detail/request_policy__struct.hpp\n'}
[61.837956] (unitree_api) StdoutLine: {'line': b'-- Installing: /home/unitree/go2slam/unitree_ros2/install/unitree_api/include/unitree_api/unitree_api/msg/detail/request_header__type_support.hpp\n'}
[61.838183] (unitree_api) StdoutLine: {'line': b'-- Installing: /home/unitree/go2slam/unitree_ros2/install/unitree_api/include/unitree_api/unitree_api/msg/detail/request_lease__type_support.hpp\n'}
[61.838408] (unitree_api) StdoutLine: {'line': b'-- Installing: /home/unitree/go2slam/unitree_ros2/install/unitree_api/include/unitree_api/unitree_api/msg/detail/request_lease__traits.hpp\n'}
[61.838609] (unitree_api) StdoutLine: {'line': b'-- Installing: /home/unitree/go2slam/unitree_ros2/install/unitree_api/include/unitree_api/unitree_api/msg/detail/request_policy__type_support.hpp\n'}
[61.838835] (unitree_api) StdoutLine: {'line': b'-- Installing: /home/unitree/go2slam/unitree_ros2/install/unitree_api/include/unitree_api/unitree_api/msg/detail/response_status__struct.hpp\n'}
[61.839064] (unitree_api) StdoutLine: {'line': b'-- Installing: /home/unitree/go2slam/unitree_ros2/install/unitree_api/include/unitree_api/unitree_api/msg/detail/request_lease__struct.hpp\n'}
[61.839282] (unitree_api) StdoutLine: {'line': b'-- Installing: /home/unitree/go2slam/unitree_ros2/install/unitree_api/include/unitree_api/unitree_api/msg/detail/request_policy__traits.hpp\n'}
[61.839495] (unitree_api) StdoutLine: {'line': b'-- Installing: /home/unitree/go2slam/unitree_ros2/install/unitree_api/include/unitree_api/unitree_api/msg/detail/request_identity__type_support.hpp\n'}
[61.839704] (unitree_api) StdoutLine: {'line': b'-- Installing: /home/unitree/go2slam/unitree_ros2/install/unitree_api/include/unitree_api/unitree_api/msg/detail/response_header__traits.hpp\n'}
[61.839858] (unitree_api) StdoutLine: {'line': b'-- Installing: /home/unitree/go2slam/unitree_ros2/install/unitree_api/include/unitree_api/unitree_api/msg/detail/request_policy__builder.hpp\n'}
[61.840085] (unitree_api) StdoutLine: {'line': b'-- Installing: /home/unitree/go2slam/unitree_ros2/install/unitree_api/include/unitree_api/unitree_api/msg/detail/request_header__builder.hpp\n'}
[61.840309] (unitree_api) StdoutLine: {'line': b'-- Installing: /home/unitree/go2slam/unitree_ros2/install/unitree_api/include/unitree_api/unitree_api/msg/detail/response_header__type_support.hpp\n'}
[61.840509] (unitree_api) StdoutLine: {'line': b'-- Installing: /home/unitree/go2slam/unitree_ros2/install/unitree_api/include/unitree_api/unitree_api/msg/detail/request_identity__builder.hpp\n'}
[61.840746] (unitree_api) StdoutLine: {'line': b'-- Installing: /home/unitree/go2slam/unitree_ros2/install/unitree_api/include/unitree_api/unitree_api/msg/response_status.hpp\n'}
[61.841019] (unitree_api) StdoutLine: {'line': b'-- Installing: /home/unitree/go2slam/unitree_ros2/install/unitree_api/include/unitree_api/unitree_api/msg/request_identity.hpp\n'}
[61.841250] (unitree_api) StdoutLine: {'line': b'-- Installing: /home/unitree/go2slam/unitree_ros2/install/unitree_api/include/unitree_api/unitree_api/msg/rosidl_generator_cpp__visibility_control.hpp\n'}
[61.841530] (unitree_api) StdoutLine: {'line': b'-- Installing: /home/unitree/go2slam/unitree_ros2/install/unitree_api/include/unitree_api/unitree_api/msg/request_policy.hpp\n'}
[61.841756] (unitree_api) StdoutLine: {'line': b'-- Installing: /home/unitree/go2slam/unitree_ros2/install/unitree_api/include/unitree_api/unitree_api/msg/response.hpp\n'}
[61.841982] (unitree_api) StdoutLine: {'line': b'-- Up-to-date: /home/unitree/go2slam/unitree_ros2/install/unitree_api/include/unitree_api/unitree_api\n'}
[61.842207] (unitree_api) StdoutLine: {'line': b'-- Up-to-date: /home/unitree/go2slam/unitree_ros2/install/unitree_api/include/unitree_api/unitree_api/msg\n'}
[61.842429] (unitree_api) StdoutLine: {'line': b'-- Installing: /home/unitree/go2slam/unitree_ros2/install/unitree_api/include/unitree_api/unitree_api/msg/rosidl_typesupport_fastrtps_cpp__visibility_control.h\n'}
[61.842655] (unitree_api) StdoutLine: {'line': b'-- Up-to-date: /home/unitree/go2slam/unitree_ros2/install/unitree_api/include/unitree_api/unitree_api/msg/detail\n'}
[61.842851] (unitree_api) StdoutLine: {'line': b'-- Installing: /home/unitree/go2slam/unitree_ros2/install/unitree_api/include/unitree_api/unitree_api/msg/detail/request_identity__rosidl_typesupport_fastrtps_cpp.hpp\n'}
[61.843075] (unitree_api) StdoutLine: {'line': b'-- Installing: /home/unitree/go2slam/unitree_ros2/install/unitree_api/include/unitree_api/unitree_api/msg/detail/request__rosidl_typesupport_fastrtps_cpp.hpp\n'}
[61.843315] (unitree_api) StdoutLine: {'line': b'-- Installing: /home/unitree/go2slam/unitree_ros2/install/unitree_api/include/unitree_api/unitree_api/msg/detail/request_lease__rosidl_typesupport_fastrtps_cpp.hpp\n'}
[61.843482] (unitree_api) StdoutLine: {'line': b'-- Installing: /home/unitree/go2slam/unitree_ros2/install/unitree_api/include/unitree_api/unitree_api/msg/detail/request_policy__rosidl_typesupport_fastrtps_cpp.hpp\n'}
[61.843636] (unitree_api) StdoutLine: {'line': b'-- Installing: /home/unitree/go2slam/unitree_ros2/install/unitree_api/include/unitree_api/unitree_api/msg/detail/response_status__rosidl_typesupport_fastrtps_cpp.hpp\n'}
[61.843801] (unitree_api) StdoutLine: {'line': b'-- Installing: /home/unitree/go2slam/unitree_ros2/install/unitree_api/include/unitree_api/unitree_api/msg/detail/dds_fastrtps\n'}
[61.843946] (unitree_api) StdoutLine: {'line': b'-- Installing: /home/unitree/go2slam/unitree_ros2/install/unitree_api/include/unitree_api/unitree_api/msg/detail/response__rosidl_typesupport_fastrtps_cpp.hpp\n'}
[61.844093] (unitree_api) StdoutLine: {'line': b'-- Installing: /home/unitree/go2slam/unitree_ros2/install/unitree_api/include/unitree_api/unitree_api/msg/detail/response_header__rosidl_typesupport_fastrtps_cpp.hpp\n'}
[61.844239] (unitree_api) StdoutLine: {'line': b'-- Installing: /home/unitree/go2slam/unitree_ros2/install/unitree_api/include/unitree_api/unitree_api/msg/detail/request_header__rosidl_typesupport_fastrtps_cpp.hpp\n'}
[61.844465] (unitree_api) StdoutLine: {'line': b'-- Installing: /home/unitree/go2slam/unitree_ros2/install/unitree_api/lib/libunitree_api__rosidl_typesupport_fastrtps_cpp.so\n'}
[61.845595] (unitree_api) StdoutLine: {'line': b'-- Set non-toolchain portion of runtime path of "/home/unitree/go2slam/unitree_ros2/install/unitree_api/lib/libunitree_api__rosidl_typesupport_fastrtps_cpp.so" to ""\n'}
[61.845995] (unitree_api) StdoutLine: {'line': b'-- Up-to-date: /home/unitree/go2slam/unitree_ros2/install/unitree_api/include/unitree_api/unitree_api\n'}
[61.846165] (unitree_api) StdoutLine: {'line': b'-- Up-to-date: /home/unitree/go2slam/unitree_ros2/install/unitree_api/include/unitree_api/unitree_api/msg\n'}
[61.846396] (unitree_api) StdoutLine: {'line': b'-- Up-to-date: /home/unitree/go2slam/unitree_ros2/install/unitree_api/include/unitree_api/unitree_api/msg/detail\n'}
[61.846623] (unitree_api) StdoutLine: {'line': b'-- Installing: /home/unitree/go2slam/unitree_ros2/install/unitree_api/include/unitree_api/unitree_api/msg/detail/request_header__type_support.c\n'}
[61.846776] (unitree_api) StdoutLine: {'line': b'-- Installing: /home/unitree/go2slam/unitree_ros2/install/unitree_api/include/unitree_api/unitree_api/msg/detail/request_identity__type_support.c\n'}
[61.851136] (unitree_api) StdoutLine: {'line': b'-- Installing: /home/unitree/go2slam/unitree_ros2/install/unitree_api/include/unitree_api/unitree_api/msg/detail/request_policy__rosidl_typesupport_introspection_c.h\n'}
[61.852766] (unitree_api) StdoutLine: {'line': b'-- Installing: /home/unitree/go2slam/unitree_ros2/install/unitree_api/include/unitree_api/unitree_api/msg/detail/response_status__type_support.c\n'}
[61.853050] (unitree_api) StdoutLine: {'line': b'-- Installing: /home/unitree/go2slam/unitree_ros2/install/unitree_api/include/unitree_api/unitree_api/msg/detail/request_policy__type_support.c\n'}
[61.853752] (unitree_api) StdoutLine: {'line': b'-- Installing: /home/unitree/go2slam/unitree_ros2/install/unitree_api/include/unitree_api/unitree_api/msg/detail/response_status__rosidl_typesupport_introspection_c.h\n'}
[61.854988] (unitree_api) StdoutLine: {'line': b'-- Installing: /home/unitree/go2slam/unitree_ros2/install/unitree_api/include/unitree_api/unitree_api/msg/detail/request__rosidl_typesupport_introspection_c.h\n'}
[61.855276] (unitree_api) StdoutLine: {'line': b'-- Installing: /home/unitree/go2slam/unitree_ros2/install/unitree_api/include/unitree_api/unitree_api/msg/detail/response_header__type_support.c\n'}
[61.855475] (unitree_api) StdoutLine: {'line': b'-- Installing: /home/unitree/go2slam/unitree_ros2/install/unitree_api/include/unitree_api/unitree_api/msg/detail/request_lease__type_support.c\n'}
[61.855815] (unitree_api) StdoutLine: {'line': b'-- Installing: /home/unitree/go2slam/unitree_ros2/install/unitree_api/include/unitree_api/unitree_api/msg/detail/request_header__rosidl_typesupport_introspection_c.h\n'}
[61.856014] (unitree_api) StdoutLine: {'line': b'-- Installing: /home/unitree/go2slam/unitree_ros2/install/unitree_api/include/unitree_api/unitree_api/msg/detail/request_identity__rosidl_typesupport_introspection_c.h\n'}
[61.856667] (unitree_api) StdoutLine: {'line': b'-- Installing: /home/unitree/go2slam/unitree_ros2/install/unitree_api/include/unitree_api/unitree_api/msg/detail/response__type_support.c\n'}
[61.856872] (unitree_api) StdoutLine: {'line': b'-- Installing: /home/unitree/go2slam/unitree_ros2/install/unitree_api/include/unitree_api/unitree_api/msg/detail/request__type_support.c\n'}
[61.857029] (unitree_api) StdoutLine: {'line': b'-- Installing: /home/unitree/go2slam/unitree_ros2/install/unitree_api/include/unitree_api/unitree_api/msg/detail/response_header__rosidl_typesupport_introspection_c.h\n'}
[61.857211] (unitree_api) StdoutLine: {'line': b'-- Installing: /home/unitree/go2slam/unitree_ros2/install/unitree_api/include/unitree_api/unitree_api/msg/detail/response__rosidl_typesupport_introspection_c.h\n'}
[61.857439] (unitree_api) StdoutLine: {'line': b'-- Installing: /home/unitree/go2slam/unitree_ros2/install/unitree_api/include/unitree_api/unitree_api/msg/detail/request_lease__rosidl_typesupport_introspection_c.h\n'}
[61.870568] (unitree_api) StdoutLine: {'line': b'-- Installing: /home/unitree/go2slam/unitree_ros2/install/unitree_api/include/unitree_api/unitree_api/msg/rosidl_typesupport_introspection_c__visibility_control.h\n'}
[61.870922] (unitree_api) StdoutLine: {'line': b'-- Installing: /home/unitree/go2slam/unitree_ros2/install/unitree_api/lib/libunitree_api__rosidl_typesupport_introspection_c.so\n'}
[61.871103] (unitree_api) StdoutLine: {'line': b'-- Set non-toolchain portion of runtime path of "/home/unitree/go2slam/unitree_ros2/install/unitree_api/lib/libunitree_api__rosidl_typesupport_introspection_c.so" to ""\n'}
[61.871281] (unitree_api) StdoutLine: {'line': b'-- Installing: /home/unitree/go2slam/unitree_ros2/install/unitree_api/lib/libunitree_api__rosidl_typesupport_c.so\n'}
[61.871561] (unitree_api) StdoutLine: {'line': b'-- Set non-toolchain portion of runtime path of "/home/unitree/go2slam/unitree_ros2/install/unitree_api/lib/libunitree_api__rosidl_typesupport_c.so" to ""\n'}
[61.871735] (unitree_api) StdoutLine: {'line': b'-- Up-to-date: /home/unitree/go2slam/unitree_ros2/install/unitree_api/include/unitree_api/unitree_api\n'}
[61.871920] (unitree_api) StdoutLine: {'line': b'-- Up-to-date: /home/unitree/go2slam/unitree_ros2/install/unitree_api/include/unitree_api/unitree_api/msg\n'}
[61.872082] (unitree_api) StdoutLine: {'line': b'-- Up-to-date: /home/unitree/go2slam/unitree_ros2/install/unitree_api/include/unitree_api/unitree_api/msg/detail\n'}
[61.872243] (unitree_api) StdoutLine: {'line': b'-- Installing: /home/unitree/go2slam/unitree_ros2/install/unitree_api/include/unitree_api/unitree_api/msg/detail/request_identity__type_support.cpp\n'}
[61.872868] (unitree_api) StdoutLine: {'line': b'-- Installing: /home/unitree/go2slam/unitree_ros2/install/unitree_api/include/unitree_api/unitree_api/msg/detail/request_header__rosidl_typesupport_introspection_cpp.hpp\n'}
[61.873067] (unitree_api) StdoutLine: {'line': b'-- Installing: /home/unitree/go2slam/unitree_ros2/install/unitree_api/include/unitree_api/unitree_api/msg/detail/request_lease__type_support.cpp\n'}
[61.873281] (unitree_api) StdoutLine: {'line': b'-- Installing: /home/unitree/go2slam/unitree_ros2/install/unitree_api/include/unitree_api/unitree_api/msg/detail/response_header__type_support.cpp\n'}
[61.873439] (unitree_api) StdoutLine: {'line': b'-- Installing: /home/unitree/go2slam/unitree_ros2/install/unitree_api/include/unitree_api/unitree_api/msg/detail/request_lease__rosidl_typesupport_introspection_cpp.hpp\n'}
[61.873665] (unitree_api) StdoutLine: {'line': b'-- Installing: /home/unitree/go2slam/unitree_ros2/install/unitree_api/include/unitree_api/unitree_api/msg/detail/request__type_support.cpp\n'}
[61.873824] (unitree_api) StdoutLine: {'line': b'-- Installing: /home/unitree/go2slam/unitree_ros2/install/unitree_api/include/unitree_api/unitree_api/msg/detail/request__rosidl_typesupport_introspection_cpp.hpp\n'}
[61.874068] (unitree_api) StdoutLine: {'line': b'-- Installing: /home/unitree/go2slam/unitree_ros2/install/unitree_api/include/unitree_api/unitree_api/msg/detail/request_policy__type_support.cpp\n'}
[61.874223] (unitree_api) StdoutLine: {'line': b'-- Installing: /home/unitree/go2slam/unitree_ros2/install/unitree_api/include/unitree_api/unitree_api/msg/detail/request_identity__rosidl_typesupport_introspection_cpp.hpp\n'}
[61.875287] (unitree_api) StdoutLine: {'line': b'-- Installing: /home/unitree/go2slam/unitree_ros2/install/unitree_api/include/unitree_api/unitree_api/msg/detail/response_status__rosidl_typesupport_introspection_cpp.hpp\n'}
[61.875517] (unitree_api) StdoutLine: {'line': b'-- Installing: /home/unitree/go2slam/unitree_ros2/install/unitree_api/include/unitree_api/unitree_api/msg/detail/response__rosidl_typesupport_introspection_cpp.hpp\n'}
[61.875757] (unitree_api) StdoutLine: {'line': b'-- Installing: /home/unitree/go2slam/unitree_ros2/install/unitree_api/include/unitree_api/unitree_api/msg/detail/response_header__rosidl_typesupport_introspection_cpp.hpp\n'}
[61.876044] (unitree_api) StdoutLine: {'line': b'-- Installing: /home/unitree/go2slam/unitree_ros2/install/unitree_api/include/unitree_api/unitree_api/msg/detail/response_status__type_support.cpp\n'}
[61.876281] (unitree_api) StdoutLine: {'line': b'-- Installing: /home/unitree/go2slam/unitree_ros2/install/unitree_api/include/unitree_api/unitree_api/msg/detail/response__type_support.cpp\n'}
[61.876438] (unitree_api) StdoutLine: {'line': b'-- Installing: /home/unitree/go2slam/unitree_ros2/install/unitree_api/include/unitree_api/unitree_api/msg/detail/request_policy__rosidl_typesupport_introspection_cpp.hpp\n'}
[61.876683] (unitree_api) StdoutLine: {'line': b'-- Installing: /home/unitree/go2slam/unitree_ros2/install/unitree_api/include/unitree_api/unitree_api/msg/detail/request_header__type_support.cpp\n'}
[61.876837] (unitree_api) StdoutLine: {'line': b'-- Installing: /home/unitree/go2slam/unitree_ros2/install/unitree_api/lib/libunitree_api__rosidl_typesupport_introspection_cpp.so\n'}
[61.877985] (unitree_api) StdoutLine: {'line': b'-- Set non-toolchain portion of runtime path of "/home/unitree/go2slam/unitree_ros2/install/unitree_api/lib/libunitree_api__rosidl_typesupport_introspection_cpp.so" to ""\n'}
[61.878267] (unitree_api) StdoutLine: {'line': b'-- Installing: /home/unitree/go2slam/unitree_ros2/install/unitree_api/lib/libunitree_api__rosidl_typesupport_cpp.so\n'}
[61.878485] (unitree_api) StdoutLine: {'line': b'-- Set non-toolchain portion of runtime path of "/home/unitree/go2slam/unitree_ros2/install/unitree_api/lib/libunitree_api__rosidl_typesupport_cpp.so" to ""\n'}
[61.878653] (unitree_api) StdoutLine: {'line': b'-- Installing: /home/unitree/go2slam/unitree_ros2/install/unitree_api/share/unitree_api/environment/pythonpath.sh\n'}
[61.882520] (unitree_api) StdoutLine: {'line': b'-- Installing: /home/unitree/go2slam/unitree_ros2/install/unitree_api/share/unitree_api/environment/pythonpath.dsv\n'}
[61.882865] (unitree_api) StdoutLine: {'line': b'-- Installing: /home/unitree/go2slam/unitree_ros2/install/unitree_api/lib/python3.12/site-packages/unitree_api-0.0.0-py3.12.egg-info\n'}
[61.883235] (unitree_api) StdoutLine: {'line': b'-- Installing: /home/unitree/go2slam/unitree_ros2/install/unitree_api/lib/python3.12/site-packages/unitree_api-0.0.0-py3.12.egg-info/top_level.txt\n'}
[61.883583] (unitree_api) StdoutLine: {'line': b'-- Installing: /home/unitree/go2slam/unitree_ros2/install/unitree_api/lib/python3.12/site-packages/unitree_api-0.0.0-py3.12.egg-info/PKG-INFO\n'}
[61.886149] (unitree_api) StdoutLine: {'line': b'-- Installing: /home/unitree/go2slam/unitree_ros2/install/unitree_api/lib/python3.12/site-packages/unitree_api-0.0.0-py3.12.egg-info/dependency_links.txt\n'}
[61.886445] (unitree_api) StdoutLine: {'line': b'-- Installing: /home/unitree/go2slam/unitree_ros2/install/unitree_api/lib/python3.12/site-packages/unitree_api-0.0.0-py3.12.egg-info/SOURCES.txt\n'}
[61.886628] (unitree_api) StdoutLine: {'line': b'-- Installing: /home/unitree/go2slam/unitree_ros2/install/unitree_api/lib/python3.12/site-packages/unitree_api\n'}
[61.886792] (unitree_api) StdoutLine: {'line': b'-- Installing: /home/unitree/go2slam/unitree_ros2/install/unitree_api/lib/python3.12/site-packages/unitree_api/unitree_api_s__rosidl_typesupport_introspection_c.so\n'}
[61.886975] (unitree_api) StdoutLine: {'line': b'-- Installing: /home/unitree/go2slam/unitree_ros2/install/unitree_api/lib/python3.12/site-packages/unitree_api/unitree_api_s__rosidl_typesupport_fastrtps_c.so\n'}
[61.887132] (unitree_api) StdoutLine: {'line': b'-- Installing: /home/unitree/go2slam/unitree_ros2/install/unitree_api/lib/python3.12/site-packages/unitree_api/unitree_api_s__rosidl_typesupport_c.so\n'}
[61.887282] (unitree_api) StdoutLine: {'line': b'-- Installing: /home/unitree/go2slam/unitree_ros2/install/unitree_api/lib/python3.12/site-packages/unitree_api/__init__.py\n'}
[61.887605] (unitree_api) StdoutLine: {'line': b'-- Installing: /home/unitree/go2slam/unitree_ros2/install/unitree_api/lib/python3.12/site-packages/unitree_api/msg\n'}
[61.887779] (unitree_api) StdoutLine: {'line': b'-- Installing: /home/unitree/go2slam/unitree_ros2/install/unitree_api/lib/python3.12/site-packages/unitree_api/msg/_request_lease_s.c\n'}
[61.887931] (unitree_api) StdoutLine: {'line': b'-- Installing: /home/unitree/go2slam/unitree_ros2/install/unitree_api/lib/python3.12/site-packages/unitree_api/msg/_response_status_s.c\n'}
[61.888077] (unitree_api) StdoutLine: {'line': b'-- Installing: /home/unitree/go2slam/unitree_ros2/install/unitree_api/lib/python3.12/site-packages/unitree_api/msg/_request_s.c\n'}
[61.888223] (unitree_api) StdoutLine: {'line': b'-- Installing: /home/unitree/go2slam/unitree_ros2/install/unitree_api/lib/python3.12/site-packages/unitree_api/msg/_request_identity.py\n'}
[61.888369] (unitree_api) StdoutLine: {'line': b'-- Installing: /home/unitree/go2slam/unitree_ros2/install/unitree_api/lib/python3.12/site-packages/unitree_api/msg/_request.py\n'}
[61.888512] (unitree_api) StdoutLine: {'line': b'-- Installing: /home/unitree/go2slam/unitree_ros2/install/unitree_api/lib/python3.12/site-packages/unitree_api/msg/_request_identity_s.c\n'}
[61.888654] (unitree_api) StdoutLine: {'line': b'-- Installing: /home/unitree/go2slam/unitree_ros2/install/unitree_api/lib/python3.12/site-packages/unitree_api/msg/_request_header_s.c\n'}
[61.888827] (unitree_api) StdoutLine: {'line': b'-- Installing: /home/unitree/go2slam/unitree_ros2/install/unitree_api/lib/python3.12/site-packages/unitree_api/msg/_response_status.py\n'}
[61.888973] (unitree_api) StdoutLine: {'line': b'-- Installing: /home/unitree/go2slam/unitree_ros2/install/unitree_api/lib/python3.12/site-packages/unitree_api/msg/__init__.py\n'}
[61.889118] (unitree_api) StdoutLine: {'line': b'-- Installing: /home/unitree/go2slam/unitree_ros2/install/unitree_api/lib/python3.12/site-packages/unitree_api/msg/_response_header_s.c\n'}
[61.889263] (unitree_api) StdoutLine: {'line': b'-- Installing: /home/unitree/go2slam/unitree_ros2/install/unitree_api/lib/python3.12/site-packages/unitree_api/msg/_response.py\n'}
[61.889408] (unitree_api) StdoutLine: {'line': b'-- Installing: /home/unitree/go2slam/unitree_ros2/install/unitree_api/lib/python3.12/site-packages/unitree_api/msg/_response_header.py\n'}
[61.889552] (unitree_api) StdoutLine: {'line': b'-- Installing: /home/unitree/go2slam/unitree_ros2/install/unitree_api/lib/python3.12/site-packages/unitree_api/msg/_request_policy.py\n'}
[61.889695] (unitree_api) StdoutLine: {'line': b'-- Installing: /home/unitree/go2slam/unitree_ros2/install/unitree_api/lib/python3.12/site-packages/unitree_api/msg/_response_s.c\n'}
[61.889889] (unitree_api) StdoutLine: {'line': b'-- Installing: /home/unitree/go2slam/unitree_ros2/install/unitree_api/lib/python3.12/site-packages/unitree_api/msg/_request_lease.py\n'}
[61.890034] (unitree_api) StdoutLine: {'line': b'-- Installing: /home/unitree/go2slam/unitree_ros2/install/unitree_api/lib/python3.12/site-packages/unitree_api/msg/_request_policy_s.c\n'}
[61.890177] (unitree_api) StdoutLine: {'line': b'-- Installing: /home/unitree/go2slam/unitree_ros2/install/unitree_api/lib/python3.12/site-packages/unitree_api/msg/_request_header.py\n'}
[61.890318] (unitree_api) StdoutLine: {'line': b'-- Installing: /home/unitree/go2slam/unitree_ros2/install/unitree_api/lib/python3.12/site-packages/unitree_api/_unitree_api_s.ep.rosidl_typesupport_fastrtps_c.c\n'}
[61.890489] (unitree_api) StdoutLine: {'line': b'-- Installing: /home/unitree/go2slam/unitree_ros2/install/unitree_api/lib/python3.12/site-packages/unitree_api/_unitree_api_s.ep.rosidl_typesupport_c.c\n'}
[61.890635] (unitree_api) StdoutLine: {'line': b'-- Installing: /home/unitree/go2slam/unitree_ros2/install/unitree_api/lib/python3.12/site-packages/unitree_api/_unitree_api_s.ep.rosidl_typesupport_introspection_c.c\n'}
[61.913050] (-) TimerEvent: {}
[61.992621] (unitree_api) StdoutLine: {'line': b"Listing '/home/unitree/go2slam/unitree_ros2/install/unitree_api/lib/python3.12/site-packages/unitree_api'...\n"}
[61.993686] (unitree_api) StdoutLine: {'line': b"Compiling '/home/unitree/go2slam/unitree_ros2/install/unitree_api/lib/python3.12/site-packages/unitree_api/__init__.py'...\n"}
[61.993921] (unitree_api) StdoutLine: {'line': b"Listing '/home/unitree/go2slam/unitree_ros2/install/unitree_api/lib/python3.12/site-packages/unitree_api/msg'...\n"}
[61.994097] (unitree_api) StdoutLine: {'line': b"Compiling '/home/unitree/go2slam/unitree_ros2/install/unitree_api/lib/python3.12/site-packages/unitree_api/msg/__init__.py'...\n"}
[61.994259] (unitree_api) StdoutLine: {'line': b"Compiling '/home/unitree/go2slam/unitree_ros2/install/unitree_api/lib/python3.12/site-packages/unitree_api/msg/_request.py'...\n"}
[61.994413] (unitree_api) StdoutLine: {'line': b"Compiling '/home/unitree/go2slam/unitree_ros2/install/unitree_api/lib/python3.12/site-packages/unitree_api/msg/_request_header.py'...\n"}
[61.994565] (unitree_api) StdoutLine: {'line': b"Compiling '/home/unitree/go2slam/unitree_ros2/install/unitree_api/lib/python3.12/site-packages/unitree_api/msg/_request_identity.py'...\n"}
[61.994715] (unitree_api) StdoutLine: {'line': b"Compiling '/home/unitree/go2slam/unitree_ros2/install/unitree_api/lib/python3.12/site-packages/unitree_api/msg/_request_lease.py'...\n"}
[61.994898] (unitree_api) StdoutLine: {'line': b"Compiling '/home/unitree/go2slam/unitree_ros2/install/unitree_api/lib/python3.12/site-packages/unitree_api/msg/_request_policy.py'...\n"}
[61.995052] (unitree_api) StdoutLine: {'line': b"Compiling '/home/unitree/go2slam/unitree_ros2/install/unitree_api/lib/python3.12/site-packages/unitree_api/msg/_response.py'...\n"}
[61.995201] (unitree_api) StdoutLine: {'line': b"Compiling '/home/unitree/go2slam/unitree_ros2/install/unitree_api/lib/python3.12/site-packages/unitree_api/msg/_response_header.py'...\n"}
[61.995379] (unitree_api) StdoutLine: {'line': b"Compiling '/home/unitree/go2slam/unitree_ros2/install/unitree_api/lib/python3.12/site-packages/unitree_api/msg/_response_status.py'...\n"}
[62.009975] (unitree_api) StdoutLine: {'line': b'-- Installing: /home/unitree/go2slam/unitree_ros2/install/unitree_api/lib/python3.12/site-packages/unitree_api/unitree_api_s__rosidl_typesupport_fastrtps_c.so\n'}
[62.010619] (unitree_api) StdoutLine: {'line': b'-- Set non-toolchain portion of runtime path of "/home/unitree/go2slam/unitree_ros2/install/unitree_api/lib/python3.12/site-packages/unitree_api/unitree_api_s__rosidl_typesupport_fastrtps_c.so" to ""\n'}
[62.011101] (unitree_api) StdoutLine: {'line': b'-- Installing: /home/unitree/go2slam/unitree_ros2/install/unitree_api/lib/python3.12/site-packages/unitree_api/unitree_api_s__rosidl_typesupport_introspection_c.so\n'}
[62.012394] (unitree_api) StdoutLine: {'line': b'-- Set non-toolchain portion of runtime path of "/home/unitree/go2slam/unitree_ros2/install/unitree_api/lib/python3.12/site-packages/unitree_api/unitree_api_s__rosidl_typesupport_introspection_c.so" to ""\n'}
[62.013131] (unitree_api) StdoutLine: {'line': b'-- Installing: /home/unitree/go2slam/unitree_ros2/install/unitree_api/lib/python3.12/site-packages/unitree_api/unitree_api_s__rosidl_typesupport_c.so\n'}
[62.013340] (-) TimerEvent: {}
[62.014326] (unitree_api) StdoutLine: {'line': b'-- Set non-toolchain portion of runtime path of "/home/unitree/go2slam/unitree_ros2/install/unitree_api/lib/python3.12/site-packages/unitree_api/unitree_api_s__rosidl_typesupport_c.so" to ""\n'}
[62.014597] (unitree_api) StdoutLine: {'line': b'-- Installing: /home/unitree/go2slam/unitree_ros2/install/unitree_api/lib/libunitree_api__rosidl_generator_py.so\n'}
[62.016167] (unitree_api) StdoutLine: {'line': b'-- Set non-toolchain portion of runtime path of "/home/unitree/go2slam/unitree_ros2/install/unitree_api/lib/libunitree_api__rosidl_generator_py.so" to ""\n'}
[62.016473] (unitree_api) StdoutLine: {'line': b'-- Installing: /home/unitree/go2slam/unitree_ros2/install/unitree_api/share/ament_index/resource_index/rust_packages/unitree_api\n'}
[62.016715] (unitree_api) StdoutLine: {'line': b'-- Installing: /home/unitree/go2slam/unitree_ros2/install/unitree_api/share/unitree_api/rust\n'}
[62.016975] (unitree_api) StdoutLine: {'line': b'-- Installing: /home/unitree/go2slam/unitree_ros2/install/unitree_api/share/unitree_api/rust/build.rs\n'}
[62.017253] (unitree_api) StdoutLine: {'line': b'-- Installing: /home/unitree/go2slam/unitree_ros2/install/unitree_api/share/unitree_api/rust/src\n'}
[62.017462] (unitree_api) StdoutLine: {'line': b'-- Installing: /home/unitree/go2slam/unitree_ros2/install/unitree_api/share/unitree_api/rust/src/msg\n'}
[62.017694] (unitree_api) StdoutLine: {'line': b'-- Installing: /home/unitree/go2slam/unitree_ros2/install/unitree_api/share/unitree_api/rust/src/msg/rmw.rs\n'}
[62.017866] (unitree_api) StdoutLine: {'line': b'-- Installing: /home/unitree/go2slam/unitree_ros2/install/unitree_api/share/unitree_api/rust/src/msg.rs\n'}
[62.018119] (unitree_api) StdoutLine: {'line': b'-- Installing: /home/unitree/go2slam/unitree_ros2/install/unitree_api/share/unitree_api/rust/src/lib.rs\n'}
[62.018317] (unitree_api) StdoutLine: {'line': b'-- Installing: /home/unitree/go2slam/unitree_ros2/install/unitree_api/share/unitree_api/rust/Cargo.toml\n'}
[62.018546] (unitree_api) StdoutLine: {'line': b'-- Installing: /home/unitree/go2slam/unitree_ros2/install/unitree_api/share/unitree_api/msg/Request.idl\n'}
[62.019076] (unitree_api) StdoutLine: {'line': b'-- Installing: /home/unitree/go2slam/unitree_ros2/install/unitree_api/share/unitree_api/msg/RequestHeader.idl\n'}
[62.019272] (unitree_api) StdoutLine: {'line': b'-- Installing: /home/unitree/go2slam/unitree_ros2/install/unitree_api/share/unitree_api/msg/RequestIdentity.idl\n'}
[62.019619] (unitree_api) StdoutLine: {'line': b'-- Installing: /home/unitree/go2slam/unitree_ros2/install/unitree_api/share/unitree_api/msg/RequestLease.idl\n'}
[62.019830] (unitree_api) StdoutLine: {'line': b'-- Installing: /home/unitree/go2slam/unitree_ros2/install/unitree_api/share/unitree_api/msg/RequestPolicy.idl\n'}
[62.020068] (unitree_api) StdoutLine: {'line': b'-- Installing: /home/unitree/go2slam/unitree_ros2/install/unitree_api/share/unitree_api/msg/Response.idl\n'}
[62.020445] (unitree_api) StdoutLine: {'line': b'-- Installing: /home/unitree/go2slam/unitree_ros2/install/unitree_api/share/unitree_api/msg/ResponseHeader.idl\n'}
[62.020710] (unitree_api) StdoutLine: {'line': b'-- Installing: /home/unitree/go2slam/unitree_ros2/install/unitree_api/share/unitree_api/msg/ResponseStatus.idl\n'}
[62.021003] (unitree_api) StdoutLine: {'line': b'-- Installing: /home/unitree/go2slam/unitree_ros2/install/unitree_api/share/unitree_api/msg/Request.msg\n'}
[62.021320] (unitree_api) StdoutLine: {'line': b'-- Installing: /home/unitree/go2slam/unitree_ros2/install/unitree_api/share/unitree_api/msg/RequestHeader.msg\n'}
[62.021655] (unitree_go) StdoutLine: {'line': b'[ 36%] \x1b[32mBuilding CXX object CMakeFiles/unitree_go__rosidl_typesupport_fastrtps_c.dir/rosidl_typesupport_fastrtps_c/unitree_go/msg/detail/uwb_switch__type_support_c.cpp.o\x1b[0m\n'}
[62.021891] (unitree_api) StdoutLine: {'line': b'-- Installing: /home/unitree/go2slam/unitree_ros2/install/unitree_api/share/unitree_api/msg/RequestIdentity.msg\n'}
[62.022108] (unitree_api) StdoutLine: {'line': b'-- Installing: /home/unitree/go2slam/unitree_ros2/install/unitree_api/share/unitree_api/msg/RequestLease.msg\n'}
[62.022318] (unitree_api) StdoutLine: {'line': b'-- Installing: /home/unitree/go2slam/unitree_ros2/install/unitree_api/share/unitree_api/msg/RequestPolicy.msg\n'}
[62.022567] (unitree_api) StdoutLine: {'line': b'-- Installing: /home/unitree/go2slam/unitree_ros2/install/unitree_api/share/unitree_api/msg/Response.msg\n'}
[62.023062] (unitree_api) StdoutLine: {'line': b'-- Installing: /home/unitree/go2slam/unitree_ros2/install/unitree_api/share/unitree_api/msg/ResponseHeader.msg\n'}
[62.023471] (unitree_api) StdoutLine: {'line': b'-- Installing: /home/unitree/go2slam/unitree_ros2/install/unitree_api/share/unitree_api/msg/ResponseStatus.msg\n'}
[62.023851] (unitree_api) StdoutLine: {'line': b'-- Installing: /home/unitree/go2slam/unitree_ros2/install/unitree_api/share/unitree_api/msg/dds_connext\n'}
[62.024109] (unitree_api) StdoutLine: {'line': b'-- Installing: /home/unitree/go2slam/unitree_ros2/install/unitree_api/share/unitree_api/msg/dds_connext/RequestHeader_.idl\n'}
[62.024342] (unitree_api) StdoutLine: {'line': b'-- Installing: /home/unitree/go2slam/unitree_ros2/install/unitree_api/share/unitree_api/msg/dds_connext/ResponseStatus_.idl\n'}
[62.024567] (unitree_api) StdoutLine: {'line': b'-- Installing: /home/unitree/go2slam/unitree_ros2/install/unitree_api/share/unitree_api/msg/dds_connext/Response_.idl\n'}
[62.024793] (unitree_api) StdoutLine: {'line': b'-- Installing: /home/unitree/go2slam/unitree_ros2/install/unitree_api/share/unitree_api/msg/dds_connext/RequestIdentity_.idl\n'}
[62.025026] (unitree_api) StdoutLine: {'line': b'-- Installing: /home/unitree/go2slam/unitree_ros2/install/unitree_api/share/unitree_api/msg/dds_connext/ResponseHeader_.idl\n'}
[62.025276] (unitree_api) StdoutLine: {'line': b'-- Installing: /home/unitree/go2slam/unitree_ros2/install/unitree_api/share/unitree_api/msg/dds_connext/Request_.idl\n'}
[62.025770] (unitree_api) StdoutLine: {'line': b'-- Installing: /home/unitree/go2slam/unitree_ros2/install/unitree_api/share/unitree_api/msg/dds_connext/RequestLease_.idl\n'}
[62.025967] (unitree_api) StdoutLine: {'line': b'-- Installing: /home/unitree/go2slam/unitree_ros2/install/unitree_api/share/unitree_api/msg/dds_connext/RequestPolicy_.idl\n'}
[62.026174] (unitree_api) StdoutLine: {'line': b'-- Installing: /home/unitree/go2slam/unitree_ros2/install/unitree_api/share/ament_index/resource_index/package_run_dependencies/unitree_api\n'}
[62.026423] (unitree_api) StdoutLine: {'line': b'-- Installing: /home/unitree/go2slam/unitree_ros2/install/unitree_api/share/ament_index/resource_index/parent_prefix_path/unitree_api\n'}
[62.026758] (unitree_api) StdoutLine: {'line': b'-- Installing: /home/unitree/go2slam/unitree_ros2/install/unitree_api/share/unitree_api/environment/ament_prefix_path.sh\n'}
[62.027132] (unitree_api) StdoutLine: {'line': b'-- Installing: /home/unitree/go2slam/unitree_ros2/install/unitree_api/share/unitree_api/environment/ament_prefix_path.dsv\n'}
[62.027595] (unitree_api) StdoutLine: {'line': b'-- Installing: /home/unitree/go2slam/unitree_ros2/install/unitree_api/share/unitree_api/environment/path.sh\n'}
[62.027926] (unitree_api) StdoutLine: {'line': b'-- Installing: /home/unitree/go2slam/unitree_ros2/install/unitree_api/share/unitree_api/environment/path.dsv\n'}
[62.028214] (unitree_api) StdoutLine: {'line': b'-- Installing: /home/unitree/go2slam/unitree_ros2/install/unitree_api/share/unitree_api/local_setup.bash\n'}
[62.028512] (unitree_api) StdoutLine: {'line': b'-- Installing: /home/unitree/go2slam/unitree_ros2/install/unitree_api/share/unitree_api/local_setup.sh\n'}
[62.029383] (unitree_api) StdoutLine: {'line': b'-- Installing: /home/unitree/go2slam/unitree_ros2/install/unitree_api/share/unitree_api/local_setup.zsh\n'}
[62.029685] (unitree_api) StdoutLine: {'line': b'-- Installing: /home/unitree/go2slam/unitree_ros2/install/unitree_api/share/unitree_api/local_setup.dsv\n'}
[62.029960] (unitree_api) StdoutLine: {'line': b'-- Installing: /home/unitree/go2slam/unitree_ros2/install/unitree_api/share/unitree_api/package.dsv\n'}
[62.030360] (unitree_api) StdoutLine: {'line': b'-- Installing: /home/unitree/go2slam/unitree_ros2/install/unitree_api/share/ament_index/resource_index/packages/unitree_api\n'}
[62.030771] (unitree_api) StdoutLine: {'line': b'-- Installing: /home/unitree/go2slam/unitree_ros2/install/unitree_api/share/unitree_api/cmake/export_unitree_api__rosidl_generator_cExport.cmake\n'}
[62.031130] (unitree_api) StdoutLine: {'line': b'-- Installing: /home/unitree/go2slam/unitree_ros2/install/unitree_api/share/unitree_api/cmake/export_unitree_api__rosidl_generator_cExport-noconfig.cmake\n'}
[62.031511] (unitree_api) StdoutLine: {'line': b'-- Installing: /home/unitree/go2slam/unitree_ros2/install/unitree_api/share/unitree_api/cmake/export_unitree_api__rosidl_typesupport_fastrtps_cExport.cmake\n'}
[62.031889] (unitree_api) StdoutLine: {'line': b'-- Installing: /home/unitree/go2slam/unitree_ros2/install/unitree_api/share/unitree_api/cmake/export_unitree_api__rosidl_typesupport_fastrtps_cExport-noconfig.cmake\n'}
[62.032187] (unitree_api) StdoutLine: {'line': b'-- Installing: /home/unitree/go2slam/unitree_ros2/install/unitree_api/share/unitree_api/cmake/export_unitree_api__rosidl_generator_cppExport.cmake\n'}
[62.032544] (unitree_api) StdoutLine: {'line': b'-- Installing: /home/unitree/go2slam/unitree_ros2/install/unitree_api/share/unitree_api/cmake/export_unitree_api__rosidl_typesupport_fastrtps_cppExport.cmake\n'}
[62.032855] (unitree_api) StdoutLine: {'line': b'-- Installing: /home/unitree/go2slam/unitree_ros2/install/unitree_api/share/unitree_api/cmake/export_unitree_api__rosidl_typesupport_fastrtps_cppExport-noconfig.cmake\n'}
[62.033202] (unitree_api) StdoutLine: {'line': b'-- Installing: /home/unitree/go2slam/unitree_ros2/install/unitree_api/share/unitree_api/cmake/unitree_api__rosidl_typesupport_introspection_cExport.cmake\n'}
[62.033538] (unitree_api) StdoutLine: {'line': b'-- Installing: /home/unitree/go2slam/unitree_ros2/install/unitree_api/share/unitree_api/cmake/unitree_api__rosidl_typesupport_introspection_cExport-noconfig.cmake\n'}
[62.033889] (unitree_api) StdoutLine: {'line': b'-- Installing: /home/unitree/go2slam/unitree_ros2/install/unitree_api/share/unitree_api/cmake/unitree_api__rosidl_typesupport_cExport.cmake\n'}
[62.034306] (unitree_api) StdoutLine: {'line': b'-- Installing: /home/unitree/go2slam/unitree_ros2/install/unitree_api/share/unitree_api/cmake/unitree_api__rosidl_typesupport_cExport-noconfig.cmake\n'}
[62.034564] (unitree_api) StdoutLine: {'line': b'-- Installing: /home/unitree/go2slam/unitree_ros2/install/unitree_api/share/unitree_api/cmake/unitree_api__rosidl_typesupport_introspection_cppExport.cmake\n'}
[62.034861] (unitree_api) StdoutLine: {'line': b'-- Installing: /home/unitree/go2slam/unitree_ros2/install/unitree_api/share/unitree_api/cmake/unitree_api__rosidl_typesupport_introspection_cppExport-noconfig.cmake\n'}
[62.035207] (unitree_api) StdoutLine: {'line': b'-- Installing: /home/unitree/go2slam/unitree_ros2/install/unitree_api/share/unitree_api/cmake/unitree_api__rosidl_typesupport_cppExport.cmake\n'}
[62.035704] (unitree_api) StdoutLine: {'line': b'-- Installing: /home/unitree/go2slam/unitree_ros2/install/unitree_api/share/unitree_api/cmake/unitree_api__rosidl_typesupport_cppExport-noconfig.cmake\n'}
[62.036074] (unitree_api) StdoutLine: {'line': b'-- Installing: /home/unitree/go2slam/unitree_ros2/install/unitree_api/share/unitree_api/cmake/export_unitree_api__rosidl_generator_pyExport.cmake\n'}
[62.036383] (unitree_api) StdoutLine: {'line': b'-- Installing: /home/unitree/go2slam/unitree_ros2/install/unitree_api/share/unitree_api/cmake/export_unitree_api__rosidl_generator_pyExport-noconfig.cmake\n'}
[62.036714] (unitree_api) StdoutLine: {'line': b'-- Installing: /home/unitree/go2slam/unitree_ros2/install/unitree_api/share/unitree_api/cmake/rosidl_cmake-extras.cmake\n'}
[62.037004] (unitree_api) StdoutLine: {'line': b'-- Installing: /home/unitree/go2slam/unitree_ros2/install/unitree_api/share/unitree_api/cmake/ament_cmake_export_dependencies-extras.cmake\n'}
[62.037324] (unitree_api) StdoutLine: {'line': b'-- Installing: /home/unitree/go2slam/unitree_ros2/install/unitree_api/share/unitree_api/cmake/ament_cmake_export_include_directories-extras.cmake\n'}
[62.037621] (unitree_api) StdoutLine: {'line': b'-- Installing: /home/unitree/go2slam/unitree_ros2/install/unitree_api/share/unitree_api/cmake/ament_cmake_export_libraries-extras.cmake\n'}
[62.037941] (unitree_api) StdoutLine: {'line': b'-- Installing: /home/unitree/go2slam/unitree_ros2/install/unitree_api/share/unitree_api/cmake/ament_cmake_export_targets-extras.cmake\n'}
[62.038220] (unitree_api) StdoutLine: {'line': b'-- Installing: /home/unitree/go2slam/unitree_ros2/install/unitree_api/share/unitree_api/cmake/rosidl_cmake_export_typesupport_targets-extras.cmake\n'}
[62.038527] (unitree_api) StdoutLine: {'line': b'-- Installing: /home/unitree/go2slam/unitree_ros2/install/unitree_api/share/unitree_api/cmake/rosidl_cmake_export_typesupport_libraries-extras.cmake\n'}
[62.038831] (unitree_api) StdoutLine: {'line': b'-- Installing: /home/unitree/go2slam/unitree_ros2/install/unitree_api/share/unitree_api/cmake/unitree_apiConfig.cmake\n'}
[62.039071] (unitree_api) StdoutLine: {'line': b'-- Installing: /home/unitree/go2slam/unitree_ros2/install/unitree_api/share/unitree_api/cmake/unitree_apiConfig-version.cmake\n'}
[62.039437] (unitree_api) StdoutLine: {'line': b'-- Installing: /home/unitree/go2slam/unitree_ros2/install/unitree_api/share/unitree_api/package.xml\n'}
[62.044802] (unitree_api) CommandEnded: {'returncode': 0}
[62.113649] (-) TimerEvent: {}
[62.115796] (unitree_api) JobEnded: {'identifier': 'unitree_api', 'rc': 0}
[62.213814] (-) TimerEvent: {}
[62.314362] (-) TimerEvent: {}
[62.415157] (-) TimerEvent: {}
[62.515737] (-) TimerEvent: {}
[62.616302] (-) TimerEvent: {}
[62.716889] (-) TimerEvent: {}
[62.817551] (-) TimerEvent: {}
[62.918124] (-) TimerEvent: {}
[63.013444] (unitree_go) StdoutLine: {'line': b'[ 36%] \x1b[32mBuilding CXX object CMakeFiles/unitree_go__rosidl_typesupport_fastrtps_c.dir/rosidl_typesupport_fastrtps_c/unitree_go/msg/detail/wireless_controller__type_support_c.cpp.o\x1b[0m\n'}
[63.018222] (-) TimerEvent: {}
[63.118677] (-) TimerEvent: {}
[63.219262] (-) TimerEvent: {}
[63.319867] (-) TimerEvent: {}
[63.420507] (-) TimerEvent: {}
[63.521142] (-) TimerEvent: {}
[63.621772] (-) TimerEvent: {}
[63.722413] (-) TimerEvent: {}
[63.756140] (unitree_hg) StdoutLine: {'line': b'[ 77%] \x1b[32mBuilding CXX object CMakeFiles/unitree_hg__rosidl_typesupport_fastrtps_cpp.dir/rosidl_typesupport_fastrtps_cpp/unitree_hg/msg/detail/dds_fastrtps/bms_cmd__type_support.cpp.o\x1b[0m\n'}
[63.822595] (-) TimerEvent: {}
[63.923210] (-) TimerEvent: {}
[64.023870] (-) TimerEvent: {}
[64.094811] (unitree_go) StdoutLine: {'line': b'[ 37%] \x1b[32m\x1b[1mLinking CXX shared library libunitree_go__rosidl_typesupport_fastrtps_c.so\x1b[0m\n'}
[64.124055] (-) TimerEvent: {}
[64.224680] (-) TimerEvent: {}
[64.275359] (unitree_go) StdoutLine: {'line': b'[ 37%] Built target unitree_go__rosidl_typesupport_fastrtps_c\n'}
[64.306438] (unitree_go) StdoutLine: {'line': b'[ 37%] \x1b[34m\x1b[1mGenerating C++ type support dispatch for ROS interfaces\x1b[0m\n'}
[64.324827] (-) TimerEvent: {}
[64.425398] (-) TimerEvent: {}
[64.525964] (-) TimerEvent: {}
[64.626545] (-) TimerEvent: {}
[64.727127] (-) TimerEvent: {}
[64.827742] (-) TimerEvent: {}
[64.834877] (unitree_hg) StdoutLine: {'line': b'[ 78%] \x1b[32mBuilding CXX object CMakeFiles/unitree_hg__rosidl_typesupport_fastrtps_cpp.dir/rosidl_typesupport_fastrtps_cpp/unitree_hg/msg/detail/dds_fastrtps/low_cmd__type_support.cpp.o\x1b[0m\n'}
[64.927912] (-) TimerEvent: {}
[65.028479] (-) TimerEvent: {}
[65.129083] (-) TimerEvent: {}
[65.229663] (-) TimerEvent: {}
[65.330236] (-) TimerEvent: {}
[65.430823] (-) TimerEvent: {}
[65.531445] (-) TimerEvent: {}
[65.632053] (-) TimerEvent: {}
[65.733743] (-) TimerEvent: {}
[65.834324] (-) TimerEvent: {}
[65.930397] (unitree_hg) StdoutLine: {'line': b'[ 79%] \x1b[32mBuilding CXX object CMakeFiles/unitree_hg__rosidl_typesupport_fastrtps_cpp.dir/rosidl_typesupport_fastrtps_cpp/unitree_hg/msg/detail/dds_fastrtps/low_state__type_support.cpp.o\x1b[0m\n'}
[65.934436] (-) TimerEvent: {}
[66.034949] (-) TimerEvent: {}
[66.135508] (-) TimerEvent: {}
[66.236126] (-) TimerEvent: {}
[66.336744] (-) TimerEvent: {}
[66.437361] (-) TimerEvent: {}
[66.537977] (-) TimerEvent: {}
[66.638607] (-) TimerEvent: {}
[66.738357] (unitree_go) StdoutLine: {'line': b'[ 38%] \x1b[32mBuilding CXX object CMakeFiles/unitree_go__rosidl_typesupport_cpp.dir/rosidl_typesupport_cpp/unitree_go/msg/audio_data__type_support.cpp.o\x1b[0m\n'}
[66.738852] (-) TimerEvent: {}
[66.839351] (-) TimerEvent: {}
[66.939960] (-) TimerEvent: {}
[67.040586] (-) TimerEvent: {}
[67.042035] (unitree_hg) StdoutLine: {'line': b'[ 79%] \x1b[32mBuilding CXX object CMakeFiles/unitree_hg__rosidl_typesupport_fastrtps_cpp.dir/rosidl_typesupport_fastrtps_cpp/unitree_hg/msg/detail/dds_fastrtps/main_board_state__type_support.cpp.o\x1b[0m\n'}
[67.140764] (-) TimerEvent: {}
[67.241397] (-) TimerEvent: {}
[67.342012] (-) TimerEvent: {}
[67.442628] (-) TimerEvent: {}
[67.456582] (unitree_go) StdoutLine: {'line': b'[ 38%] \x1b[32mBuilding CXX object CMakeFiles/unitree_go__rosidl_typesupport_cpp.dir/rosidl_typesupport_cpp/unitree_go/msg/bms_cmd__type_support.cpp.o\x1b[0m\n'}
[67.542816] (-) TimerEvent: {}
[67.643469] (-) TimerEvent: {}
[67.744109] (-) TimerEvent: {}
[67.844743] (-) TimerEvent: {}
[67.945369] (-) TimerEvent: {}
[68.046018] (-) TimerEvent: {}
[68.146661] (-) TimerEvent: {}
[68.184744] (unitree_go) StdoutLine: {'line': b'[ 39%] \x1b[32mBuilding CXX object CMakeFiles/unitree_go__rosidl_typesupport_cpp.dir/rosidl_typesupport_cpp/unitree_go/msg/bms_state__type_support.cpp.o\x1b[0m\n'}
[68.186905] (unitree_hg) StdoutLine: {'line': b'[ 80%] \x1b[32mBuilding CXX object CMakeFiles/unitree_hg__rosidl_typesupport_fastrtps_cpp.dir/rosidl_typesupport_fastrtps_cpp/unitree_hg/msg/detail/dds_fastrtps/motor_cmd__type_support.cpp.o\x1b[0m\n'}
[68.246848] (-) TimerEvent: {}
[68.347446] (-) TimerEvent: {}
[68.448065] (-) TimerEvent: {}
[68.548674] (-) TimerEvent: {}
[68.649280] (-) TimerEvent: {}
[68.751929] (-) TimerEvent: {}
[68.852556] (-) TimerEvent: {}
[68.894627] (unitree_go) StdoutLine: {'line': b'[ 39%] \x1b[32mBuilding CXX object CMakeFiles/unitree_go__rosidl_typesupport_cpp.dir/rosidl_typesupport_cpp/unitree_go/msg/error__type_support.cpp.o\x1b[0m\n'}
[68.952748] (-) TimerEvent: {}
[69.053371] (-) TimerEvent: {}
[69.154005] (-) TimerEvent: {}
[69.254650] (-) TimerEvent: {}
[69.258857] (unitree_hg) StdoutLine: {'line': b'[ 81%] \x1b[32mBuilding CXX object CMakeFiles/unitree_hg__rosidl_typesupport_fastrtps_cpp.dir/rosidl_typesupport_fastrtps_cpp/unitree_hg/msg/detail/dds_fastrtps/motor_state__type_support.cpp.o\x1b[0m\n'}
[69.354834] (-) TimerEvent: {}
[69.455465] (-) TimerEvent: {}
[69.556099] (-) TimerEvent: {}
[69.567945] (unitree_go) StdoutLine: {'line': b'[ 39%] \x1b[32mBuilding CXX object CMakeFiles/unitree_go__rosidl_typesupport_cpp.dir/rosidl_typesupport_cpp/unitree_go/msg/go2_front_video_data__type_support.cpp.o\x1b[0m\n'}
[69.656281] (-) TimerEvent: {}
[69.756906] (-) TimerEvent: {}
[69.857537] (-) TimerEvent: {}
[69.958171] (-) TimerEvent: {}
[70.058833] (-) TimerEvent: {}
[70.159455] (-) TimerEvent: {}
[70.260103] (-) TimerEvent: {}
[70.275529] (unitree_go) StdoutLine: {'line': b'[ 40%] \x1b[32mBuilding CXX object CMakeFiles/unitree_go__rosidl_typesupport_cpp.dir/rosidl_typesupport_cpp/unitree_go/msg/height_map__type_support.cpp.o\x1b[0m\n'}
[70.360282] (-) TimerEvent: {}
[70.406813] (unitree_hg) StdoutLine: {'line': b'[ 82%] \x1b[32mBuilding CXX object CMakeFiles/unitree_hg__rosidl_typesupport_fastrtps_cpp.dir/rosidl_typesupport_fastrtps_cpp/unitree_hg/msg/detail/dds_fastrtps/press_sensor_state__type_support.cpp.o\x1b[0m\n'}
[70.460461] (-) TimerEvent: {}
[70.561084] (-) TimerEvent: {}
[70.661699] (-) TimerEvent: {}
[70.762314] (-) TimerEvent: {}
[70.862982] (-) TimerEvent: {}
[70.963600] (-) TimerEvent: {}
[70.985993] (unitree_go) StdoutLine: {'line': b'[ 40%] \x1b[32mBuilding CXX object CMakeFiles/unitree_go__rosidl_typesupport_cpp.dir/rosidl_typesupport_cpp/unitree_go/msg/imu_state__type_support.cpp.o\x1b[0m\n'}
[71.063780] (-) TimerEvent: {}
[71.164380] (-) TimerEvent: {}
[71.264993] (-) TimerEvent: {}
[71.365659] (-) TimerEvent: {}
[71.466289] (-) TimerEvent: {}
[71.509026] (unitree_hg) StdoutLine: {'line': b'[ 83%] \x1b[32mBuilding CXX object CMakeFiles/unitree_hg__rosidl_typesupport_fastrtps_cpp.dir/rosidl_typesupport_fastrtps_cpp/unitree_hg/msg/detail/dds_fastrtps/imu_state__type_support.cpp.o\x1b[0m\n'}
[71.566478] (-) TimerEvent: {}
[71.667103] (-) TimerEvent: {}
[71.695539] (unitree_go) StdoutLine: {'line': b'[ 40%] \x1b[32mBuilding CXX object CMakeFiles/unitree_go__rosidl_typesupport_cpp.dir/rosidl_typesupport_cpp/unitree_go/msg/interface_config__type_support.cpp.o\x1b[0m\n'}
[71.767317] (-) TimerEvent: {}
[71.867952] (-) TimerEvent: {}
[71.968626] (-) TimerEvent: {}
[72.069276] (-) TimerEvent: {}
[72.169937] (-) TimerEvent: {}
[72.270582] (-) TimerEvent: {}
[72.371248] (-) TimerEvent: {}
[72.406244] (unitree_go) StdoutLine: {'line': b'[ 41%] \x1b[32mBuilding CXX object CMakeFiles/unitree_go__rosidl_typesupport_cpp.dir/rosidl_typesupport_cpp/unitree_go/msg/lidar_state__type_support.cpp.o\x1b[0m\n'}
[72.471457] (-) TimerEvent: {}
[72.572095] (-) TimerEvent: {}
[72.641729] (unitree_hg) StdoutLine: {'line': b'[ 83%] \x1b[32mBuilding CXX object CMakeFiles/unitree_hg__rosidl_typesupport_fastrtps_cpp.dir/rosidl_typesupport_fastrtps_cpp/unitree_hg/msg/detail/dds_fastrtps/hand_state__type_support.cpp.o\x1b[0m\n'}
[72.672281] (-) TimerEvent: {}
[72.773298] (-) TimerEvent: {}
[72.873912] (-) TimerEvent: {}
[72.974551] (-) TimerEvent: {}
[73.075184] (-) TimerEvent: {}
[73.105561] (unitree_go) StdoutLine: {'line': b'[ 41%] \x1b[32mBuilding CXX object CMakeFiles/unitree_go__rosidl_typesupport_cpp.dir/rosidl_typesupport_cpp/unitree_go/msg/low_cmd__type_support.cpp.o\x1b[0m\n'}
[73.175403] (-) TimerEvent: {}
[73.276013] (-) TimerEvent: {}
[73.376650] (-) TimerEvent: {}
[73.477281] (-) TimerEvent: {}
[73.577924] (-) TimerEvent: {}
[73.678565] (-) TimerEvent: {}
[73.779177] (-) TimerEvent: {}
[73.829920] (unitree_go) StdoutLine: {'line': b'[ 42%] \x1b[32mBuilding CXX object CMakeFiles/unitree_go__rosidl_typesupport_cpp.dir/rosidl_typesupport_cpp/unitree_go/msg/low_state__type_support.cpp.o\x1b[0m\n'}
[73.855932] (unitree_hg) StdoutLine: {'line': b'[ 84%] \x1b[32mBuilding CXX object CMakeFiles/unitree_hg__rosidl_typesupport_fastrtps_cpp.dir/rosidl_typesupport_fastrtps_cpp/unitree_hg/msg/detail/dds_fastrtps/hand_cmd__type_support.cpp.o\x1b[0m\n'}
[73.879382] (-) TimerEvent: {}
[73.980366] (-) TimerEvent: {}
[74.080998] (-) TimerEvent: {}
[74.181627] (-) TimerEvent: {}
[74.282269] (-) TimerEvent: {}
[74.382910] (-) TimerEvent: {}
[74.483576] (-) TimerEvent: {}
[74.559348] (unitree_go) StdoutLine: {'line': b'[ 42%] \x1b[32mBuilding CXX object CMakeFiles/unitree_go__rosidl_typesupport_cpp.dir/rosidl_typesupport_cpp/unitree_go/msg/motor_cmd__type_support.cpp.o\x1b[0m\n'}
[74.559871] (unitree_go) StdoutLine: {'line': b'[ 42%] \x1b[32mBuilding CXX object CMakeFiles/unitree_go__rosidl_typesupport_cpp.dir/rosidl_typesupport_cpp/unitree_go/msg/motor_cmds__type_support.cpp.o\x1b[0m\n'}
[74.583769] (-) TimerEvent: {}
[74.684382] (-) TimerEvent: {}
[74.785006] (-) TimerEvent: {}
[74.885660] (-) TimerEvent: {}
[74.986296] (-) TimerEvent: {}
[75.028868] (unitree_hg) StdoutLine: {'line': b'[ 85%] \x1b[32mBuilding CXX object CMakeFiles/unitree_hg__rosidl_typesupport_fastrtps_cpp.dir/rosidl_typesupport_fastrtps_cpp/unitree_hg/msg/detail/dds_fastrtps/bms_state__type_support.cpp.o\x1b[0m\n'}
[75.086493] (-) TimerEvent: {}
[75.189196] (-) TimerEvent: {}
[75.282124] (unitree_go) StdoutLine: {'line': b'[ 43%] \x1b[32mBuilding CXX object CMakeFiles/unitree_go__rosidl_typesupport_cpp.dir/rosidl_typesupport_cpp/unitree_go/msg/motor_state__type_support.cpp.o\x1b[0m\n'}
[75.289381] (-) TimerEvent: {}
[75.290473] (unitree_go) StdoutLine: {'line': b'[ 43%] \x1b[32mBuilding CXX object CMakeFiles/unitree_go__rosidl_typesupport_cpp.dir/rosidl_typesupport_cpp/unitree_go/msg/motor_states__type_support.cpp.o\x1b[0m\n'}
[75.390966] (-) TimerEvent: {}
[75.491623] (-) TimerEvent: {}
[75.592255] (-) TimerEvent: {}
[75.692913] (-) TimerEvent: {}
[75.793552] (-) TimerEvent: {}
[75.894216] (-) TimerEvent: {}
[75.994849] (-) TimerEvent: {}
[75.996386] (unitree_go) StdoutLine: {'line': b'[ 43%] \x1b[32mBuilding CXX object CMakeFiles/unitree_go__rosidl_typesupport_cpp.dir/rosidl_typesupport_cpp/unitree_go/msg/path_point__type_support.cpp.o\x1b[0m\n'}
[76.024447] (unitree_go) StdoutLine: {'line': b'[ 44%] \x1b[32mBuilding CXX object CMakeFiles/unitree_go__rosidl_typesupport_cpp.dir/rosidl_typesupport_cpp/unitree_go/msg/req__type_support.cpp.o\x1b[0m\n'}
[76.095040] (-) TimerEvent: {}
[76.195677] (-) TimerEvent: {}
[76.226303] (unitree_hg) StdoutLine: {'line': b'[ 85%] \x1b[32m\x1b[1mLinking CXX shared library libunitree_hg__rosidl_typesupport_fastrtps_cpp.so\x1b[0m\n'}
[76.295858] (-) TimerEvent: {}
[76.396571] (-) TimerEvent: {}
[76.439674] (unitree_hg) StdoutLine: {'line': b'[ 85%] Built target unitree_hg__rosidl_typesupport_fastrtps_cpp\n'}
[76.491932] (unitree_hg) StdoutLine: {'line': b'[ 85%] Built target unitree_hg\n'}
[76.496728] (-) TimerEvent: {}
[76.547073] (unitree_hg) StdoutLine: {'line': b'[ 86%] \x1b[34m\x1b[1mGenerating Python code for ROS interfaces\x1b[0m\n'}
[76.596895] (-) TimerEvent: {}
[76.697608] (-) TimerEvent: {}
[76.751503] (unitree_go) StdoutLine: {'line': b'[ 44%] \x1b[32mBuilding CXX object CMakeFiles/unitree_go__rosidl_typesupport_cpp.dir/rosidl_typesupport_cpp/unitree_go/msg/res__type_support.cpp.o\x1b[0m\n'}
[76.759146] (unitree_go) StdoutLine: {'line': b'[ 45%] \x1b[32mBuilding CXX object CMakeFiles/unitree_go__rosidl_typesupport_cpp.dir/rosidl_typesupport_cpp/unitree_go/msg/sport_mode_cmd__type_support.cpp.o\x1b[0m\n'}
[76.797767] (-) TimerEvent: {}
[76.898341] (-) TimerEvent: {}
[76.998932] (-) TimerEvent: {}
[77.099617] (-) TimerEvent: {}
[77.200221] (-) TimerEvent: {}
[77.300773] (-) TimerEvent: {}
[77.401342] (-) TimerEvent: {}
[77.477690] (unitree_go) StdoutLine: {'line': b'[ 45%] \x1b[32mBuilding CXX object CMakeFiles/unitree_go__rosidl_typesupport_cpp.dir/rosidl_typesupport_cpp/unitree_go/msg/sport_mode_state__type_support.cpp.o\x1b[0m\n'}
[77.484177] (unitree_go) StdoutLine: {'line': b'[ 45%] \x1b[32mBuilding CXX object CMakeFiles/unitree_go__rosidl_typesupport_cpp.dir/rosidl_typesupport_cpp/unitree_go/msg/time_spec__type_support.cpp.o\x1b[0m\n'}
[77.501512] (-) TimerEvent: {}
[77.602095] (-) TimerEvent: {}
[77.702654] (-) TimerEvent: {}
[77.803230] (-) TimerEvent: {}
[77.903854] (-) TimerEvent: {}
[78.006389] (-) TimerEvent: {}
[78.107059] (-) TimerEvent: {}
[78.207555] (unitree_go) StdoutLine: {'line': b'[ 46%] \x1b[32mBuilding CXX object CMakeFiles/unitree_go__rosidl_typesupport_cpp.dir/rosidl_typesupport_cpp/unitree_go/msg/uwb_state__type_support.cpp.o\x1b[0m\n'}
[78.208026] (-) TimerEvent: {}
[78.217463] (unitree_go) StdoutLine: {'line': b'[ 46%] \x1b[32mBuilding CXX object CMakeFiles/unitree_go__rosidl_typesupport_cpp.dir/rosidl_typesupport_cpp/unitree_go/msg/uwb_switch__type_support.cpp.o\x1b[0m\n'}
[78.308204] (-) TimerEvent: {}
[78.411424] (-) TimerEvent: {}
[78.511995] (-) TimerEvent: {}
[78.612618] (-) TimerEvent: {}
[78.713249] (-) TimerEvent: {}
[78.813874] (-) TimerEvent: {}
[78.914478] (-) TimerEvent: {}
[78.942697] (unitree_go) StdoutLine: {'line': b'[ 46%] \x1b[32mBuilding CXX object CMakeFiles/unitree_go__rosidl_typesupport_cpp.dir/rosidl_typesupport_cpp/unitree_go/msg/wireless_controller__type_support.cpp.o\x1b[0m\n'}
[79.014640] (-) TimerEvent: {}
[79.115201] (-) TimerEvent: {}
[79.215788] (-) TimerEvent: {}
[79.316325] (-) TimerEvent: {}
[79.416919] (-) TimerEvent: {}
[79.517527] (-) TimerEvent: {}
[79.618158] (-) TimerEvent: {}
[79.666321] (unitree_go) StdoutLine: {'line': b'[ 47%] \x1b[32m\x1b[1mLinking CXX shared library libunitree_go__rosidl_typesupport_cpp.so\x1b[0m\n'}
[79.718330] (-) TimerEvent: {}
[79.756778] (unitree_go) StdoutLine: {'line': b'[ 47%] Built target unitree_go__rosidl_typesupport_cpp\n'}
[79.788515] (unitree_go) StdoutLine: {'line': b'[ 47%] \x1b[34m\x1b[1mGenerating C++ introspection for ROS interfaces\x1b[0m\n'}
[79.789115] (unitree_go) StdoutLine: {'line': b'[ 48%] \x1b[34m\x1b[1mGenerating C type support dispatch for ROS interfaces\x1b[0m\n'}
[79.818457] (-) TimerEvent: {}
[79.905545] (unitree_hg) StdoutLine: {'line': b'[ 86%] Built target unitree_hg__py\n'}
[79.918587] (-) TimerEvent: {}
[79.956978] (unitree_hg) StdoutLine: {'line': b'[ 87%] \x1b[32mBuilding C object CMakeFiles/unitree_hg__rosidl_generator_py.dir/rosidl_generator_py/unitree_hg/msg/_bms_cmd_s.c.o\x1b[0m\n'}
[79.961858] (unitree_hg) StdoutLine: {'line': b'[ 88%] \x1b[32mBuilding C object CMakeFiles/unitree_hg__rosidl_generator_py.dir/rosidl_generator_py/unitree_hg/msg/_bms_state_s.c.o\x1b[0m\n'}
[80.019110] (-) TimerEvent: {}
[80.120655] (-) TimerEvent: {}
[80.221781] (-) TimerEvent: {}
[80.281379] (unitree_hg) StdoutLine: {'line': b'[ 89%] \x1b[32mBuilding C object CMakeFiles/unitree_hg__rosidl_generator_py.dir/rosidl_generator_py/unitree_hg/msg/_low_cmd_s.c.o\x1b[0m\n'}
[80.322001] (-) TimerEvent: {}
[80.386416] (unitree_hg) StdoutLine: {'line': b'[ 90%] \x1b[32mBuilding C object CMakeFiles/unitree_hg__rosidl_generator_py.dir/rosidl_generator_py/unitree_hg/msg/_low_state_s.c.o\x1b[0m\n'}
[80.422093] (-) TimerEvent: {}
[80.522821] (-) TimerEvent: {}
[80.599524] (unitree_hg) StdoutLine: {'line': b'[ 90%] \x1b[32mBuilding C object CMakeFiles/unitree_hg__rosidl_generator_py.dir/rosidl_generator_py/unitree_hg/msg/_main_board_state_s.c.o\x1b[0m\n'}
[80.622998] (-) TimerEvent: {}
[80.723609] (-) TimerEvent: {}
[80.779201] (unitree_hg) StdoutLine: {'line': b'[ 91%] \x1b[32mBuilding C object CMakeFiles/unitree_hg__rosidl_generator_py.dir/rosidl_generator_py/unitree_hg/msg/_motor_cmd_s.c.o\x1b[0m\n'}
[80.823765] (-) TimerEvent: {}
[80.924327] (-) TimerEvent: {}
[80.927051] (unitree_hg) StdoutLine: {'line': b'[ 92%] \x1b[32mBuilding C object CMakeFiles/unitree_hg__rosidl_generator_py.dir/rosidl_generator_py/unitree_hg/msg/_motor_state_s.c.o\x1b[0m\n'}
[81.024492] (-) TimerEvent: {}
[81.120355] (unitree_hg) StdoutLine: {'line': b'[ 93%] \x1b[32mBuilding C object CMakeFiles/unitree_hg__rosidl_generator_py.dir/rosidl_generator_py/unitree_hg/msg/_press_sensor_state_s.c.o\x1b[0m\n'}
[81.124597] (-) TimerEvent: {}
[81.225089] (-) TimerEvent: {}
[81.286957] (unitree_hg) StdoutLine: {'line': b'[ 94%] \x1b[32mBuilding C object CMakeFiles/unitree_hg__rosidl_generator_py.dir/rosidl_generator_py/unitree_hg/msg/_imu_state_s.c.o\x1b[0m\n'}
[81.325241] (-) TimerEvent: {}
[81.426473] (-) TimerEvent: {}
[81.450419] (unitree_hg) StdoutLine: {'line': b'[ 94%] \x1b[32mBuilding C object CMakeFiles/unitree_hg__rosidl_generator_py.dir/rosidl_generator_py/unitree_hg/msg/_hand_state_s.c.o\x1b[0m\n'}
[81.526638] (-) TimerEvent: {}
[81.612341] (unitree_hg) StdoutLine: {'line': b'[ 95%] \x1b[32mBuilding C object CMakeFiles/unitree_hg__rosidl_generator_py.dir/rosidl_generator_py/unitree_hg/msg/_hand_cmd_s.c.o\x1b[0m\n'}
[81.626795] (-) TimerEvent: {}
[81.727633] (-) TimerEvent: {}
[81.828175] (-) TimerEvent: {}
[81.929077] (-) TimerEvent: {}
[81.936905] (unitree_hg) StdoutLine: {'line': b'[ 95%] \x1b[32m\x1b[1mLinking C shared library libunitree_hg__rosidl_generator_py.so\x1b[0m\n'}
[82.029236] (-) TimerEvent: {}
[82.052973] (unitree_hg) StdoutLine: {'line': b'[ 95%] Built target unitree_hg__rosidl_generator_py\n'}
[82.129397] (-) TimerEvent: {}
[82.140216] (unitree_hg) StdoutLine: {'line': b'[ 95%] \x1b[32mBuilding C object CMakeFiles/unitree_hg_s__rosidl_typesupport_fastrtps_c.dir/rosidl_generator_py/unitree_hg/_unitree_hg_s.ep.rosidl_typesupport_fastrtps_c.c.o\x1b[0m\n'}
[82.149139] (unitree_hg) StdoutLine: {'line': b'[ 96%] \x1b[32mBuilding C object CMakeFiles/unitree_hg_s__rosidl_typesupport_introspection_c.dir/rosidl_generator_py/unitree_hg/_unitree_hg_s.ep.rosidl_typesupport_introspection_c.c.o\x1b[0m\n'}
[82.229542] (-) TimerEvent: {}
[82.232699] (unitree_go) StdoutLine: {'line': b'[ 48%] \x1b[32mBuilding CXX object CMakeFiles/unitree_go__rosidl_typesupport_c.dir/rosidl_typesupport_c/unitree_go/msg/audio_data__type_support.cpp.o\x1b[0m\n'}
[82.256968] (unitree_go) StdoutLine: {'line': b'[ 48%] \x1b[32mBuilding CXX object CMakeFiles/unitree_go__rosidl_typesupport_c.dir/rosidl_typesupport_c/unitree_go/msg/bms_cmd__type_support.cpp.o\x1b[0m\n'}
[82.329729] (-) TimerEvent: {}
[82.422074] (unitree_go) StdoutLine: {'line': b'[ 48%] \x1b[32mBuilding CXX object CMakeFiles/unitree_go__rosidl_typesupport_c.dir/rosidl_typesupport_c/unitree_go/msg/error__type_support.cpp.o\x1b[0m\n'}
[82.424505] (unitree_go) StdoutLine: {'line': b'[ 49%] \x1b[32mBuilding CXX object CMakeFiles/unitree_go__rosidl_typesupport_c.dir/rosidl_typesupport_c/unitree_go/msg/bms_state__type_support.cpp.o\x1b[0m\n'}
[82.429959] (-) TimerEvent: {}
[82.535834] (-) TimerEvent: {}
[82.537164] (unitree_hg) StdoutLine: {'line': b'[ 97%] \x1b[32m\x1b[1mLinking C shared module rosidl_generator_py/unitree_hg/unitree_hg_s__rosidl_typesupport_introspection_c.so\x1b[0m\n'}
[82.552598] (unitree_hg) StdoutLine: {'line': b'[ 98%] \x1b[32m\x1b[1mLinking C shared module rosidl_generator_py/unitree_hg/unitree_hg_s__rosidl_typesupport_fastrtps_c.so\x1b[0m\n'}
[82.554925] (unitree_go) StdoutLine: {'line': b'[ 49%] \x1b[32mBuilding CXX object CMakeFiles/unitree_go__rosidl_typesupport_c.dir/rosidl_typesupport_c/unitree_go/msg/go2_front_video_data__type_support.cpp.o\x1b[0m\n'}
[82.587692] (unitree_go) StdoutLine: {'line': b'[ 50%] \x1b[32mBuilding CXX object CMakeFiles/unitree_go__rosidl_typesupport_c.dir/rosidl_typesupport_c/unitree_go/msg/height_map__type_support.cpp.o\x1b[0m\n'}
[82.620877] (unitree_hg) StdoutLine: {'line': b'[ 98%] Built target unitree_hg_s__rosidl_typesupport_introspection_c\n'}
[82.636019] (-) TimerEvent: {}
[82.674787] (unitree_hg) StdoutLine: {'line': b'[ 99%] \x1b[32mBuilding C object CMakeFiles/unitree_hg_s__rosidl_typesupport_c.dir/rosidl_generator_py/unitree_hg/_unitree_hg_s.ep.rosidl_typesupport_c.c.o\x1b[0m\n'}
[82.678921] (unitree_hg) StdoutLine: {'line': b'[ 99%] Built target unitree_hg_s__rosidl_typesupport_fastrtps_c\n'}
[82.732965] (unitree_go) StdoutLine: {'line': b'[ 50%] \x1b[32mBuilding CXX object CMakeFiles/unitree_go__rosidl_typesupport_c.dir/rosidl_typesupport_c/unitree_go/msg/imu_state__type_support.cpp.o\x1b[0m\n'}
[82.737239] (-) TimerEvent: {}
[82.739228] (unitree_go) StdoutLine: {'line': b'[ 51%] \x1b[32mBuilding CXX object CMakeFiles/unitree_go__rosidl_typesupport_c.dir/rosidl_typesupport_c/unitree_go/msg/interface_config__type_support.cpp.o\x1b[0m\n'}
[82.837471] (-) TimerEvent: {}
[82.888929] (unitree_go) StdoutLine: {'line': b'[ 51%] \x1b[32mBuilding CXX object CMakeFiles/unitree_go__rosidl_typesupport_c.dir/rosidl_typesupport_c/unitree_go/msg/low_cmd__type_support.cpp.o\x1b[0m\n'}
[82.892373] (unitree_go) StdoutLine: {'line': b'[ 51%] \x1b[32mBuilding CXX object CMakeFiles/unitree_go__rosidl_typesupport_c.dir/rosidl_typesupport_c/unitree_go/msg/lidar_state__type_support.cpp.o\x1b[0m\n'}
[82.937661] (-) TimerEvent: {}
[83.019615] (unitree_go) StdoutLine: {'line': b'[ 51%] \x1b[32mBuilding CXX object CMakeFiles/unitree_go__rosidl_typesupport_c.dir/rosidl_typesupport_c/unitree_go/msg/motor_cmd__type_support.cpp.o\x1b[0m\n'}
[83.020124] (unitree_go) StdoutLine: {'line': b'[ 52%] \x1b[32mBuilding CXX object CMakeFiles/unitree_go__rosidl_typesupport_c.dir/rosidl_typesupport_c/unitree_go/msg/low_state__type_support.cpp.o\x1b[0m\n'}
[83.031657] (unitree_hg) StdoutLine: {'line': b'[100%] \x1b[32m\x1b[1mLinking C shared module rosidl_generator_py/unitree_hg/unitree_hg_s__rosidl_typesupport_c.so\x1b[0m\n'}
[83.037850] (-) TimerEvent: {}
[83.118855] (unitree_hg) StdoutLine: {'line': b'[100%] Built target unitree_hg_s__rosidl_typesupport_c\n'}
[83.136197] (unitree_go) StdoutLine: {'line': b'[ 52%] \x1b[32mBuilding CXX object CMakeFiles/unitree_go__rosidl_typesupport_c.dir/rosidl_typesupport_c/unitree_go/msg/motor_cmds__type_support.cpp.o\x1b[0m\n'}
[83.137945] (-) TimerEvent: {}
[83.139643] (unitree_go) StdoutLine: {'line': b'[ 53%] \x1b[32mBuilding CXX object CMakeFiles/unitree_go__rosidl_typesupport_c.dir/rosidl_typesupport_c/unitree_go/msg/motor_state__type_support.cpp.o\x1b[0m\n'}
[83.163737] (unitree_hg) CommandEnded: {'returncode': 0}
[83.165697] (unitree_hg) JobProgress: {'identifier': 'unitree_hg', 'progress': 'install'}
[83.165779] (unitree_hg) Command: {'cmd': ['/usr/bin/cmake', '--install', '/home/unitree/go2slam/unitree_ros2/build/unitree_hg'], 'cwd': '/home/unitree/go2slam/unitree_ros2/build/unitree_hg', 'env': OrderedDict({'GZ_CONFIG_PATH': '/opt/ros/jazzy/opt/gz_sim_vendor/share/gz:/opt/ros/jazzy/opt/sdformat_vendor/share/gz:/opt/ros/jazzy/opt/gz_gui_vendor/share/gz:/opt/ros/jazzy/opt/gz_transport_vendor/share/gz:/opt/ros/jazzy/opt/gz_rendering_vendor/share/gz:/opt/ros/jazzy/opt/gz_plugin_vendor/share/gz:/opt/ros/jazzy/opt/gz_fuel_tools_vendor/share/gz:/opt/ros/jazzy/opt/gz_msgs_vendor/share/gz:/opt/ros/jazzy/opt/gz_common_vendor/share/gz', 'HOSTNAME': 'ubuntu', 'SHLVL': '1', 'LD_LIBRARY_PATH': '/home/unitree/go2slam/unitree_ros2/install/unitree_hg/lib:/home/unitree/go2slam/unitree_ros2/install/unitree_go/lib:/home/unitree/go2slam/unitree_ros2/install/unitree_api/lib:/home/unitree/go2slam/unitree_ros2/install/cyclonedds/lib:/opt/ros/jazzy/opt/gz_sim_vendor/lib:/opt/ros/jazzy/opt/gz_sensors_vendor/lib:/opt/ros/jazzy/opt/gz_physics_vendor/lib:/opt/ros/jazzy/opt/sdformat_vendor/lib:/opt/ros/jazzy/opt/rviz_ogre_vendor/lib:/opt/ros/jazzy/lib/aarch64-linux-gnu:/opt/ros/jazzy/opt/gz_gui_vendor/lib:/opt/ros/jazzy/opt/gz_transport_vendor/lib:/opt/ros/jazzy/opt/gz_rendering_vendor/lib:/opt/ros/jazzy/opt/gz_plugin_vendor/lib:/opt/ros/jazzy/opt/gz_fuel_tools_vendor/lib:/opt/ros/jazzy/opt/gz_msgs_vendor/lib:/opt/ros/jazzy/opt/gz_common_vendor/lib:/opt/ros/jazzy/opt/gz_math_vendor/lib:/opt/ros/jazzy/opt/gz_utils_vendor/lib:/opt/ros/jazzy/opt/gz_tools_vendor/lib:/opt/ros/jazzy/opt/gz_ogre_next_vendor/lib:/opt/ros/jazzy/opt/gz_dartsim_vendor/lib:/opt/ros/jazzy/opt/gz_cmake_vendor/lib:/opt/ros/jazzy/lib', 'HOME': '/root', 'OLDPWD': '/home/unitree/go2slam/unitree_ros2/cyclonedds_ws', 'ROS_PYTHON_VERSION': '3', 'COLCON_PREFIX_PATH': '/home/unitree/go2slam/unitree_ros2/install', 'ROS_DISTRO': 'jazzy', '_': '/usr/bin/colcon', 'ROS_VERSION': '2', 'PKG_CONFIG_PATH': '/home/unitree/go2slam/unitree_ros2/install/cyclonedds/lib/aarch64-linux-gnu/pkgconfig:/home/unitree/go2slam/unitree_ros2/install/cyclonedds/lib/pkgconfig', 'TERM': 'xterm', 'PATH': '/home/unitree/go2slam/unitree_ros2/install/cyclonedds/bin:/opt/ros/jazzy/opt/gz_msgs_vendor/bin:/opt/ros/jazzy/opt/gz_tools_vendor/bin:/opt/ros/jazzy/opt/gz_ogre_next_vendor/bin:/opt/ros/jazzy/bin:/usr/local/sbin:/usr/local/bin:/usr/sbin:/usr/bin:/sbin:/bin', 'DISPLAY': 'unix:1001', 'LANG': 'C.UTF-8', 'LS_COLORS': 'rs=0:di=01;34:ln=01;36:mh=00:pi=40;33:so=01;35:do=01;35:bd=40;33;01:cd=40;33;01:or=40;31;01:mi=00:su=37;41:sg=30;43:ca=00:tw=30;42:ow=34;42:st=37;44:ex=01;32:*.tar=01;31:*.tgz=01;31:*.arc=01;31:*.arj=01;31:*.taz=01;31:*.lha=01;31:*.lz4=01;31:*.lzh=01;31:*.lzma=01;31:*.tlz=01;31:*.txz=01;31:*.tzo=01;31:*.t7z=01;31:*.zip=01;31:*.z=01;31:*.dz=01;31:*.gz=01;31:*.lrz=01;31:*.lz=01;31:*.lzo=01;31:*.xz=01;31:*.zst=01;31:*.tzst=01;31:*.bz2=01;31:*.bz=01;31:*.tbz=01;31:*.tbz2=01;31:*.tz=01;31:*.deb=01;31:*.rpm=01;31:*.jar=01;31:*.war=01;31:*.ear=01;31:*.sar=01;31:*.rar=01;31:*.alz=01;31:*.ace=01;31:*.zoo=01;31:*.cpio=01;31:*.7z=01;31:*.rz=01;31:*.cab=01;31:*.wim=01;31:*.swm=01;31:*.dwm=01;31:*.esd=01;31:*.avif=01;35:*.jpg=01;35:*.jpeg=01;35:*.mjpg=01;35:*.mjpeg=01;35:*.gif=01;35:*.bmp=01;35:*.pbm=01;35:*.pgm=01;35:*.ppm=01;35:*.tga=01;35:*.xbm=01;35:*.xpm=01;35:*.tif=01;35:*.tiff=01;35:*.png=01;35:*.svg=01;35:*.svgz=01;35:*.mng=01;35:*.pcx=01;35:*.mov=01;35:*.mpg=01;35:*.mpeg=01;35:*.m2v=01;35:*.mkv=01;35:*.webm=01;35:*.webp=01;35:*.ogm=01;35:*.mp4=01;35:*.m4v=01;35:*.mp4v=01;35:*.vob=01;35:*.qt=01;35:*.nuv=01;35:*.wmv=01;35:*.asf=01;35:*.rm=01;35:*.rmvb=01;35:*.flc=01;35:*.avi=01;35:*.fli=01;35:*.flv=01;35:*.gl=01;35:*.dl=01;35:*.xcf=01;35:*.xwd=01;35:*.yuv=01;35:*.cgm=01;35:*.emf=01;35:*.ogv=01;35:*.ogx=01;35:*.aac=00;36:*.au=00;36:*.flac=00;36:*.m4a=00;36:*.mid=00;36:*.midi=00;36:*.mka=00;36:*.mp3=00;36:*.mpc=00;36:*.ogg=00;36:*.ra=00;36:*.wav=00;36:*.oga=00;36:*.opus=00;36:*.spx=00;36:*.xspf=00;36:*~=00;90:*#=00;90:*.bak=00;90:*.crdownload=00;90:*.dpkg-dist=00;90:*.dpkg-new=00;90:*.dpkg-old=00;90:*.dpkg-tmp=00;90:*.old=00;90:*.orig=00;90:*.part=00;90:*.rej=00;90:*.rpmnew=00;90:*.rpmorig=00;90:*.rpmsave=00;90:*.swp=00;90:*.tmp=00;90:*.ucf-dist=00;90:*.ucf-new=00;90:*.ucf-old=00;90:', 'AMENT_PREFIX_PATH': '/home/unitree/go2slam/unitree_ros2/install/unitree_hg:/home/unitree/go2slam/unitree_ros2/install/unitree_go:/home/unitree/go2slam/unitree_ros2/install/unitree_api:/opt/ros/jazzy', 'ROS_AUTOMATIC_DISCOVERY_RANGE': 'SUBNET', 'PWD': '/home/unitree/go2slam/unitree_ros2/build/unitree_hg', 'LC_ALL': 'C.UTF-8', 'PYTHONPATH': '/home/unitree/go2slam/unitree_ros2/install/unitree_hg/lib/python3.12/site-packages:/home/unitree/go2slam/unitree_ros2/install/unitree_go/lib/python3.12/site-packages:/home/unitree/go2slam/unitree_ros2/install/unitree_api/lib/python3.12/site-packages:/opt/ros/jazzy/lib/python3.12/site-packages', 'COLCON': '1', 'CMAKE_PREFIX_PATH': '/home/unitree/go2slam/unitree_ros2/install/unitree_hg:/home/unitree/go2slam/unitree_ros2/install/unitree_go:/home/unitree/go2slam/unitree_ros2/install/unitree_api:/home/unitree/go2slam/unitree_ros2/install/cyclonedds:/opt/ros/jazzy/opt/gz_sim_vendor:/opt/ros/jazzy/opt/gz_sensors_vendor:/opt/ros/jazzy/opt/gz_physics_vendor:/opt/ros/jazzy/opt/sdformat_vendor:/opt/ros/jazzy/opt/gz_gui_vendor:/opt/ros/jazzy/opt/gz_transport_vendor:/opt/ros/jazzy/opt/gz_rendering_vendor:/opt/ros/jazzy/opt/gz_plugin_vendor:/opt/ros/jazzy/opt/gz_fuel_tools_vendor:/opt/ros/jazzy/opt/gz_msgs_vendor:/opt/ros/jazzy/opt/gz_common_vendor:/opt/ros/jazzy/opt/gz_math_vendor:/opt/ros/jazzy/opt/gz_utils_vendor:/opt/ros/jazzy/opt/gz_tools_vendor:/opt/ros/jazzy/opt/gz_ogre_next_vendor:/opt/ros/jazzy/opt/gz_dartsim_vendor:/opt/ros/jazzy/opt/gz_cmake_vendor:/opt/ros/jazzy'}), 'shell': False}
[83.196591] (unitree_hg) StdoutLine: {'line': b'-- Install configuration: ""\n'}
[83.197955] (unitree_hg) StdoutLine: {'line': b'-- Installing: /home/unitree/go2slam/unitree_ros2/install/unitree_hg/share/ament_index/resource_index/rosidl_interfaces/unitree_hg\n'}
[83.200512] (unitree_hg) StdoutLine: {'line': b'-- Installing: /home/unitree/go2slam/unitree_ros2/install/unitree_hg/share/unitree_hg/msg/BmsCmd.json\n'}
[83.202369] (unitree_hg) StdoutLine: {'line': b'-- Installing: /home/unitree/go2slam/unitree_ros2/install/unitree_hg/share/unitree_hg/msg/BmsState.json\n'}
[83.204062] (unitree_hg) StdoutLine: {'line': b'-- Installing: /home/unitree/go2slam/unitree_ros2/install/unitree_hg/share/unitree_hg/msg/HandCmd.json\n'}
[83.205693] (unitree_hg) StdoutLine: {'line': b'-- Installing: /home/unitree/go2slam/unitree_ros2/install/unitree_hg/share/unitree_hg/msg/HandState.json\n'}
[83.207546] (unitree_hg) StdoutLine: {'line': b'-- Installing: /home/unitree/go2slam/unitree_ros2/install/unitree_hg/share/unitree_hg/msg/IMUState.json\n'}
[83.209220] (unitree_hg) StdoutLine: {'line': b'-- Installing: /home/unitree/go2slam/unitree_ros2/install/unitree_hg/share/unitree_hg/msg/LowCmd.json\n'}
[83.211689] (unitree_hg) StdoutLine: {'line': b'-- Installing: /home/unitree/go2slam/unitree_ros2/install/unitree_hg/share/unitree_hg/msg/LowState.json\n'}
[83.213411] (unitree_hg) StdoutLine: {'line': b'-- Installing: /home/unitree/go2slam/unitree_ros2/install/unitree_hg/share/unitree_hg/msg/MainBoardState.json\n'}
[83.214878] (unitree_hg) StdoutLine: {'line': b'-- Installing: /home/unitree/go2slam/unitree_ros2/install/unitree_hg/share/unitree_hg/msg/MotorCmd.json\n'}
[83.216531] (unitree_hg) StdoutLine: {'line': b'-- Installing: /home/unitree/go2slam/unitree_ros2/install/unitree_hg/share/unitree_hg/msg/MotorState.json\n'}
[83.218273] (unitree_hg) StdoutLine: {'line': b'-- Installing: /home/unitree/go2slam/unitree_ros2/install/unitree_hg/share/unitree_hg/msg/PressSensorState.json\n'}
[83.220019] (unitree_hg) StdoutLine: {'line': b'-- Installing: /home/unitree/go2slam/unitree_ros2/install/unitree_hg/include/unitree_hg/unitree_hg\n'}
[83.221021] (unitree_hg) StdoutLine: {'line': b'-- Installing: /home/unitree/go2slam/unitree_ros2/install/unitree_hg/include/unitree_hg/unitree_hg/msg\n'}
[83.221675] (unitree_hg) StdoutLine: {'line': b'-- Installing: /home/unitree/go2slam/unitree_ros2/install/unitree_hg/include/unitree_hg/unitree_hg/msg/hand_state.h\n'}
[83.223458] (unitree_hg) StdoutLine: {'line': b'-- Installing: /home/unitree/go2slam/unitree_ros2/install/unitree_hg/include/unitree_hg/unitree_hg/msg/low_cmd.h\n'}
[83.225144] (unitree_hg) StdoutLine: {'line': b'-- Installing: /home/unitree/go2slam/unitree_ros2/install/unitree_hg/include/unitree_hg/unitree_hg/msg/bms_state.h\n'}
[83.228560] (unitree_hg) StdoutLine: {'line': b'-- Installing: /home/unitree/go2slam/unitree_ros2/install/unitree_hg/include/unitree_hg/unitree_hg/msg/rosidl_generator_c__visibility_control.h\n'}
[83.229126] (unitree_hg) StdoutLine: {'line': b'-- Installing: /home/unitree/go2slam/unitree_ros2/install/unitree_hg/include/unitree_hg/unitree_hg/msg/motor_cmd.h\n'}
[83.230668] (unitree_hg) StdoutLine: {'line': b'-- Installing: /home/unitree/go2slam/unitree_ros2/install/unitree_hg/include/unitree_hg/unitree_hg/msg/press_sensor_state.h\n'}
[83.232337] (unitree_hg) StdoutLine: {'line': b'-- Installing: /home/unitree/go2slam/unitree_ros2/install/unitree_hg/include/unitree_hg/unitree_hg/msg/detail\n'}
[83.233154] (unitree_hg) StdoutLine: {'line': b'-- Installing: /home/unitree/go2slam/unitree_ros2/install/unitree_hg/include/unitree_hg/unitree_hg/msg/detail/motor_cmd__functions.c\n'}
[83.235043] (unitree_hg) StdoutLine: {'line': b'-- Installing: /home/unitree/go2slam/unitree_ros2/install/unitree_hg/include/unitree_hg/unitree_hg/msg/detail/imu_state__functions.c\n'}
[83.236971] (unitree_hg) StdoutLine: {'line': b'-- Installing: /home/unitree/go2slam/unitree_ros2/install/unitree_hg/include/unitree_hg/unitree_hg/msg/detail/hand_state__type_support.c\n'}
[83.238032] (-) TimerEvent: {}
[83.239119] (unitree_hg) StdoutLine: {'line': b'-- Installing: /home/unitree/go2slam/unitree_ros2/install/unitree_hg/include/unitree_hg/unitree_hg/msg/detail/bms_cmd__type_support.c\n'}
[83.240607] (unitree_hg) StdoutLine: {'line': b'-- Installing: /home/unitree/go2slam/unitree_ros2/install/unitree_hg/include/unitree_hg/unitree_hg/msg/detail/bms_cmd__struct.h\n'}
[83.242811] (unitree_hg) StdoutLine: {'line': b'-- Installing: /home/unitree/go2slam/unitree_ros2/install/unitree_hg/include/unitree_hg/unitree_hg/msg/detail/main_board_state__functions.c\n'}
[83.244784] (unitree_hg) StdoutLine: {'line': b'-- Installing: /home/unitree/go2slam/unitree_ros2/install/unitree_hg/include/unitree_hg/unitree_hg/msg/detail/imu_state__description.c\n'}
[83.246476] (unitree_hg) StdoutLine: {'line': b'-- Installing: /home/unitree/go2slam/unitree_ros2/install/unitree_hg/include/unitree_hg/unitree_hg/msg/detail/hand_state__functions.h\n'}
[83.246788] (unitree_hg) StdoutLine: {'line': b'-- Installing: /home/unitree/go2slam/unitree_ros2/install/unitree_hg/include/unitree_hg/unitree_hg/msg/detail/low_state__type_support.c\n'}
[83.247093] (unitree_hg) StdoutLine: {'line': b'-- Installing: /home/unitree/go2slam/unitree_ros2/install/unitree_hg/include/unitree_hg/unitree_hg/msg/detail/hand_state__type_support.h\n'}
[83.247398] (unitree_hg) StdoutLine: {'line': b'-- Installing: /home/unitree/go2slam/unitree_ros2/install/unitree_hg/include/unitree_hg/unitree_hg/msg/detail/imu_state__type_support.c\n'}
[83.247688] (unitree_hg) StdoutLine: {'line': b'-- Installing: /home/unitree/go2slam/unitree_ros2/install/unitree_hg/include/unitree_hg/unitree_hg/msg/detail/low_state__struct.h\n'}
[83.247978] (unitree_hg) StdoutLine: {'line': b'-- Installing: /home/unitree/go2slam/unitree_ros2/install/unitree_hg/include/unitree_hg/unitree_hg/msg/detail/low_state__type_support.h\n'}
[83.248268] (unitree_hg) StdoutLine: {'line': b'-- Installing: /home/unitree/go2slam/unitree_ros2/install/unitree_hg/include/unitree_hg/unitree_hg/msg/detail/low_state__description.c\n'}
[83.249170] (unitree_hg) StdoutLine: {'line': b'-- Installing: /home/unitree/go2slam/unitree_ros2/install/unitree_hg/include/unitree_hg/unitree_hg/msg/detail/press_sensor_state__struct.h\n'}
[83.249448] (unitree_hg) StdoutLine: {'line': b'-- Installing: /home/unitree/go2slam/unitree_ros2/install/unitree_hg/include/unitree_hg/unitree_hg/msg/detail/hand_state__description.c\n'}
[83.249686] (unitree_hg) StdoutLine: {'line': b'-- Installing: /home/unitree/go2slam/unitree_ros2/install/unitree_hg/include/unitree_hg/unitree_hg/msg/detail/hand_state__struct.h\n'}
[83.249870] (unitree_hg) StdoutLine: {'line': b'-- Installing: /home/unitree/go2slam/unitree_ros2/install/unitree_hg/include/unitree_hg/unitree_hg/msg/detail/motor_state__description.c\n'}
[83.250232] (unitree_hg) StdoutLine: {'line': b'-- Installing: /home/unitree/go2slam/unitree_ros2/install/unitree_hg/include/unitree_hg/unitree_hg/msg/detail/main_board_state__description.c\n'}
[83.250433] (unitree_go) StdoutLine: {'line': b'[ 53%] \x1b[32mBuilding CXX object CMakeFiles/unitree_go__rosidl_typesupport_c.dir/rosidl_typesupport_c/unitree_go/msg/motor_states__type_support.cpp.o\x1b[0m\n'}
[83.250638] (unitree_hg) StdoutLine: {'line': b'-- Installing: /home/unitree/go2slam/unitree_ros2/install/unitree_hg/include/unitree_hg/unitree_hg/msg/detail/low_cmd__description.c\n'}
[83.250820] (unitree_hg) StdoutLine: {'line': b'-- Installing: /home/unitree/go2slam/unitree_ros2/install/unitree_hg/include/unitree_hg/unitree_hg/msg/detail/low_cmd__type_support.c\n'}
[83.250988] (unitree_hg) StdoutLine: {'line': b'-- Installing: /home/unitree/go2slam/unitree_ros2/install/unitree_hg/include/unitree_hg/unitree_hg/msg/detail/hand_cmd__functions.h\n'}
[83.251285] (unitree_hg) StdoutLine: {'line': b'-- Installing: /home/unitree/go2slam/unitree_ros2/install/unitree_hg/include/unitree_hg/unitree_hg/msg/detail/motor_state__struct.h\n'}
[83.252079] (unitree_hg) StdoutLine: {'line': b'-- Installing: /home/unitree/go2slam/unitree_ros2/install/unitree_hg/include/unitree_hg/unitree_hg/msg/detail/low_cmd__type_support.h\n'}
[83.252288] (unitree_hg) StdoutLine: {'line': b'-- Installing: /home/unitree/go2slam/unitree_ros2/install/unitree_hg/include/unitree_hg/unitree_hg/msg/detail/main_board_state__type_support.h\n'}
[83.252455] (unitree_hg) StdoutLine: {'line': b'-- Installing: /home/unitree/go2slam/unitree_ros2/install/unitree_hg/include/unitree_hg/unitree_hg/msg/detail/bms_cmd__type_support.h\n'}
[83.252611] (unitree_hg) StdoutLine: {'line': b'-- Installing: /home/unitree/go2slam/unitree_ros2/install/unitree_hg/include/unitree_hg/unitree_hg/msg/detail/motor_cmd__type_support.h\n'}
[83.252764] (unitree_hg) StdoutLine: {'line': b'-- Installing: /home/unitree/go2slam/unitree_ros2/install/unitree_hg/include/unitree_hg/unitree_hg/msg/detail/press_sensor_state__functions.h\n'}
[83.252914] (unitree_hg) StdoutLine: {'line': b'-- Installing: /home/unitree/go2slam/unitree_ros2/install/unitree_hg/include/unitree_hg/unitree_hg/msg/detail/press_sensor_state__functions.c\n'}
[83.253066] (unitree_hg) StdoutLine: {'line': b'-- Installing: /home/unitree/go2slam/unitree_ros2/install/unitree_hg/include/unitree_hg/unitree_hg/msg/detail/motor_cmd__description.c\n'}
[83.253875] (unitree_hg) StdoutLine: {'line': b'-- Installing: /home/unitree/go2slam/unitree_ros2/install/unitree_hg/include/unitree_hg/unitree_hg/msg/detail/bms_cmd__functions.h\n'}
[83.254171] (unitree_hg) StdoutLine: {'line': b'-- Installing: /home/unitree/go2slam/unitree_ros2/install/unitree_hg/include/unitree_hg/unitree_hg/msg/detail/press_sensor_state__description.c\n'}
[83.254407] (unitree_hg) StdoutLine: {'line': b'-- Installing: /home/unitree/go2slam/unitree_ros2/install/unitree_hg/include/unitree_hg/unitree_hg/msg/detail/bms_state__functions.c\n'}
[83.254649] (unitree_hg) StdoutLine: {'line': b'-- Installing: /home/unitree/go2slam/unitree_ros2/install/unitree_hg/include/unitree_hg/unitree_hg/msg/detail/motor_state__functions.h\n'}
[83.254893] (unitree_hg) StdoutLine: {'line': b'-- Installing: /home/unitree/go2slam/unitree_ros2/install/unitree_hg/include/unitree_hg/unitree_hg/msg/detail/low_state__functions.c\n'}
[83.255116] (unitree_hg) StdoutLine: {'line': b'-- Installing: /home/unitree/go2slam/unitree_ros2/install/unitree_hg/include/unitree_hg/unitree_hg/msg/detail/bms_state__description.c\n'}
[83.255348] (unitree_hg) StdoutLine: {'line': b'-- Installing: /home/unitree/go2slam/unitree_ros2/install/unitree_hg/include/unitree_hg/unitree_hg/msg/detail/imu_state__type_support.h\n'}
[83.255611] (unitree_hg) StdoutLine: {'line': b'-- Installing: /home/unitree/go2slam/unitree_ros2/install/unitree_hg/include/unitree_hg/unitree_hg/msg/detail/main_board_state__type_support.c\n'}
[83.255852] (unitree_hg) StdoutLine: {'line': b'-- Installing: /home/unitree/go2slam/unitree_ros2/install/unitree_hg/include/unitree_hg/unitree_hg/msg/detail/low_cmd__functions.h\n'}
[83.256077] (unitree_hg) StdoutLine: {'line': b'-- Installing: /home/unitree/go2slam/unitree_ros2/install/unitree_hg/include/unitree_hg/unitree_hg/msg/detail/motor_cmd__functions.h\n'}
[83.256301] (unitree_hg) StdoutLine: {'line': b'-- Installing: /home/unitree/go2slam/unitree_ros2/install/unitree_hg/include/unitree_hg/unitree_hg/msg/detail/main_board_state__struct.h\n'}
[83.256518] (unitree_hg) StdoutLine: {'line': b'-- Installing: /home/unitree/go2slam/unitree_ros2/install/unitree_hg/include/unitree_hg/unitree_hg/msg/detail/motor_state__type_support.c\n'}
[83.256689] (unitree_hg) StdoutLine: {'line': b'-- Installing: /home/unitree/go2slam/unitree_ros2/install/unitree_hg/include/unitree_hg/unitree_hg/msg/detail/bms_state__struct.h\n'}
[83.256913] (unitree_hg) StdoutLine: {'line': b'-- Installing: /home/unitree/go2slam/unitree_ros2/install/unitree_hg/include/unitree_hg/unitree_hg/msg/detail/hand_cmd__type_support.h\n'}
[83.257147] (unitree_hg) StdoutLine: {'line': b'-- Installing: /home/unitree/go2slam/unitree_ros2/install/unitree_hg/include/unitree_hg/unitree_hg/msg/detail/press_sensor_state__type_support.h\n'}
[83.257387] (unitree_hg) StdoutLine: {'line': b'-- Installing: /home/unitree/go2slam/unitree_ros2/install/unitree_hg/include/unitree_hg/unitree_hg/msg/detail/bms_state__type_support.h\n'}
[83.257598] (unitree_hg) StdoutLine: {'line': b'-- Installing: /home/unitree/go2slam/unitree_ros2/install/unitree_hg/include/unitree_hg/unitree_hg/msg/detail/bms_cmd__description.c\n'}
[83.257814] (unitree_hg) StdoutLine: {'line': b'-- Installing: /home/unitree/go2slam/unitree_ros2/install/unitree_hg/include/unitree_hg/unitree_hg/msg/detail/press_sensor_state__type_support.c\n'}
[83.258000] (unitree_hg) StdoutLine: {'line': b'-- Installing: /home/unitree/go2slam/unitree_ros2/install/unitree_hg/include/unitree_hg/unitree_hg/msg/detail/motor_cmd__type_support.c\n'}
[83.258163] (unitree_hg) StdoutLine: {'line': b'-- Installing: /home/unitree/go2slam/unitree_ros2/install/unitree_hg/include/unitree_hg/unitree_hg/msg/detail/bms_state__functions.h\n'}
[83.258394] (unitree_hg) StdoutLine: {'line': b'-- Installing: /home/unitree/go2slam/unitree_ros2/install/unitree_hg/include/unitree_hg/unitree_hg/msg/detail/main_board_state__functions.h\n'}
[83.258615] (unitree_hg) StdoutLine: {'line': b'-- Installing: /home/unitree/go2slam/unitree_ros2/install/unitree_hg/include/unitree_hg/unitree_hg/msg/detail/bms_state__type_support.c\n'}
[83.258841] (unitree_hg) StdoutLine: {'line': b'-- Installing: /home/unitree/go2slam/unitree_ros2/install/unitree_hg/include/unitree_hg/unitree_hg/msg/detail/hand_cmd__functions.c\n'}
[83.259063] (unitree_hg) StdoutLine: {'line': b'-- Installing: /home/unitree/go2slam/unitree_ros2/install/unitree_hg/include/unitree_hg/unitree_hg/msg/detail/hand_cmd__description.c\n'}
[83.259283] (unitree_hg) StdoutLine: {'line': b'-- Installing: /home/unitree/go2slam/unitree_ros2/install/unitree_hg/include/unitree_hg/unitree_hg/msg/detail/low_cmd__struct.h\n'}
[83.259885] (unitree_hg) StdoutLine: {'line': b'-- Installing: /home/unitree/go2slam/unitree_ros2/install/unitree_hg/include/unitree_hg/unitree_hg/msg/detail/imu_state__functions.h\n'}
[83.261452] (unitree_hg) StdoutLine: {'line': b'-- Installing: /home/unitree/go2slam/unitree_ros2/install/unitree_hg/include/unitree_hg/unitree_hg/msg/detail/bms_cmd__functions.c\n'}
[83.267010] (unitree_hg) StdoutLine: {'line': b'-- Installing: /home/unitree/go2slam/unitree_ros2/install/unitree_hg/include/unitree_hg/unitree_hg/msg/detail/low_cmd__functions.c\n'}
[83.271366] (unitree_hg) StdoutLine: {'line': b'-- Installing: /home/unitree/go2slam/unitree_ros2/install/unitree_hg/include/unitree_hg/unitree_hg/msg/detail/imu_state__struct.h\n'}
[83.271615] (unitree_hg) StdoutLine: {'line': b'-- Installing: /home/unitree/go2slam/unitree_ros2/install/unitree_hg/include/unitree_hg/unitree_hg/msg/detail/motor_state__functions.c\n'}
[83.271790] (unitree_hg) StdoutLine: {'line': b'-- Installing: /home/unitree/go2slam/unitree_ros2/install/unitree_hg/include/unitree_hg/unitree_hg/msg/detail/low_state__functions.h\n'}
[83.271954] (unitree_hg) StdoutLine: {'line': b'-- Installing: /home/unitree/go2slam/unitree_ros2/install/unitree_hg/include/unitree_hg/unitree_hg/msg/detail/hand_cmd__struct.h\n'}
[83.272113] (unitree_hg) StdoutLine: {'line': b'-- Installing: /home/unitree/go2slam/unitree_ros2/install/unitree_hg/include/unitree_hg/unitree_hg/msg/detail/motor_state__type_support.h\n'}
[83.272302] (unitree_hg) StdoutLine: {'line': b'-- Installing: /home/unitree/go2slam/unitree_ros2/install/unitree_hg/include/unitree_hg/unitree_hg/msg/detail/motor_cmd__struct.h\n'}
[83.272779] (unitree_hg) StdoutLine: {'line': b'-- Installing: /home/unitree/go2slam/unitree_ros2/install/unitree_hg/include/unitree_hg/unitree_hg/msg/detail/hand_state__functions.c\n'}
[83.274812] (unitree_hg) StdoutLine: {'line': b'-- Installing: /home/unitree/go2slam/unitree_ros2/install/unitree_hg/include/unitree_hg/unitree_hg/msg/detail/hand_cmd__type_support.c\n'}
[83.275075] (unitree_hg) StdoutLine: {'line': b'-- Installing: /home/unitree/go2slam/unitree_ros2/install/unitree_hg/include/unitree_hg/unitree_hg/msg/main_board_state.h\n'}
[83.275805] (unitree_hg) StdoutLine: {'line': b'-- Installing: /home/unitree/go2slam/unitree_ros2/install/unitree_hg/include/unitree_hg/unitree_hg/msg/low_state.h\n'}
[83.275984] (unitree_hg) StdoutLine: {'line': b'-- Installing: /home/unitree/go2slam/unitree_ros2/install/unitree_hg/include/unitree_hg/unitree_hg/msg/bms_cmd.h\n'}
[83.276150] (unitree_hg) StdoutLine: {'line': b'-- Installing: /home/unitree/go2slam/unitree_ros2/install/unitree_hg/include/unitree_hg/unitree_hg/msg/imu_state.h\n'}
[83.279447] (unitree_hg) StdoutLine: {'line': b'-- Installing: /home/unitree/go2slam/unitree_ros2/install/unitree_hg/include/unitree_hg/unitree_hg/msg/motor_state.h\n'}
[83.280382] (unitree_hg) StdoutLine: {'line': b'-- Installing: /home/unitree/go2slam/unitree_ros2/install/unitree_hg/include/unitree_hg/unitree_hg/msg/hand_cmd.h\n'}
[83.280569] (unitree_hg) StdoutLine: {'line': b'-- Installing: /home/unitree/go2slam/unitree_ros2/install/unitree_hg/share/unitree_hg/environment/library_path.sh\n'}
[83.280734] (unitree_hg) StdoutLine: {'line': b'-- Installing: /home/unitree/go2slam/unitree_ros2/install/unitree_hg/share/unitree_hg/environment/library_path.dsv\n'}
[83.280895] (unitree_hg) StdoutLine: {'line': b'-- Installing: /home/unitree/go2slam/unitree_ros2/install/unitree_hg/lib/libunitree_hg__rosidl_generator_c.so\n'}
[83.281051] (unitree_hg) StdoutLine: {'line': b'-- Set non-toolchain portion of runtime path of "/home/unitree/go2slam/unitree_ros2/install/unitree_hg/lib/libunitree_hg__rosidl_generator_c.so" to ""\n'}
[83.281206] (unitree_hg) StdoutLine: {'line': b'-- Up-to-date: /home/unitree/go2slam/unitree_ros2/install/unitree_hg/include/unitree_hg/unitree_hg\n'}
[83.281398] (unitree_hg) StdoutLine: {'line': b'-- Up-to-date: /home/unitree/go2slam/unitree_ros2/install/unitree_hg/include/unitree_hg/unitree_hg/msg\n'}
[83.281554] (unitree_hg) StdoutLine: {'line': b'-- Installing: /home/unitree/go2slam/unitree_ros2/install/unitree_hg/include/unitree_hg/unitree_hg/msg/rosidl_typesupport_fastrtps_c__visibility_control.h\n'}
[83.281741] (unitree_hg) StdoutLine: {'line': b'-- Up-to-date: /home/unitree/go2slam/unitree_ros2/install/unitree_hg/include/unitree_hg/unitree_hg/msg/detail\n'}
[83.281895] (unitree_hg) StdoutLine: {'line': b'-- Installing: /home/unitree/go2slam/unitree_ros2/install/unitree_hg/include/unitree_hg/unitree_hg/msg/detail/hand_cmd__rosidl_typesupport_fastrtps_c.h\n'}
[83.282045] (unitree_hg) StdoutLine: {'line': b'-- Installing: /home/unitree/go2slam/unitree_ros2/install/unitree_hg/include/unitree_hg/unitree_hg/msg/detail/imu_state__rosidl_typesupport_fastrtps_c.h\n'}
[83.282212] (unitree_hg) StdoutLine: {'line': b'-- Installing: /home/unitree/go2slam/unitree_ros2/install/unitree_hg/include/unitree_hg/unitree_hg/msg/detail/press_sensor_state__rosidl_typesupport_fastrtps_c.h\n'}
[83.282362] (unitree_hg) StdoutLine: {'line': b'-- Installing: /home/unitree/go2slam/unitree_ros2/install/unitree_hg/include/unitree_hg/unitree_hg/msg/detail/main_board_state__rosidl_typesupport_fastrtps_c.h\n'}
[83.282510] (unitree_hg) StdoutLine: {'line': b'-- Installing: /home/unitree/go2slam/unitree_ros2/install/unitree_hg/include/unitree_hg/unitree_hg/msg/detail/low_cmd__rosidl_typesupport_fastrtps_c.h\n'}
[83.282660] (unitree_hg) StdoutLine: {'line': b'-- Installing: /home/unitree/go2slam/unitree_ros2/install/unitree_hg/include/unitree_hg/unitree_hg/msg/detail/bms_state__rosidl_typesupport_fastrtps_c.h\n'}
[83.282810] (unitree_hg) StdoutLine: {'line': b'-- Installing: /home/unitree/go2slam/unitree_ros2/install/unitree_hg/include/unitree_hg/unitree_hg/msg/detail/motor_cmd__rosidl_typesupport_fastrtps_c.h\n'}
[83.282958] (unitree_hg) StdoutLine: {'line': b'-- Installing: /home/unitree/go2slam/unitree_ros2/install/unitree_hg/include/unitree_hg/unitree_hg/msg/detail/hand_state__rosidl_typesupport_fastrtps_c.h\n'}
[83.283105] (unitree_hg) StdoutLine: {'line': b'-- Installing: /home/unitree/go2slam/unitree_ros2/install/unitree_hg/include/unitree_hg/unitree_hg/msg/detail/low_state__rosidl_typesupport_fastrtps_c.h\n'}
[83.283251] (unitree_hg) StdoutLine: {'line': b'-- Installing: /home/unitree/go2slam/unitree_ros2/install/unitree_hg/include/unitree_hg/unitree_hg/msg/detail/motor_state__rosidl_typesupport_fastrtps_c.h\n'}
[83.283448] (unitree_hg) StdoutLine: {'line': b'-- Installing: /home/unitree/go2slam/unitree_ros2/install/unitree_hg/include/unitree_hg/unitree_hg/msg/detail/bms_cmd__rosidl_typesupport_fastrtps_c.h\n'}
[83.283603] (unitree_hg) StdoutLine: {'line': b'-- Installing: /home/unitree/go2slam/unitree_ros2/install/unitree_hg/lib/libunitree_hg__rosidl_typesupport_fastrtps_c.so\n'}
[83.283754] (unitree_hg) StdoutLine: {'line': b'-- Set non-toolchain portion of runtime path of "/home/unitree/go2slam/unitree_ros2/install/unitree_hg/lib/libunitree_hg__rosidl_typesupport_fastrtps_c.so" to ""\n'}
[83.283902] (unitree_hg) StdoutLine: {'line': b'-- Up-to-date: /home/unitree/go2slam/unitree_ros2/install/unitree_hg/include/unitree_hg/unitree_hg\n'}
[83.284044] (unitree_hg) StdoutLine: {'line': b'-- Up-to-date: /home/unitree/go2slam/unitree_ros2/install/unitree_hg/include/unitree_hg/unitree_hg/msg\n'}
[83.284185] (unitree_hg) StdoutLine: {'line': b'-- Installing: /home/unitree/go2slam/unitree_ros2/install/unitree_hg/include/unitree_hg/unitree_hg/msg/hand_state.hpp\n'}
[83.284327] (unitree_hg) StdoutLine: {'line': b'-- Installing: /home/unitree/go2slam/unitree_ros2/install/unitree_hg/include/unitree_hg/unitree_hg/msg/press_sensor_state.hpp\n'}
[83.284474] (unitree_hg) StdoutLine: {'line': b'-- Installing: /home/unitree/go2slam/unitree_ros2/install/unitree_hg/include/unitree_hg/unitree_hg/msg/motor_cmd.hpp\n'}
[83.284623] (unitree_hg) StdoutLine: {'line': b'-- Installing: /home/unitree/go2slam/unitree_ros2/install/unitree_hg/include/unitree_hg/unitree_hg/msg/motor_state.hpp\n'}
[83.284768] (unitree_hg) StdoutLine: {'line': b'-- Installing: /home/unitree/go2slam/unitree_ros2/install/unitree_hg/include/unitree_hg/unitree_hg/msg/bms_cmd.hpp\n'}
[83.284915] (unitree_hg) StdoutLine: {'line': b'-- Installing: /home/unitree/go2slam/unitree_ros2/install/unitree_hg/include/unitree_hg/unitree_hg/msg/low_cmd.hpp\n'}
[83.285059] (unitree_hg) StdoutLine: {'line': b'-- Installing: /home/unitree/go2slam/unitree_ros2/install/unitree_hg/include/unitree_hg/unitree_hg/msg/imu_state.hpp\n'}
[83.285204] (unitree_hg) StdoutLine: {'line': b'-- Up-to-date: /home/unitree/go2slam/unitree_ros2/install/unitree_hg/include/unitree_hg/unitree_hg/msg/detail\n'}
[83.285349] (unitree_hg) StdoutLine: {'line': b'-- Installing: /home/unitree/go2slam/unitree_ros2/install/unitree_hg/include/unitree_hg/unitree_hg/msg/detail/motor_cmd__traits.hpp\n'}
[83.285513] (unitree_hg) StdoutLine: {'line': b'-- Installing: /home/unitree/go2slam/unitree_ros2/install/unitree_hg/include/unitree_hg/unitree_hg/msg/detail/main_board_state__struct.hpp\n'}
[83.285661] (unitree_hg) StdoutLine: {'line': b'-- Installing: /home/unitree/go2slam/unitree_ros2/install/unitree_hg/include/unitree_hg/unitree_hg/msg/detail/hand_cmd__traits.hpp\n'}
[83.285819] (unitree_hg) StdoutLine: {'line': b'-- Installing: /home/unitree/go2slam/unitree_ros2/install/unitree_hg/include/unitree_hg/unitree_hg/msg/detail/low_cmd__type_support.hpp\n'}
[83.285968] (unitree_hg) StdoutLine: {'line': b'-- Installing: /home/unitree/go2slam/unitree_ros2/install/unitree_hg/include/unitree_hg/unitree_hg/msg/detail/press_sensor_state__type_support.hpp\n'}
[83.286114] (unitree_hg) StdoutLine: {'line': b'-- Installing: /home/unitree/go2slam/unitree_ros2/install/unitree_hg/include/unitree_hg/unitree_hg/msg/detail/hand_state__type_support.hpp\n'}
[83.286288] (unitree_hg) StdoutLine: {'line': b'-- Installing: /home/unitree/go2slam/unitree_ros2/install/unitree_hg/include/unitree_hg/unitree_hg/msg/detail/bms_cmd__builder.hpp\n'}
[83.286438] (unitree_hg) StdoutLine: {'line': b'-- Installing: /home/unitree/go2slam/unitree_ros2/install/unitree_hg/include/unitree_hg/unitree_hg/msg/detail/low_state__builder.hpp\n'}
[83.286587] (unitree_hg) StdoutLine: {'line': b'-- Installing: /home/unitree/go2slam/unitree_ros2/install/unitree_hg/include/unitree_hg/unitree_hg/msg/detail/motor_state__struct.hpp\n'}
[83.286732] (unitree_hg) StdoutLine: {'line': b'-- Installing: /home/unitree/go2slam/unitree_ros2/install/unitree_hg/include/unitree_hg/unitree_hg/msg/detail/hand_cmd__struct.hpp\n'}
[83.286878] (unitree_hg) StdoutLine: {'line': b'-- Installing: /home/unitree/go2slam/unitree_ros2/install/unitree_hg/include/unitree_hg/unitree_hg/msg/detail/low_state__struct.hpp\n'}
[83.287022] (unitree_hg) StdoutLine: {'line': b'-- Installing: /home/unitree/go2slam/unitree_ros2/install/unitree_hg/include/unitree_hg/unitree_hg/msg/detail/imu_state__type_support.hpp\n'}
[83.287168] (unitree_hg) StdoutLine: {'line': b'-- Installing: /home/unitree/go2slam/unitree_ros2/install/unitree_hg/include/unitree_hg/unitree_hg/msg/detail/low_cmd__builder.hpp\n'}
[83.287384] (unitree_hg) StdoutLine: {'line': b'-- Installing: /home/unitree/go2slam/unitree_ros2/install/unitree_hg/include/unitree_hg/unitree_hg/msg/detail/motor_cmd__type_support.hpp\n'}
[83.296636] (unitree_hg) StdoutLine: {'line': b'-- Installing: /home/unitree/go2slam/unitree_ros2/install/unitree_hg/include/unitree_hg/unitree_hg/msg/detail/imu_state__struct.hpp\n'}
[83.296864] (unitree_hg) StdoutLine: {'line': b'-- Installing: /home/unitree/go2slam/unitree_ros2/install/unitree_hg/include/unitree_hg/unitree_hg/msg/detail/bms_state__type_support.hpp\n'}
[83.297036] (unitree_hg) StdoutLine: {'line': b'-- Installing: /home/unitree/go2slam/unitree_ros2/install/unitree_hg/include/unitree_hg/unitree_hg/msg/detail/bms_cmd__traits.hpp\n'}
[83.297198] (unitree_hg) StdoutLine: {'line': b'-- Installing: /home/unitree/go2slam/unitree_ros2/install/unitree_hg/include/unitree_hg/unitree_hg/msg/detail/bms_state__builder.hpp\n'}
[83.297394] (unitree_hg) StdoutLine: {'line': b'-- Installing: /home/unitree/go2slam/unitree_ros2/install/unitree_hg/include/unitree_hg/unitree_hg/msg/detail/hand_state__traits.hpp\n'}
[83.297549] (unitree_hg) StdoutLine: {'line': b'-- Installing: /home/unitree/go2slam/unitree_ros2/install/unitree_hg/include/unitree_hg/unitree_hg/msg/detail/main_board_state__type_support.hpp\n'}
[83.297701] (unitree_hg) StdoutLine: {'line': b'-- Installing: /home/unitree/go2slam/unitree_ros2/install/unitree_hg/include/unitree_hg/unitree_hg/msg/detail/low_cmd__struct.hpp\n'}
[83.311507] (unitree_hg) StdoutLine: {'line': b'-- Installing: /home/unitree/go2slam/unitree_ros2/install/unitree_hg/include/unitree_hg/unitree_hg/msg/detail/motor_state__type_support.hpp\n'}
[83.315162] (unitree_hg) StdoutLine: {'line': b'-- Installing: /home/unitree/go2slam/unitree_ros2/install/unitree_hg/include/unitree_hg/unitree_hg/msg/detail/main_board_state__builder.hpp\n'}
[83.319780] (unitree_hg) StdoutLine: {'line': b'-- Installing: /home/unitree/go2slam/unitree_ros2/install/unitree_hg/include/unitree_hg/unitree_hg/msg/detail/motor_cmd__builder.hpp\n'}
[83.319977] (unitree_hg) StdoutLine: {'line': b'-- Installing: /home/unitree/go2slam/unitree_ros2/install/unitree_hg/include/unitree_hg/unitree_hg/msg/detail/motor_cmd__struct.hpp\n'}
[83.320141] (unitree_hg) StdoutLine: {'line': b'-- Installing: /home/unitree/go2slam/unitree_ros2/install/unitree_hg/include/unitree_hg/unitree_hg/msg/detail/bms_state__traits.hpp\n'}
[83.322408] (unitree_hg) StdoutLine: {'line': b'-- Installing: /home/unitree/go2slam/unitree_ros2/install/unitree_hg/include/unitree_hg/unitree_hg/msg/detail/motor_state__builder.hpp\n'}
[83.327483] (unitree_hg) StdoutLine: {'line': b'-- Installing: /home/unitree/go2slam/unitree_ros2/install/unitree_hg/include/unitree_hg/unitree_hg/msg/detail/bms_cmd__type_support.hpp\n'}
[83.331522] (unitree_hg) StdoutLine: {'line': b'-- Installing: /home/unitree/go2slam/unitree_ros2/install/unitree_hg/include/unitree_hg/unitree_hg/msg/detail/main_board_state__traits.hpp\n'}
[83.332782] (unitree_hg) StdoutLine: {'line': b'-- Installing: /home/unitree/go2slam/unitree_ros2/install/unitree_hg/include/unitree_hg/unitree_hg/msg/detail/hand_cmd__type_support.hpp\n'}
[83.332964] (unitree_hg) StdoutLine: {'line': b'-- Installing: /home/unitree/go2slam/unitree_ros2/install/unitree_hg/include/unitree_hg/unitree_hg/msg/detail/low_state__type_support.hpp\n'}
[83.333204] (unitree_hg) StdoutLine: {'line': b'-- Installing: /home/unitree/go2slam/unitree_ros2/install/unitree_hg/include/unitree_hg/unitree_hg/msg/detail/press_sensor_state__builder.hpp\n'}
[83.333372] (unitree_hg) StdoutLine: {'line': b'-- Installing: /home/unitree/go2slam/unitree_ros2/install/unitree_hg/include/unitree_hg/unitree_hg/msg/detail/low_cmd__traits.hpp\n'}
[83.333530] (unitree_hg) StdoutLine: {'line': b'-- Installing: /home/unitree/go2slam/unitree_ros2/install/unitree_hg/include/unitree_hg/unitree_hg/msg/detail/motor_state__traits.hpp\n'}
[83.333682] (unitree_hg) StdoutLine: {'line': b'-- Installing: /home/unitree/go2slam/unitree_ros2/install/unitree_hg/include/unitree_hg/unitree_hg/msg/detail/hand_state__struct.hpp\n'}
[83.333832] (unitree_hg) StdoutLine: {'line': b'-- Installing: /home/unitree/go2slam/unitree_ros2/install/unitree_hg/include/unitree_hg/unitree_hg/msg/detail/hand_cmd__builder.hpp\n'}
[83.334020] (unitree_hg) StdoutLine: {'line': b'-- Installing: /home/unitree/go2slam/unitree_ros2/install/unitree_hg/include/unitree_hg/unitree_hg/msg/detail/imu_state__builder.hpp\n'}
[83.334172] (unitree_hg) StdoutLine: {'line': b'-- Installing: /home/unitree/go2slam/unitree_ros2/install/unitree_hg/include/unitree_hg/unitree_hg/msg/detail/press_sensor_state__traits.hpp\n'}
[83.334324] (unitree_hg) StdoutLine: {'line': b'-- Installing: /home/unitree/go2slam/unitree_ros2/install/unitree_hg/include/unitree_hg/unitree_hg/msg/detail/low_state__traits.hpp\n'}
[83.334473] (unitree_hg) StdoutLine: {'line': b'-- Installing: /home/unitree/go2slam/unitree_ros2/install/unitree_hg/include/unitree_hg/unitree_hg/msg/detail/press_sensor_state__struct.hpp\n'}
[83.334623] (unitree_hg) StdoutLine: {'line': b'-- Installing: /home/unitree/go2slam/unitree_ros2/install/unitree_hg/include/unitree_hg/unitree_hg/msg/detail/bms_state__struct.hpp\n'}
[83.334771] (unitree_hg) StdoutLine: {'line': b'-- Installing: /home/unitree/go2slam/unitree_ros2/install/unitree_hg/include/unitree_hg/unitree_hg/msg/detail/imu_state__traits.hpp\n'}
[83.334918] (unitree_hg) StdoutLine: {'line': b'-- Installing: /home/unitree/go2slam/unitree_ros2/install/unitree_hg/include/unitree_hg/unitree_hg/msg/detail/bms_cmd__struct.hpp\n'}
[83.335063] (unitree_hg) StdoutLine: {'line': b'-- Installing: /home/unitree/go2slam/unitree_ros2/install/unitree_hg/include/unitree_hg/unitree_hg/msg/detail/hand_state__builder.hpp\n'}
[83.335208] (unitree_hg) StdoutLine: {'line': b'-- Installing: /home/unitree/go2slam/unitree_ros2/install/unitree_hg/include/unitree_hg/unitree_hg/msg/hand_cmd.hpp\n'}
[83.335451] (unitree_hg) StdoutLine: {'line': b'-- Installing: /home/unitree/go2slam/unitree_ros2/install/unitree_hg/include/unitree_hg/unitree_hg/msg/bms_state.hpp\n'}
[83.335607] (unitree_hg) StdoutLine: {'line': b'-- Installing: /home/unitree/go2slam/unitree_ros2/install/unitree_hg/include/unitree_hg/unitree_hg/msg/rosidl_generator_cpp__visibility_control.hpp\n'}
[83.335761] (unitree_hg) StdoutLine: {'line': b'-- Installing: /home/unitree/go2slam/unitree_ros2/install/unitree_hg/include/unitree_hg/unitree_hg/msg/low_state.hpp\n'}
[83.335907] (unitree_hg) StdoutLine: {'line': b'-- Installing: /home/unitree/go2slam/unitree_ros2/install/unitree_hg/include/unitree_hg/unitree_hg/msg/main_board_state.hpp\n'}
[83.336054] (unitree_hg) StdoutLine: {'line': b'-- Up-to-date: /home/unitree/go2slam/unitree_ros2/install/unitree_hg/include/unitree_hg/unitree_hg\n'}
[83.336202] (unitree_hg) StdoutLine: {'line': b'-- Up-to-date: /home/unitree/go2slam/unitree_ros2/install/unitree_hg/include/unitree_hg/unitree_hg/msg\n'}
[83.336349] (unitree_hg) StdoutLine: {'line': b'-- Installing: /home/unitree/go2slam/unitree_ros2/install/unitree_hg/include/unitree_hg/unitree_hg/msg/rosidl_typesupport_fastrtps_cpp__visibility_control.h\n'}
[83.336493] (unitree_hg) StdoutLine: {'line': b'-- Up-to-date: /home/unitree/go2slam/unitree_ros2/install/unitree_hg/include/unitree_hg/unitree_hg/msg/detail\n'}
[83.336637] (unitree_hg) StdoutLine: {'line': b'-- Installing: /home/unitree/go2slam/unitree_ros2/install/unitree_hg/include/unitree_hg/unitree_hg/msg/detail/low_state__rosidl_typesupport_fastrtps_cpp.hpp\n'}
[83.336782] (unitree_hg) StdoutLine: {'line': b'-- Installing: /home/unitree/go2slam/unitree_ros2/install/unitree_hg/include/unitree_hg/unitree_hg/msg/detail/bms_cmd__rosidl_typesupport_fastrtps_cpp.hpp\n'}
[83.336929] (unitree_hg) StdoutLine: {'line': b'-- Installing: /home/unitree/go2slam/unitree_ros2/install/unitree_hg/include/unitree_hg/unitree_hg/msg/detail/bms_state__rosidl_typesupport_fastrtps_cpp.hpp\n'}
[83.337077] (unitree_hg) StdoutLine: {'line': b'-- Installing: /home/unitree/go2slam/unitree_ros2/install/unitree_hg/include/unitree_hg/unitree_hg/msg/detail/hand_cmd__rosidl_typesupport_fastrtps_cpp.hpp\n'}
[83.337223] (unitree_hg) StdoutLine: {'line': b'-- Installing: /home/unitree/go2slam/unitree_ros2/install/unitree_hg/include/unitree_hg/unitree_hg/msg/detail/dds_fastrtps\n'}
[83.337367] (unitree_hg) StdoutLine: {'line': b'-- Installing: /home/unitree/go2slam/unitree_ros2/install/unitree_hg/include/unitree_hg/unitree_hg/msg/detail/motor_state__rosidl_typesupport_fastrtps_cpp.hpp\n'}
[83.337536] (unitree_hg) StdoutLine: {'line': b'-- Installing: /home/unitree/go2slam/unitree_ros2/install/unitree_hg/include/unitree_hg/unitree_hg/msg/detail/motor_cmd__rosidl_typesupport_fastrtps_cpp.hpp\n'}
[83.337687] (unitree_hg) StdoutLine: {'line': b'-- Installing: /home/unitree/go2slam/unitree_ros2/install/unitree_hg/include/unitree_hg/unitree_hg/msg/detail/imu_state__rosidl_typesupport_fastrtps_cpp.hpp\n'}
[83.337835] (unitree_hg) StdoutLine: {'line': b'-- Installing: /home/unitree/go2slam/unitree_ros2/install/unitree_hg/include/unitree_hg/unitree_hg/msg/detail/press_sensor_state__rosidl_typesupport_fastrtps_cpp.hpp\n'}
[83.337980] (unitree_hg) StdoutLine: {'line': b'-- Installing: /home/unitree/go2slam/unitree_ros2/install/unitree_hg/include/unitree_hg/unitree_hg/msg/detail/main_board_state__rosidl_typesupport_fastrtps_cpp.hpp\n'}
[83.338124] (-) TimerEvent: {}
[83.342881] (unitree_hg) StdoutLine: {'line': b'-- Installing: /home/unitree/go2slam/unitree_ros2/install/unitree_hg/include/unitree_hg/unitree_hg/msg/detail/hand_state__rosidl_typesupport_fastrtps_cpp.hpp\n'}
[83.343210] (unitree_hg) StdoutLine: {'line': b'-- Installing: /home/unitree/go2slam/unitree_ros2/install/unitree_hg/include/unitree_hg/unitree_hg/msg/detail/low_cmd__rosidl_typesupport_fastrtps_cpp.hpp\n'}
[83.343425] (unitree_hg) StdoutLine: {'line': b'-- Installing: /home/unitree/go2slam/unitree_ros2/install/unitree_hg/lib/libunitree_hg__rosidl_typesupport_fastrtps_cpp.so\n'}
[83.343644] (unitree_hg) StdoutLine: {'line': b'-- Set non-toolchain portion of runtime path of "/home/unitree/go2slam/unitree_ros2/install/unitree_hg/lib/libunitree_hg__rosidl_typesupport_fastrtps_cpp.so" to ""\n'}
[83.343810] (unitree_hg) StdoutLine: {'line': b'-- Up-to-date: /home/unitree/go2slam/unitree_ros2/install/unitree_hg/include/unitree_hg/unitree_hg\n'}
[83.343971] (unitree_hg) StdoutLine: {'line': b'-- Up-to-date: /home/unitree/go2slam/unitree_ros2/install/unitree_hg/include/unitree_hg/unitree_hg/msg\n'}
[83.344126] (unitree_hg) StdoutLine: {'line': b'-- Up-to-date: /home/unitree/go2slam/unitree_ros2/install/unitree_hg/include/unitree_hg/unitree_hg/msg/detail\n'}
[83.344274] (unitree_hg) StdoutLine: {'line': b'-- Installing: /home/unitree/go2slam/unitree_ros2/install/unitree_hg/include/unitree_hg/unitree_hg/msg/detail/hand_state__type_support.c\n'}
[83.344425] (unitree_hg) StdoutLine: {'line': b'-- Installing: /home/unitree/go2slam/unitree_ros2/install/unitree_hg/include/unitree_hg/unitree_hg/msg/detail/bms_cmd__type_support.c\n'}
[83.344573] (unitree_hg) StdoutLine: {'line': b'-- Installing: /home/unitree/go2slam/unitree_ros2/install/unitree_hg/include/unitree_hg/unitree_hg/msg/detail/low_state__type_support.c\n'}
[83.344719] (unitree_hg) StdoutLine: {'line': b'-- Installing: /home/unitree/go2slam/unitree_ros2/install/unitree_hg/include/unitree_hg/unitree_hg/msg/detail/imu_state__type_support.c\n'}
[83.344865] (unitree_hg) StdoutLine: {'line': b'-- Installing: /home/unitree/go2slam/unitree_ros2/install/unitree_hg/include/unitree_hg/unitree_hg/msg/detail/bms_cmd__rosidl_typesupport_introspection_c.h\n'}
[83.345008] (unitree_hg) StdoutLine: {'line': b'-- Installing: /home/unitree/go2slam/unitree_ros2/install/unitree_hg/include/unitree_hg/unitree_hg/msg/detail/hand_cmd__rosidl_typesupport_introspection_c.h\n'}
[83.345154] (unitree_hg) StdoutLine: {'line': b'-- Installing: /home/unitree/go2slam/unitree_ros2/install/unitree_hg/include/unitree_hg/unitree_hg/msg/detail/low_cmd__type_support.c\n'}
[83.345298] (unitree_hg) StdoutLine: {'line': b'-- Installing: /home/unitree/go2slam/unitree_ros2/install/unitree_hg/include/unitree_hg/unitree_hg/msg/detail/low_state__rosidl_typesupport_introspection_c.h\n'}
[83.345443] (unitree_hg) StdoutLine: {'line': b'-- Installing: /home/unitree/go2slam/unitree_ros2/install/unitree_hg/include/unitree_hg/unitree_hg/msg/detail/hand_state__rosidl_typesupport_introspection_c.h\n'}
[83.345587] (unitree_hg) StdoutLine: {'line': b'-- Installing: /home/unitree/go2slam/unitree_ros2/install/unitree_hg/include/unitree_hg/unitree_hg/msg/detail/motor_cmd__rosidl_typesupport_introspection_c.h\n'}
[83.345733] (unitree_hg) StdoutLine: {'line': b'-- Installing: /home/unitree/go2slam/unitree_ros2/install/unitree_hg/include/unitree_hg/unitree_hg/msg/detail/main_board_state__type_support.c\n'}
[83.345881] (unitree_hg) StdoutLine: {'line': b'-- Installing: /home/unitree/go2slam/unitree_ros2/install/unitree_hg/include/unitree_hg/unitree_hg/msg/detail/motor_state__type_support.c\n'}
[83.346025] (unitree_hg) StdoutLine: {'line': b'-- Installing: /home/unitree/go2slam/unitree_ros2/install/unitree_hg/include/unitree_hg/unitree_hg/msg/detail/imu_state__rosidl_typesupport_introspection_c.h\n'}
[83.346169] (unitree_hg) StdoutLine: {'line': b'-- Installing: /home/unitree/go2slam/unitree_ros2/install/unitree_hg/include/unitree_hg/unitree_hg/msg/detail/press_sensor_state__type_support.c\n'}
[83.346314] (unitree_hg) StdoutLine: {'line': b'-- Installing: /home/unitree/go2slam/unitree_ros2/install/unitree_hg/include/unitree_hg/unitree_hg/msg/detail/press_sensor_state__rosidl_typesupport_introspection_c.h\n'}
[83.346460] (unitree_hg) StdoutLine: {'line': b'-- Installing: /home/unitree/go2slam/unitree_ros2/install/unitree_hg/include/unitree_hg/unitree_hg/msg/detail/motor_cmd__type_support.c\n'}
[83.346623] (unitree_hg) StdoutLine: {'line': b'-- Installing: /home/unitree/go2slam/unitree_ros2/install/unitree_hg/include/unitree_hg/unitree_hg/msg/detail/bms_state__type_support.c\n'}
[83.346783] (unitree_hg) StdoutLine: {'line': b'-- Installing: /home/unitree/go2slam/unitree_ros2/install/unitree_hg/include/unitree_hg/unitree_hg/msg/detail/low_cmd__rosidl_typesupport_introspection_c.h\n'}
[83.346928] (unitree_hg) StdoutLine: {'line': b'-- Installing: /home/unitree/go2slam/unitree_ros2/install/unitree_hg/include/unitree_hg/unitree_hg/msg/detail/main_board_state__rosidl_typesupport_introspection_c.h\n'}
[83.347074] (unitree_hg) StdoutLine: {'line': b'-- Installing: /home/unitree/go2slam/unitree_ros2/install/unitree_hg/include/unitree_hg/unitree_hg/msg/detail/bms_state__rosidl_typesupport_introspection_c.h\n'}
[83.347220] (unitree_hg) StdoutLine: {'line': b'-- Installing: /home/unitree/go2slam/unitree_ros2/install/unitree_hg/include/unitree_hg/unitree_hg/msg/detail/motor_state__rosidl_typesupport_introspection_c.h\n'}
[83.347483] (unitree_hg) StdoutLine: {'line': b'-- Installing: /home/unitree/go2slam/unitree_ros2/install/unitree_hg/include/unitree_hg/unitree_hg/msg/detail/hand_cmd__type_support.c\n'}
[83.347644] (unitree_hg) StdoutLine: {'line': b'-- Installing: /home/unitree/go2slam/unitree_ros2/install/unitree_hg/include/unitree_hg/unitree_hg/msg/rosidl_typesupport_introspection_c__visibility_control.h\n'}
[83.347795] (unitree_hg) StdoutLine: {'line': b'-- Installing: /home/unitree/go2slam/unitree_ros2/install/unitree_hg/lib/libunitree_hg__rosidl_typesupport_introspection_c.so\n'}
[83.347970] (unitree_hg) StdoutLine: {'line': b'-- Set non-toolchain portion of runtime path of "/home/unitree/go2slam/unitree_ros2/install/unitree_hg/lib/libunitree_hg__rosidl_typesupport_introspection_c.so" to ""\n'}
[83.348120] (unitree_hg) StdoutLine: {'line': b'-- Installing: /home/unitree/go2slam/unitree_ros2/install/unitree_hg/lib/libunitree_hg__rosidl_typesupport_c.so\n'}
[83.348267] (unitree_hg) StdoutLine: {'line': b'-- Set non-toolchain portion of runtime path of "/home/unitree/go2slam/unitree_ros2/install/unitree_hg/lib/libunitree_hg__rosidl_typesupport_c.so" to ""\n'}
[83.348415] (unitree_hg) StdoutLine: {'line': b'-- Up-to-date: /home/unitree/go2slam/unitree_ros2/install/unitree_hg/include/unitree_hg/unitree_hg\n'}
[83.348561] (unitree_hg) StdoutLine: {'line': b'-- Up-to-date: /home/unitree/go2slam/unitree_ros2/install/unitree_hg/include/unitree_hg/unitree_hg/msg\n'}
[83.348707] (unitree_hg) StdoutLine: {'line': b'-- Up-to-date: /home/unitree/go2slam/unitree_ros2/install/unitree_hg/include/unitree_hg/unitree_hg/msg/detail\n'}
[83.348852] (unitree_hg) StdoutLine: {'line': b'-- Installing: /home/unitree/go2slam/unitree_ros2/install/unitree_hg/include/unitree_hg/unitree_hg/msg/detail/low_state__type_support.cpp\n'}
[83.348997] (unitree_hg) StdoutLine: {'line': b'-- Installing: /home/unitree/go2slam/unitree_ros2/install/unitree_hg/include/unitree_hg/unitree_hg/msg/detail/motor_cmd__rosidl_typesupport_introspection_cpp.hpp\n'}
[83.349139] (unitree_hg) StdoutLine: {'line': b'-- Installing: /home/unitree/go2slam/unitree_ros2/install/unitree_hg/include/unitree_hg/unitree_hg/msg/detail/bms_state__rosidl_typesupport_introspection_cpp.hpp\n'}
[83.349284] (unitree_hg) StdoutLine: {'line': b'-- Installing: /home/unitree/go2slam/unitree_ros2/install/unitree_hg/include/unitree_hg/unitree_hg/msg/detail/motor_state__type_support.cpp\n'}
[83.349442] (unitree_hg) StdoutLine: {'line': b'-- Installing: /home/unitree/go2slam/unitree_ros2/install/unitree_hg/include/unitree_hg/unitree_hg/msg/detail/hand_cmd__type_support.cpp\n'}
[83.349595] (unitree_hg) StdoutLine: {'line': b'-- Installing: /home/unitree/go2slam/unitree_ros2/install/unitree_hg/include/unitree_hg/unitree_hg/msg/detail/motor_state__rosidl_typesupport_introspection_cpp.hpp\n'}
[83.349742] (unitree_hg) StdoutLine: {'line': b'-- Installing: /home/unitree/go2slam/unitree_ros2/install/unitree_hg/include/unitree_hg/unitree_hg/msg/detail/low_cmd__type_support.cpp\n'}
[83.349888] (unitree_hg) StdoutLine: {'line': b'-- Installing: /home/unitree/go2slam/unitree_ros2/install/unitree_hg/include/unitree_hg/unitree_hg/msg/detail/low_cmd__rosidl_typesupport_introspection_cpp.hpp\n'}
[83.350051] (unitree_hg) StdoutLine: {'line': b'-- Installing: /home/unitree/go2slam/unitree_ros2/install/unitree_hg/include/unitree_hg/unitree_hg/msg/detail/press_sensor_state__type_support.cpp\n'}
[83.350197] (unitree_hg) StdoutLine: {'line': b'-- Installing: /home/unitree/go2slam/unitree_ros2/install/unitree_hg/include/unitree_hg/unitree_hg/msg/detail/hand_cmd__rosidl_typesupport_introspection_cpp.hpp\n'}
[83.350345] (unitree_hg) StdoutLine: {'line': b'-- Installing: /home/unitree/go2slam/unitree_ros2/install/unitree_hg/include/unitree_hg/unitree_hg/msg/detail/press_sensor_state__rosidl_typesupport_introspection_cpp.hpp\n'}
[83.350493] (unitree_hg) StdoutLine: {'line': b'-- Installing: /home/unitree/go2slam/unitree_ros2/install/unitree_hg/include/unitree_hg/unitree_hg/msg/detail/motor_cmd__type_support.cpp\n'}
[83.351909] (unitree_hg) StdoutLine: {'line': b'-- Installing: /home/unitree/go2slam/unitree_ros2/install/unitree_hg/include/unitree_hg/unitree_hg/msg/detail/hand_state__type_support.cpp\n'}
[83.352105] (unitree_hg) StdoutLine: {'line': b'-- Installing: /home/unitree/go2slam/unitree_ros2/install/unitree_hg/include/unitree_hg/unitree_hg/msg/detail/low_state__rosidl_typesupport_introspection_cpp.hpp\n'}
[83.352268] (unitree_hg) StdoutLine: {'line': b'-- Installing: /home/unitree/go2slam/unitree_ros2/install/unitree_hg/include/unitree_hg/unitree_hg/msg/detail/bms_cmd__rosidl_typesupport_introspection_cpp.hpp\n'}
[83.352425] (unitree_hg) StdoutLine: {'line': b'-- Installing: /home/unitree/go2slam/unitree_ros2/install/unitree_hg/include/unitree_hg/unitree_hg/msg/detail/bms_state__type_support.cpp\n'}
[83.352579] (unitree_hg) StdoutLine: {'line': b'-- Installing: /home/unitree/go2slam/unitree_ros2/install/unitree_hg/include/unitree_hg/unitree_hg/msg/detail/main_board_state__rosidl_typesupport_introspection_cpp.hpp\n'}
[83.352729] (unitree_hg) StdoutLine: {'line': b'-- Installing: /home/unitree/go2slam/unitree_ros2/install/unitree_hg/include/unitree_hg/unitree_hg/msg/detail/bms_cmd__type_support.cpp\n'}
[83.352878] (unitree_hg) StdoutLine: {'line': b'-- Installing: /home/unitree/go2slam/unitree_ros2/install/unitree_hg/include/unitree_hg/unitree_hg/msg/detail/main_board_state__type_support.cpp\n'}
[83.353028] (unitree_hg) StdoutLine: {'line': b'-- Installing: /home/unitree/go2slam/unitree_ros2/install/unitree_hg/include/unitree_hg/unitree_hg/msg/detail/imu_state__rosidl_typesupport_introspection_cpp.hpp\n'}
[83.353176] (unitree_hg) StdoutLine: {'line': b'-- Installing: /home/unitree/go2slam/unitree_ros2/install/unitree_hg/include/unitree_hg/unitree_hg/msg/detail/imu_state__type_support.cpp\n'}
[83.353322] (unitree_hg) StdoutLine: {'line': b'-- Installing: /home/unitree/go2slam/unitree_ros2/install/unitree_hg/include/unitree_hg/unitree_hg/msg/detail/hand_state__rosidl_typesupport_introspection_cpp.hpp\n'}
[83.353505] (unitree_hg) StdoutLine: {'line': b'-- Installing: /home/unitree/go2slam/unitree_ros2/install/unitree_hg/lib/libunitree_hg__rosidl_typesupport_introspection_cpp.so\n'}
[83.353654] (unitree_hg) StdoutLine: {'line': b'-- Set non-toolchain portion of runtime path of "/home/unitree/go2slam/unitree_ros2/install/unitree_hg/lib/libunitree_hg__rosidl_typesupport_introspection_cpp.so" to ""\n'}
[83.353800] (unitree_hg) StdoutLine: {'line': b'-- Installing: /home/unitree/go2slam/unitree_ros2/install/unitree_hg/lib/libunitree_hg__rosidl_typesupport_cpp.so\n'}
[83.353947] (unitree_hg) StdoutLine: {'line': b'-- Set non-toolchain portion of runtime path of "/home/unitree/go2slam/unitree_ros2/install/unitree_hg/lib/libunitree_hg__rosidl_typesupport_cpp.so" to ""\n'}
[83.354092] (unitree_hg) StdoutLine: {'line': b'-- Installing: /home/unitree/go2slam/unitree_ros2/install/unitree_hg/share/unitree_hg/environment/pythonpath.sh\n'}
[83.354236] (unitree_hg) StdoutLine: {'line': b'-- Installing: /home/unitree/go2slam/unitree_ros2/install/unitree_hg/share/unitree_hg/environment/pythonpath.dsv\n'}
[83.354378] (unitree_hg) StdoutLine: {'line': b'-- Installing: /home/unitree/go2slam/unitree_ros2/install/unitree_hg/lib/python3.12/site-packages/unitree_hg-0.0.0-py3.12.egg-info\n'}
[83.354540] (unitree_hg) StdoutLine: {'line': b'-- Installing: /home/unitree/go2slam/unitree_ros2/install/unitree_hg/lib/python3.12/site-packages/unitree_hg-0.0.0-py3.12.egg-info/top_level.txt\n'}
[83.354686] (unitree_hg) StdoutLine: {'line': b'-- Installing: /home/unitree/go2slam/unitree_ros2/install/unitree_hg/lib/python3.12/site-packages/unitree_hg-0.0.0-py3.12.egg-info/PKG-INFO\n'}
[83.354831] (unitree_hg) StdoutLine: {'line': b'-- Installing: /home/unitree/go2slam/unitree_ros2/install/unitree_hg/lib/python3.12/site-packages/unitree_hg-0.0.0-py3.12.egg-info/dependency_links.txt\n'}
[83.354975] (unitree_hg) StdoutLine: {'line': b'-- Installing: /home/unitree/go2slam/unitree_ros2/install/unitree_hg/lib/python3.12/site-packages/unitree_hg-0.0.0-py3.12.egg-info/SOURCES.txt\n'}
[83.355121] (unitree_hg) StdoutLine: {'line': b'-- Installing: /home/unitree/go2slam/unitree_ros2/install/unitree_hg/lib/python3.12/site-packages/unitree_hg\n'}
[83.355265] (unitree_hg) StdoutLine: {'line': b'-- Installing: /home/unitree/go2slam/unitree_ros2/install/unitree_hg/lib/python3.12/site-packages/unitree_hg/_unitree_hg_s.ep.rosidl_typesupport_fastrtps_c.c\n'}
[83.355498] (unitree_hg) StdoutLine: {'line': b'-- Installing: /home/unitree/go2slam/unitree_ros2/install/unitree_hg/lib/python3.12/site-packages/unitree_hg/unitree_hg_s__rosidl_typesupport_fastrtps_c.so\n'}
[83.355658] (unitree_hg) StdoutLine: {'line': b'-- Installing: /home/unitree/go2slam/unitree_ros2/install/unitree_hg/lib/python3.12/site-packages/unitree_hg/_unitree_hg_s.ep.rosidl_typesupport_c.c\n'}
[83.355808] (unitree_hg) StdoutLine: {'line': b'-- Installing: /home/unitree/go2slam/unitree_ros2/install/unitree_hg/lib/python3.12/site-packages/unitree_hg/_unitree_hg_s.ep.rosidl_typesupport_introspection_c.c\n'}
[83.355956] (unitree_hg) StdoutLine: {'line': b'-- Installing: /home/unitree/go2slam/unitree_ros2/install/unitree_hg/lib/python3.12/site-packages/unitree_hg/__init__.py\n'}
[83.356119] (unitree_hg) StdoutLine: {'line': b'-- Installing: /home/unitree/go2slam/unitree_ros2/install/unitree_hg/lib/python3.12/site-packages/unitree_hg/msg\n'}
[83.356272] (unitree_hg) StdoutLine: {'line': b'-- Installing: /home/unitree/go2slam/unitree_ros2/install/unitree_hg/lib/python3.12/site-packages/unitree_hg/msg/_motor_cmd_s.c\n'}
[83.356417] (unitree_hg) StdoutLine: {'line': b'-- Installing: /home/unitree/go2slam/unitree_ros2/install/unitree_hg/lib/python3.12/site-packages/unitree_hg/msg/_hand_state_s.c\n'}
[83.356560] (unitree_hg) StdoutLine: {'line': b'-- Installing: /home/unitree/go2slam/unitree_ros2/install/unitree_hg/lib/python3.12/site-packages/unitree_hg/msg/_press_sensor_state_s.c\n'}
[83.356704] (unitree_hg) StdoutLine: {'line': b'-- Installing: /home/unitree/go2slam/unitree_ros2/install/unitree_hg/lib/python3.12/site-packages/unitree_hg/msg/_hand_state.py\n'}
[83.356848] (unitree_hg) StdoutLine: {'line': b'-- Installing: /home/unitree/go2slam/unitree_ros2/install/unitree_hg/lib/python3.12/site-packages/unitree_hg/msg/_hand_cmd_s.c\n'}
[83.356990] (unitree_hg) StdoutLine: {'line': b'-- Installing: /home/unitree/go2slam/unitree_ros2/install/unitree_hg/lib/python3.12/site-packages/unitree_hg/msg/_low_cmd.py\n'}
[83.357137] (unitree_hg) StdoutLine: {'line': b'-- Installing: /home/unitree/go2slam/unitree_ros2/install/unitree_hg/lib/python3.12/site-packages/unitree_hg/msg/_hand_cmd.py\n'}
[83.357281] (unitree_hg) StdoutLine: {'line': b'-- Installing: /home/unitree/go2slam/unitree_ros2/install/unitree_hg/lib/python3.12/site-packages/unitree_hg/msg/_imu_state.py\n'}
[83.357426] (unitree_hg) StdoutLine: {'line': b'-- Installing: /home/unitree/go2slam/unitree_ros2/install/unitree_hg/lib/python3.12/site-packages/unitree_hg/msg/_low_state.py\n'}
[83.357569] (unitree_hg) StdoutLine: {'line': b'-- Installing: /home/unitree/go2slam/unitree_ros2/install/unitree_hg/lib/python3.12/site-packages/unitree_hg/msg/_press_sensor_state.py\n'}
[83.357713] (unitree_hg) StdoutLine: {'line': b'-- Installing: /home/unitree/go2slam/unitree_ros2/install/unitree_hg/lib/python3.12/site-packages/unitree_hg/msg/_motor_state.py\n'}
[83.357874] (unitree_hg) StdoutLine: {'line': b'-- Installing: /home/unitree/go2slam/unitree_ros2/install/unitree_hg/lib/python3.12/site-packages/unitree_hg/msg/_imu_state_s.c\n'}
[83.358018] (unitree_hg) StdoutLine: {'line': b'-- Installing: /home/unitree/go2slam/unitree_ros2/install/unitree_hg/lib/python3.12/site-packages/unitree_hg/msg/_low_state_s.c\n'}
[83.358189] (unitree_hg) StdoutLine: {'line': b'-- Installing: /home/unitree/go2slam/unitree_ros2/install/unitree_hg/lib/python3.12/site-packages/unitree_hg/msg/__init__.py\n'}
[83.358335] (unitree_hg) StdoutLine: {'line': b'-- Installing: /home/unitree/go2slam/unitree_ros2/install/unitree_hg/lib/python3.12/site-packages/unitree_hg/msg/_main_board_state_s.c\n'}
[83.358480] (unitree_hg) StdoutLine: {'line': b'-- Installing: /home/unitree/go2slam/unitree_ros2/install/unitree_hg/lib/python3.12/site-packages/unitree_hg/msg/_bms_state.py\n'}
[83.358624] (unitree_hg) StdoutLine: {'line': b'-- Installing: /home/unitree/go2slam/unitree_ros2/install/unitree_hg/lib/python3.12/site-packages/unitree_hg/msg/_bms_cmd.py\n'}
[83.358766] (unitree_hg) StdoutLine: {'line': b'-- Installing: /home/unitree/go2slam/unitree_ros2/install/unitree_hg/lib/python3.12/site-packages/unitree_hg/msg/_bms_state_s.c\n'}
[83.358908] (unitree_hg) StdoutLine: {'line': b'-- Installing: /home/unitree/go2slam/unitree_ros2/install/unitree_hg/lib/python3.12/site-packages/unitree_hg/msg/_bms_cmd_s.c\n'}
[83.359051] (unitree_hg) StdoutLine: {'line': b'-- Installing: /home/unitree/go2slam/unitree_ros2/install/unitree_hg/lib/python3.12/site-packages/unitree_hg/msg/_low_cmd_s.c\n'}
[83.359990] (unitree_hg) StdoutLine: {'line': b'-- Installing: /home/unitree/go2slam/unitree_ros2/install/unitree_hg/lib/python3.12/site-packages/unitree_hg/msg/_main_board_state.py\n'}
[83.360158] (unitree_hg) StdoutLine: {'line': b'-- Installing: /home/unitree/go2slam/unitree_ros2/install/unitree_hg/lib/python3.12/site-packages/unitree_hg/msg/_motor_cmd.py\n'}
[83.360313] (unitree_hg) StdoutLine: {'line': b'-- Installing: /home/unitree/go2slam/unitree_ros2/install/unitree_hg/lib/python3.12/site-packages/unitree_hg/msg/_motor_state_s.c\n'}
[83.360465] (unitree_hg) StdoutLine: {'line': b'-- Installing: /home/unitree/go2slam/unitree_ros2/install/unitree_hg/lib/python3.12/site-packages/unitree_hg/unitree_hg_s__rosidl_typesupport_c.so\n'}
[83.360616] (unitree_hg) StdoutLine: {'line': b'-- Installing: /home/unitree/go2slam/unitree_ros2/install/unitree_hg/lib/python3.12/site-packages/unitree_hg/unitree_hg_s__rosidl_typesupport_introspection_c.so\n'}
[83.392520] (unitree_go) StdoutLine: {'line': b'[ 53%] \x1b[32mBuilding CXX object CMakeFiles/unitree_go__rosidl_typesupport_c.dir/rosidl_typesupport_c/unitree_go/msg/req__type_support.cpp.o\x1b[0m\n'}
[83.408476] (unitree_go) StdoutLine: {'line': b'[ 54%] \x1b[32mBuilding CXX object CMakeFiles/unitree_go__rosidl_typesupport_c.dir/rosidl_typesupport_c/unitree_go/msg/path_point__type_support.cpp.o\x1b[0m\n'}
[83.438308] (-) TimerEvent: {}
[83.460923] (unitree_go) StdoutLine: {'line': b'[ 55%] \x1b[32mBuilding CXX object CMakeFiles/unitree_go__rosidl_typesupport_introspection_cpp.dir/rosidl_typesupport_introspection_cpp/unitree_go/msg/detail/audio_data__type_support.cpp.o\x1b[0m\n'}
[83.503131] (unitree_hg) StdoutLine: {'line': b"Listing '/home/unitree/go2slam/unitree_ros2/install/unitree_hg/lib/python3.12/site-packages/unitree_hg'...\n"}
[83.503778] (unitree_hg) StdoutLine: {'line': b"Compiling '/home/unitree/go2slam/unitree_ros2/install/unitree_hg/lib/python3.12/site-packages/unitree_hg/__init__.py'...\n"}
[83.503986] (unitree_hg) StdoutLine: {'line': b"Listing '/home/unitree/go2slam/unitree_ros2/install/unitree_hg/lib/python3.12/site-packages/unitree_hg/msg'...\n"}
[83.504159] (unitree_hg) StdoutLine: {'line': b"Compiling '/home/unitree/go2slam/unitree_ros2/install/unitree_hg/lib/python3.12/site-packages/unitree_hg/msg/__init__.py'...\n"}
[83.504364] (unitree_hg) StdoutLine: {'line': b"Compiling '/home/unitree/go2slam/unitree_ros2/install/unitree_hg/lib/python3.12/site-packages/unitree_hg/msg/_bms_cmd.py'...\n"}
[83.504527] (unitree_hg) StdoutLine: {'line': b"Compiling '/home/unitree/go2slam/unitree_ros2/install/unitree_hg/lib/python3.12/site-packages/unitree_hg/msg/_bms_state.py'...\n"}
[83.504681] (unitree_hg) StdoutLine: {'line': b"Compiling '/home/unitree/go2slam/unitree_ros2/install/unitree_hg/lib/python3.12/site-packages/unitree_hg/msg/_hand_cmd.py'...\n"}
[83.504831] (unitree_hg) StdoutLine: {'line': b"Compiling '/home/unitree/go2slam/unitree_ros2/install/unitree_hg/lib/python3.12/site-packages/unitree_hg/msg/_hand_state.py'...\n"}
[83.504980] (unitree_hg) StdoutLine: {'line': b"Compiling '/home/unitree/go2slam/unitree_ros2/install/unitree_hg/lib/python3.12/site-packages/unitree_hg/msg/_imu_state.py'...\n"}
[83.505127] (unitree_hg) StdoutLine: {'line': b"Compiling '/home/unitree/go2slam/unitree_ros2/install/unitree_hg/lib/python3.12/site-packages/unitree_hg/msg/_low_cmd.py'...\n"}
[83.505275] (unitree_hg) StdoutLine: {'line': b"Compiling '/home/unitree/go2slam/unitree_ros2/install/unitree_hg/lib/python3.12/site-packages/unitree_hg/msg/_low_state.py'...\n"}
[83.505419] (unitree_hg) StdoutLine: {'line': b"Compiling '/home/unitree/go2slam/unitree_ros2/install/unitree_hg/lib/python3.12/site-packages/unitree_hg/msg/_main_board_state.py'...\n"}
[83.505564] (unitree_hg) StdoutLine: {'line': b"Compiling '/home/unitree/go2slam/unitree_ros2/install/unitree_hg/lib/python3.12/site-packages/unitree_hg/msg/_motor_cmd.py'...\n"}
[83.505706] (unitree_hg) StdoutLine: {'line': b"Compiling '/home/unitree/go2slam/unitree_ros2/install/unitree_hg/lib/python3.12/site-packages/unitree_hg/msg/_motor_state.py'...\n"}
[83.505853] (unitree_hg) StdoutLine: {'line': b"Compiling '/home/unitree/go2slam/unitree_ros2/install/unitree_hg/lib/python3.12/site-packages/unitree_hg/msg/_press_sensor_state.py'...\n"}
[83.520788] (unitree_go) StdoutLine: {'line': b'[ 55%] \x1b[32mBuilding CXX object CMakeFiles/unitree_go__rosidl_typesupport_introspection_cpp.dir/rosidl_typesupport_introspection_cpp/unitree_go/msg/detail/bms_cmd__type_support.cpp.o\x1b[0m\n'}
[83.524486] (unitree_hg) StdoutLine: {'line': b'-- Installing: /home/unitree/go2slam/unitree_ros2/install/unitree_hg/lib/python3.12/site-packages/unitree_hg/unitree_hg_s__rosidl_typesupport_fastrtps_c.so\n'}
[83.525245] (unitree_hg) StdoutLine: {'line': b'-- Set non-toolchain portion of runtime path of "/home/unitree/go2slam/unitree_ros2/install/unitree_hg/lib/python3.12/site-packages/unitree_hg/unitree_hg_s__rosidl_typesupport_fastrtps_c.so" to ""\n'}
[83.525918] (unitree_hg) StdoutLine: {'line': b'-- Installing: /home/unitree/go2slam/unitree_ros2/install/unitree_hg/lib/python3.12/site-packages/unitree_hg/unitree_hg_s__rosidl_typesupport_introspection_c.so\n'}
[83.526662] (unitree_hg) StdoutLine: {'line': b'-- Set non-toolchain portion of runtime path of "/home/unitree/go2slam/unitree_ros2/install/unitree_hg/lib/python3.12/site-packages/unitree_hg/unitree_hg_s__rosidl_typesupport_introspection_c.so" to ""\n'}
[83.527141] (unitree_hg) StdoutLine: {'line': b'-- Installing: /home/unitree/go2slam/unitree_ros2/install/unitree_hg/lib/python3.12/site-packages/unitree_hg/unitree_hg_s__rosidl_typesupport_c.so\n'}
[83.528383] (unitree_hg) StdoutLine: {'line': b'-- Set non-toolchain portion of runtime path of "/home/unitree/go2slam/unitree_ros2/install/unitree_hg/lib/python3.12/site-packages/unitree_hg/unitree_hg_s__rosidl_typesupport_c.so" to ""\n'}
[83.528658] (unitree_hg) StdoutLine: {'line': b'-- Installing: /home/unitree/go2slam/unitree_ros2/install/unitree_hg/lib/libunitree_hg__rosidl_generator_py.so\n'}
[83.530463] (unitree_hg) StdoutLine: {'line': b'-- Set non-toolchain portion of runtime path of "/home/unitree/go2slam/unitree_ros2/install/unitree_hg/lib/libunitree_hg__rosidl_generator_py.so" to ""\n'}
[83.531107] (unitree_hg) StdoutLine: {'line': b'-- Installing: /home/unitree/go2slam/unitree_ros2/install/unitree_hg/share/ament_index/resource_index/rust_packages/unitree_hg\n'}
[83.532582] (unitree_hg) StdoutLine: {'line': b'-- Installing: /home/unitree/go2slam/unitree_ros2/install/unitree_hg/share/unitree_hg/rust\n'}
[83.533155] (unitree_hg) StdoutLine: {'line': b'-- Installing: /home/unitree/go2slam/unitree_ros2/install/unitree_hg/share/unitree_hg/rust/build.rs\n'}
[83.533518] (unitree_go) StdoutLine: {'line': b'[ 55%] \x1b[32mBuilding CXX object CMakeFiles/unitree_go__rosidl_typesupport_c.dir/rosidl_typesupport_c/unitree_go/msg/res__type_support.cpp.o\x1b[0m\n'}
[83.534313] (unitree_hg) StdoutLine: {'line': b'-- Installing: /home/unitree/go2slam/unitree_ros2/install/unitree_hg/share/unitree_hg/rust/src\n'}
[83.534908] (unitree_hg) StdoutLine: {'line': b'-- Installing: /home/unitree/go2slam/unitree_ros2/install/unitree_hg/share/unitree_hg/rust/src/msg\n'}
[83.535538] (unitree_hg) StdoutLine: {'line': b'-- Installing: /home/unitree/go2slam/unitree_ros2/install/unitree_hg/share/unitree_hg/rust/src/msg/rmw.rs\n'}
[83.537077] (unitree_hg) StdoutLine: {'line': b'-- Installing: /home/unitree/go2slam/unitree_ros2/install/unitree_hg/share/unitree_hg/rust/src/msg.rs\n'}
[83.537982] (unitree_hg) StdoutLine: {'line': b'-- Installing: /home/unitree/go2slam/unitree_ros2/install/unitree_hg/share/unitree_hg/rust/src/lib.rs\n'}
[83.538376] (-) TimerEvent: {}
[83.539108] (unitree_hg) StdoutLine: {'line': b'-- Installing: /home/unitree/go2slam/unitree_ros2/install/unitree_hg/share/unitree_hg/rust/Cargo.toml\n'}
[83.540236] (unitree_hg) StdoutLine: {'line': b'-- Installing: /home/unitree/go2slam/unitree_ros2/install/unitree_hg/share/unitree_hg/msg/BmsCmd.idl\n'}
[83.548432] (unitree_go) StdoutLine: {'line': b'[ 56%] \x1b[32mBuilding CXX object CMakeFiles/unitree_go__rosidl_typesupport_c.dir/rosidl_typesupport_c/unitree_go/msg/sport_mode_cmd__type_support.cpp.o\x1b[0m\n'}
[83.548708] (unitree_hg) StdoutLine: {'line': b'-- Installing: /home/unitree/go2slam/unitree_ros2/install/unitree_hg/share/unitree_hg/msg/BmsState.idl\n'}
[83.548888] (unitree_hg) StdoutLine: {'line': b'-- Installing: /home/unitree/go2slam/unitree_ros2/install/unitree_hg/share/unitree_hg/msg/HandCmd.idl\n'}
[83.549049] (unitree_hg) StdoutLine: {'line': b'-- Installing: /home/unitree/go2slam/unitree_ros2/install/unitree_hg/share/unitree_hg/msg/HandState.idl\n'}
[83.549205] (unitree_hg) StdoutLine: {'line': b'-- Installing: /home/unitree/go2slam/unitree_ros2/install/unitree_hg/share/unitree_hg/msg/IMUState.idl\n'}
[83.549368] (unitree_hg) StdoutLine: {'line': b'-- Installing: /home/unitree/go2slam/unitree_ros2/install/unitree_hg/share/unitree_hg/msg/LowCmd.idl\n'}
[83.549523] (unitree_hg) StdoutLine: {'line': b'-- Installing: /home/unitree/go2slam/unitree_ros2/install/unitree_hg/share/unitree_hg/msg/LowState.idl\n'}
[83.549673] (unitree_hg) StdoutLine: {'line': b'-- Installing: /home/unitree/go2slam/unitree_ros2/install/unitree_hg/share/unitree_hg/msg/MainBoardState.idl\n'}
[83.549820] (unitree_hg) StdoutLine: {'line': b'-- Installing: /home/unitree/go2slam/unitree_ros2/install/unitree_hg/share/unitree_hg/msg/MotorCmd.idl\n'}
[83.549967] (unitree_hg) StdoutLine: {'line': b'-- Installing: /home/unitree/go2slam/unitree_ros2/install/unitree_hg/share/unitree_hg/msg/MotorState.idl\n'}
[83.550112] (unitree_hg) StdoutLine: {'line': b'-- Installing: /home/unitree/go2slam/unitree_ros2/install/unitree_hg/share/unitree_hg/msg/PressSensorState.idl\n'}
[83.550258] (unitree_hg) StdoutLine: {'line': b'-- Installing: /home/unitree/go2slam/unitree_ros2/install/unitree_hg/share/unitree_hg/msg/BmsCmd.msg\n'}
[83.550402] (unitree_hg) StdoutLine: {'line': b'-- Installing: /home/unitree/go2slam/unitree_ros2/install/unitree_hg/share/unitree_hg/msg/BmsState.msg\n'}
[83.550547] (unitree_hg) StdoutLine: {'line': b'-- Installing: /home/unitree/go2slam/unitree_ros2/install/unitree_hg/share/unitree_hg/msg/HandCmd.msg\n'}
[83.551851] (unitree_hg) StdoutLine: {'line': b'-- Installing: /home/unitree/go2slam/unitree_ros2/install/unitree_hg/share/unitree_hg/msg/HandState.msg\n'}
[83.552132] (unitree_hg) StdoutLine: {'line': b'-- Installing: /home/unitree/go2slam/unitree_ros2/install/unitree_hg/share/unitree_hg/msg/IMUState.msg\n'}
[83.552332] (unitree_hg) StdoutLine: {'line': b'-- Installing: /home/unitree/go2slam/unitree_ros2/install/unitree_hg/share/unitree_hg/msg/LowCmd.msg\n'}
[83.552492] (unitree_hg) StdoutLine: {'line': b'-- Installing: /home/unitree/go2slam/unitree_ros2/install/unitree_hg/share/unitree_hg/msg/LowState.msg\n'}
[83.552645] (unitree_hg) StdoutLine: {'line': b'-- Installing: /home/unitree/go2slam/unitree_ros2/install/unitree_hg/share/unitree_hg/msg/MainBoardState.msg\n'}
[83.552795] (unitree_hg) StdoutLine: {'line': b'-- Installing: /home/unitree/go2slam/unitree_ros2/install/unitree_hg/share/unitree_hg/msg/MotorCmd.msg\n'}
[83.552941] (unitree_hg) StdoutLine: {'line': b'-- Installing: /home/unitree/go2slam/unitree_ros2/install/unitree_hg/share/unitree_hg/msg/MotorState.msg\n'}
[83.553570] (unitree_hg) StdoutLine: {'line': b'-- Installing: /home/unitree/go2slam/unitree_ros2/install/unitree_hg/share/unitree_hg/msg/PressSensorState.msg\n'}
[83.554375] (unitree_hg) StdoutLine: {'line': b'-- Installing: /home/unitree/go2slam/unitree_ros2/install/unitree_hg/share/unitree_hg/msg/dds_connext\n'}
[83.555034] (unitree_hg) StdoutLine: {'line': b'-- Installing: /home/unitree/go2slam/unitree_ros2/install/unitree_hg/share/unitree_hg/msg/dds_connext/MainBoardState_.idl\n'}
[83.555519] (unitree_hg) StdoutLine: {'line': b'-- Installing: /home/unitree/go2slam/unitree_ros2/install/unitree_hg/share/unitree_hg/msg/dds_connext/PressSensorState_.idl\n'}
[83.556192] (unitree_hg) StdoutLine: {'line': b'-- Installing: /home/unitree/go2slam/unitree_ros2/install/unitree_hg/share/unitree_hg/msg/dds_connext/MotorState_.idl\n'}
[83.556843] (unitree_hg) StdoutLine: {'line': b'-- Installing: /home/unitree/go2slam/unitree_ros2/install/unitree_hg/share/unitree_hg/msg/dds_connext/BmsState_.idl\n'}
[83.557546] (unitree_hg) StdoutLine: {'line': b'-- Installing: /home/unitree/go2slam/unitree_ros2/install/unitree_hg/share/unitree_hg/msg/dds_connext/LowState_.idl\n'}
[83.558279] (unitree_hg) StdoutLine: {'line': b'-- Installing: /home/unitree/go2slam/unitree_ros2/install/unitree_hg/share/unitree_hg/msg/dds_connext/MotorCmd_.idl\n'}
[83.558982] (unitree_hg) StdoutLine: {'line': b'-- Installing: /home/unitree/go2slam/unitree_ros2/install/unitree_hg/share/unitree_hg/msg/dds_connext/LowCmd_.idl\n'}
[83.559735] (unitree_hg) StdoutLine: {'line': b'-- Installing: /home/unitree/go2slam/unitree_ros2/install/unitree_hg/share/unitree_hg/msg/dds_connext/HandState_.idl\n'}
[83.560452] (unitree_hg) StdoutLine: {'line': b'-- Installing: /home/unitree/go2slam/unitree_ros2/install/unitree_hg/share/unitree_hg/msg/dds_connext/HandCmd_.idl\n'}
[83.561137] (unitree_hg) StdoutLine: {'line': b'-- Installing: /home/unitree/go2slam/unitree_ros2/install/unitree_hg/share/unitree_hg/msg/dds_connext/IMUState_.idl\n'}
[83.561997] (unitree_hg) StdoutLine: {'line': b'-- Installing: /home/unitree/go2slam/unitree_ros2/install/unitree_hg/share/unitree_hg/msg/dds_connext/BmsCmd_.idl\n'}
[83.563104] (unitree_hg) StdoutLine: {'line': b'-- Installing: /home/unitree/go2slam/unitree_ros2/install/unitree_hg/share/ament_index/resource_index/package_run_dependencies/unitree_hg\n'}
[83.564373] (unitree_hg) StdoutLine: {'line': b'-- Installing: /home/unitree/go2slam/unitree_ros2/install/unitree_hg/share/ament_index/resource_index/parent_prefix_path/unitree_hg\n'}
[83.565263] (unitree_hg) StdoutLine: {'line': b'-- Installing: /home/unitree/go2slam/unitree_ros2/install/unitree_hg/share/unitree_hg/environment/ament_prefix_path.sh\n'}
[83.566113] (unitree_hg) StdoutLine: {'line': b'-- Installing: /home/unitree/go2slam/unitree_ros2/install/unitree_hg/share/unitree_hg/environment/ament_prefix_path.dsv\n'}
[83.568672] (unitree_hg) StdoutLine: {'line': b'-- Installing: /home/unitree/go2slam/unitree_ros2/install/unitree_hg/share/unitree_hg/environment/path.sh\n'}
[83.569645] (unitree_hg) StdoutLine: {'line': b'-- Installing: /home/unitree/go2slam/unitree_ros2/install/unitree_hg/share/unitree_hg/environment/path.dsv\n'}
[83.570508] (unitree_hg) StdoutLine: {'line': b'-- Installing: /home/unitree/go2slam/unitree_ros2/install/unitree_hg/share/unitree_hg/local_setup.bash\n'}
[83.571381] (unitree_hg) StdoutLine: {'line': b'-- Installing: /home/unitree/go2slam/unitree_ros2/install/unitree_hg/share/unitree_hg/local_setup.sh\n'}
[83.576221] (unitree_hg) StdoutLine: {'line': b'-- Installing: /home/unitree/go2slam/unitree_ros2/install/unitree_hg/share/unitree_hg/local_setup.zsh\n'}
[83.581822] (unitree_hg) StdoutLine: {'line': b'-- Installing: /home/unitree/go2slam/unitree_ros2/install/unitree_hg/share/unitree_hg/local_setup.dsv\n'}
[83.583587] (unitree_hg) StdoutLine: {'line': b'-- Installing: /home/unitree/go2slam/unitree_ros2/install/unitree_hg/share/unitree_hg/package.dsv\n'}
[83.584880] (unitree_hg) StdoutLine: {'line': b'-- Installing: /home/unitree/go2slam/unitree_ros2/install/unitree_hg/share/ament_index/resource_index/packages/unitree_hg\n'}
[83.586012] (unitree_hg) StdoutLine: {'line': b'-- Installing: /home/unitree/go2slam/unitree_ros2/install/unitree_hg/share/unitree_hg/cmake/export_unitree_hg__rosidl_generator_cExport.cmake\n'}
[83.586926] (unitree_hg) StdoutLine: {'line': b'-- Installing: /home/unitree/go2slam/unitree_ros2/install/unitree_hg/share/unitree_hg/cmake/export_unitree_hg__rosidl_generator_cExport-noconfig.cmake\n'}
[83.588344] (unitree_hg) StdoutLine: {'line': b'-- Installing: /home/unitree/go2slam/unitree_ros2/install/unitree_hg/share/unitree_hg/cmake/export_unitree_hg__rosidl_typesupport_fastrtps_cExport.cmake\n'}
[83.589229] (unitree_hg) StdoutLine: {'line': b'-- Installing: /home/unitree/go2slam/unitree_ros2/install/unitree_hg/share/unitree_hg/cmake/export_unitree_hg__rosidl_typesupport_fastrtps_cExport-noconfig.cmake\n'}
[83.590141] (unitree_hg) StdoutLine: {'line': b'-- Installing: /home/unitree/go2slam/unitree_ros2/install/unitree_hg/share/unitree_hg/cmake/export_unitree_hg__rosidl_generator_cppExport.cmake\n'}
[83.591040] (unitree_hg) StdoutLine: {'line': b'-- Installing: /home/unitree/go2slam/unitree_ros2/install/unitree_hg/share/unitree_hg/cmake/export_unitree_hg__rosidl_typesupport_fastrtps_cppExport.cmake\n'}
[83.591983] (unitree_hg) StdoutLine: {'line': b'-- Installing: /home/unitree/go2slam/unitree_ros2/install/unitree_hg/share/unitree_hg/cmake/export_unitree_hg__rosidl_typesupport_fastrtps_cppExport-noconfig.cmake\n'}
[83.592823] (unitree_hg) StdoutLine: {'line': b'-- Installing: /home/unitree/go2slam/unitree_ros2/install/unitree_hg/share/unitree_hg/cmake/unitree_hg__rosidl_typesupport_introspection_cExport.cmake\n'}
[83.593642] (unitree_hg) StdoutLine: {'line': b'-- Installing: /home/unitree/go2slam/unitree_ros2/install/unitree_hg/share/unitree_hg/cmake/unitree_hg__rosidl_typesupport_introspection_cExport-noconfig.cmake\n'}
[83.594978] (unitree_hg) StdoutLine: {'line': b'-- Installing: /home/unitree/go2slam/unitree_ros2/install/unitree_hg/share/unitree_hg/cmake/unitree_hg__rosidl_typesupport_cExport.cmake\n'}
[83.600380] (unitree_hg) StdoutLine: {'line': b'-- Installing: /home/unitree/go2slam/unitree_ros2/install/unitree_hg/share/unitree_hg/cmake/unitree_hg__rosidl_typesupport_cExport-noconfig.cmake\n'}
[83.601649] (unitree_hg) StdoutLine: {'line': b'-- Installing: /home/unitree/go2slam/unitree_ros2/install/unitree_hg/share/unitree_hg/cmake/unitree_hg__rosidl_typesupport_introspection_cppExport.cmake\n'}
[83.602883] (unitree_hg) StdoutLine: {'line': b'-- Installing: /home/unitree/go2slam/unitree_ros2/install/unitree_hg/share/unitree_hg/cmake/unitree_hg__rosidl_typesupport_introspection_cppExport-noconfig.cmake\n'}
[83.603809] (unitree_hg) StdoutLine: {'line': b'-- Installing: /home/unitree/go2slam/unitree_ros2/install/unitree_hg/share/unitree_hg/cmake/unitree_hg__rosidl_typesupport_cppExport.cmake\n'}
[83.604793] (unitree_hg) StdoutLine: {'line': b'-- Installing: /home/unitree/go2slam/unitree_ros2/install/unitree_hg/share/unitree_hg/cmake/unitree_hg__rosidl_typesupport_cppExport-noconfig.cmake\n'}
[83.605636] (unitree_hg) StdoutLine: {'line': b'-- Installing: /home/unitree/go2slam/unitree_ros2/install/unitree_hg/share/unitree_hg/cmake/export_unitree_hg__rosidl_generator_pyExport.cmake\n'}
[83.606455] (unitree_hg) StdoutLine: {'line': b'-- Installing: /home/unitree/go2slam/unitree_ros2/install/unitree_hg/share/unitree_hg/cmake/export_unitree_hg__rosidl_generator_pyExport-noconfig.cmake\n'}
[83.607210] (unitree_hg) StdoutLine: {'line': b'-- Installing: /home/unitree/go2slam/unitree_ros2/install/unitree_hg/share/unitree_hg/cmake/rosidl_cmake-extras.cmake\n'}
[83.608276] (unitree_hg) StdoutLine: {'line': b'-- Installing: /home/unitree/go2slam/unitree_ros2/install/unitree_hg/share/unitree_hg/cmake/ament_cmake_export_dependencies-extras.cmake\n'}
[83.609136] (unitree_hg) StdoutLine: {'line': b'-- Installing: /home/unitree/go2slam/unitree_ros2/install/unitree_hg/share/unitree_hg/cmake/ament_cmake_export_include_directories-extras.cmake\n'}
[83.609954] (unitree_hg) StdoutLine: {'line': b'-- Installing: /home/unitree/go2slam/unitree_ros2/install/unitree_hg/share/unitree_hg/cmake/ament_cmake_export_libraries-extras.cmake\n'}
[83.610768] (unitree_hg) StdoutLine: {'line': b'-- Installing: /home/unitree/go2slam/unitree_ros2/install/unitree_hg/share/unitree_hg/cmake/ament_cmake_export_targets-extras.cmake\n'}
[83.614731] (unitree_hg) StdoutLine: {'line': b'-- Installing: /home/unitree/go2slam/unitree_ros2/install/unitree_hg/share/unitree_hg/cmake/rosidl_cmake_export_typesupport_targets-extras.cmake\n'}
[83.615713] (unitree_hg) StdoutLine: {'line': b'-- Installing: /home/unitree/go2slam/unitree_ros2/install/unitree_hg/share/unitree_hg/cmake/rosidl_cmake_export_typesupport_libraries-extras.cmake\n'}
[83.616756] (unitree_hg) StdoutLine: {'line': b'-- Installing: /home/unitree/go2slam/unitree_ros2/install/unitree_hg/share/unitree_hg/cmake/unitree_hgConfig.cmake\n'}
[83.617469] (unitree_hg) StdoutLine: {'line': b'-- Installing: /home/unitree/go2slam/unitree_ros2/install/unitree_hg/share/unitree_hg/cmake/unitree_hgConfig-version.cmake\n'}
[83.618251] (unitree_hg) StdoutLine: {'line': b'-- Installing: /home/unitree/go2slam/unitree_ros2/install/unitree_hg/share/unitree_hg/package.xml\n'}
[83.628095] (unitree_hg) CommandEnded: {'returncode': 0}
[83.641213] (-) TimerEvent: {}
[83.691077] (unitree_hg) JobEnded: {'identifier': 'unitree_hg', 'rc': 0}
[83.728962] (unitree_go) StdoutLine: {'line': b'[ 56%] \x1b[32mBuilding CXX object CMakeFiles/unitree_go__rosidl_typesupport_c.dir/rosidl_typesupport_c/unitree_go/msg/sport_mode_state__type_support.cpp.o\x1b[0m\n'}
[83.743821] (-) TimerEvent: {}
[83.755187] (unitree_go) StdoutLine: {'line': b'[ 56%] \x1b[32mBuilding CXX object CMakeFiles/unitree_go__rosidl_typesupport_c.dir/rosidl_typesupport_c/unitree_go/msg/time_spec__type_support.cpp.o\x1b[0m\n'}
[83.844002] (-) TimerEvent: {}
[83.853923] (unitree_go) StdoutLine: {'line': b'[ 57%] \x1b[32mBuilding CXX object CMakeFiles/unitree_go__rosidl_typesupport_c.dir/rosidl_typesupport_c/unitree_go/msg/uwb_state__type_support.cpp.o\x1b[0m\n'}
[83.897187] (unitree_go) StdoutLine: {'line': b'[ 57%] \x1b[32mBuilding CXX object CMakeFiles/unitree_go__rosidl_typesupport_c.dir/rosidl_typesupport_c/unitree_go/msg/uwb_switch__type_support.cpp.o\x1b[0m\n'}
[83.944185] (-) TimerEvent: {}
[83.960592] (unitree_go) StdoutLine: {'line': b'[ 58%] \x1b[32mBuilding CXX object CMakeFiles/unitree_go__rosidl_typesupport_c.dir/rosidl_typesupport_c/unitree_go/msg/wireless_controller__type_support.cpp.o\x1b[0m\n'}
[84.044373] (-) TimerEvent: {}
[84.067453] (unitree_go) StdoutLine: {'line': b'[ 58%] \x1b[32m\x1b[1mLinking CXX shared library libunitree_go__rosidl_typesupport_c.so\x1b[0m\n'}
[84.144599] (-) TimerEvent: {}
[84.172260] (unitree_go) StdoutLine: {'line': b'[ 58%] Built target unitree_go__rosidl_typesupport_c\n'}
[84.203363] (unitree_go) StdoutLine: {'line': b'[ 59%] \x1b[34m\x1b[1mGenerating C introspection for ROS interfaces\x1b[0m\n'}
[84.244710] (-) TimerEvent: {}
[84.345221] (-) TimerEvent: {}
[84.357874] (unitree_go) StdoutLine: {'line': b'[ 59%] \x1b[32mBuilding CXX object CMakeFiles/unitree_go__rosidl_typesupport_introspection_cpp.dir/rosidl_typesupport_introspection_cpp/unitree_go/msg/detail/error__type_support.cpp.o\x1b[0m\n'}
[84.388736] (unitree_go) StdoutLine: {'line': b'[ 59%] \x1b[32mBuilding CXX object CMakeFiles/unitree_go__rosidl_typesupport_introspection_cpp.dir/rosidl_typesupport_introspection_cpp/unitree_go/msg/detail/go2_front_video_data__type_support.cpp.o\x1b[0m\n'}
[84.445384] (-) TimerEvent: {}
[84.545939] (-) TimerEvent: {}
[84.646472] (-) TimerEvent: {}
[84.747441] (-) TimerEvent: {}
[84.848004] (-) TimerEvent: {}
[84.948565] (-) TimerEvent: {}
[85.049154] (-) TimerEvent: {}
[85.095744] (unitree_go) StdoutLine: {'line': b'[ 60%] \x1b[32mBuilding CXX object CMakeFiles/unitree_go__rosidl_typesupport_introspection_cpp.dir/rosidl_typesupport_introspection_cpp/unitree_go/msg/detail/height_map__type_support.cpp.o\x1b[0m\n'}
[85.149314] (-) TimerEvent: {}
[85.205689] (unitree_go) StdoutLine: {'line': b'[ 60%] \x1b[32mBuilding CXX object CMakeFiles/unitree_go__rosidl_typesupport_introspection_cpp.dir/rosidl_typesupport_introspection_cpp/unitree_go/msg/detail/imu_state__type_support.cpp.o\x1b[0m\n'}
[85.249463] (-) TimerEvent: {}
[85.351146] (-) TimerEvent: {}
[85.451719] (-) TimerEvent: {}
[85.552276] (-) TimerEvent: {}
[85.652905] (-) TimerEvent: {}
[85.753459] (-) TimerEvent: {}
[85.855039] (-) TimerEvent: {}
[85.923616] (unitree_go) StdoutLine: {'line': b'[ 60%] \x1b[32mBuilding CXX object CMakeFiles/unitree_go__rosidl_typesupport_introspection_cpp.dir/rosidl_typesupport_introspection_cpp/unitree_go/msg/detail/interface_config__type_support.cpp.o\x1b[0m\n'}
[85.955193] (-) TimerEvent: {}
[85.964554] (unitree_go) StdoutLine: {'line': b'[ 61%] \x1b[32mBuilding CXX object CMakeFiles/unitree_go__rosidl_typesupport_introspection_cpp.dir/rosidl_typesupport_introspection_cpp/unitree_go/msg/detail/lidar_state__type_support.cpp.o\x1b[0m\n'}
[86.055457] (-) TimerEvent: {}
[86.156053] (-) TimerEvent: {}
[86.256623] (-) TimerEvent: {}
[86.357186] (-) TimerEvent: {}
[86.457723] (-) TimerEvent: {}
[86.558236] (-) TimerEvent: {}
[86.658809] (-) TimerEvent: {}
[86.689881] (unitree_go) StdoutLine: {'line': b'[ 61%] \x1b[32mBuilding CXX object CMakeFiles/unitree_go__rosidl_typesupport_introspection_cpp.dir/rosidl_typesupport_introspection_cpp/unitree_go/msg/detail/low_cmd__type_support.cpp.o\x1b[0m\n'}
[86.700780] (unitree_go) StdoutLine: {'line': b'[ 62%] \x1b[32mBuilding CXX object CMakeFiles/unitree_go__rosidl_typesupport_introspection_cpp.dir/rosidl_typesupport_introspection_cpp/unitree_go/msg/detail/bms_state__type_support.cpp.o\x1b[0m\n'}
[86.758991] (-) TimerEvent: {}
[86.859732] (-) TimerEvent: {}
[86.960352] (-) TimerEvent: {}
[87.061241] (-) TimerEvent: {}
[87.162986] (-) TimerEvent: {}
[87.263901] (-) TimerEvent: {}
[87.364486] (-) TimerEvent: {}
[87.465356] (-) TimerEvent: {}
[87.481237] (unitree_go) StdoutLine: {'line': b'[ 62%] \x1b[32mBuilding CXX object CMakeFiles/unitree_go__rosidl_typesupport_introspection_cpp.dir/rosidl_typesupport_introspection_cpp/unitree_go/msg/detail/motor_cmd__type_support.cpp.o\x1b[0m\n'}
[87.539628] (unitree_go) StdoutLine: {'line': b'[ 62%] \x1b[32mBuilding C object CMakeFiles/unitree_go__rosidl_typesupport_introspection_c.dir/rosidl_typesupport_introspection_c/unitree_go/msg/detail/audio_data__type_support.c.o\x1b[0m\n'}
[87.540152] (unitree_go) StdoutLine: {'line': b'[ 62%] \x1b[32mBuilding CXX object CMakeFiles/unitree_go__rosidl_typesupport_introspection_cpp.dir/rosidl_typesupport_introspection_cpp/unitree_go/msg/detail/motor_cmds__type_support.cpp.o\x1b[0m\n'}
[87.565541] (-) TimerEvent: {}
[87.641995] (unitree_go) StdoutLine: {'line': b'[ 62%] \x1b[32mBuilding C object CMakeFiles/unitree_go__rosidl_typesupport_introspection_c.dir/rosidl_typesupport_introspection_c/unitree_go/msg/detail/bms_cmd__type_support.c.o\x1b[0m\n'}
[87.665716] (-) TimerEvent: {}
[87.739064] (unitree_go) StdoutLine: {'line': b'[ 63%] \x1b[32mBuilding C object CMakeFiles/unitree_go__rosidl_typesupport_introspection_c.dir/rosidl_typesupport_introspection_c/unitree_go/msg/detail/bms_state__type_support.c.o\x1b[0m\n'}
[87.766122] (-) TimerEvent: {}
[87.844026] (unitree_go) StdoutLine: {'line': b'[ 63%] \x1b[32mBuilding C object CMakeFiles/unitree_go__rosidl_typesupport_introspection_c.dir/rosidl_typesupport_introspection_c/unitree_go/msg/detail/error__type_support.c.o\x1b[0m\n'}
[87.866309] (-) TimerEvent: {}
[87.941473] (unitree_go) StdoutLine: {'line': b'[ 64%] \x1b[32mBuilding C object CMakeFiles/unitree_go__rosidl_typesupport_introspection_c.dir/rosidl_typesupport_introspection_c/unitree_go/msg/detail/go2_front_video_data__type_support.c.o\x1b[0m\n'}
[87.968012] (-) TimerEvent: {}
[88.057121] (unitree_go) StdoutLine: {'line': b'[ 64%] \x1b[32mBuilding C object CMakeFiles/unitree_go__rosidl_typesupport_introspection_c.dir/rosidl_typesupport_introspection_c/unitree_go/msg/detail/height_map__type_support.c.o\x1b[0m\n'}
[88.068202] (-) TimerEvent: {}
[88.158732] (unitree_go) StdoutLine: {'line': b'[ 64%] \x1b[32mBuilding C object CMakeFiles/unitree_go__rosidl_typesupport_introspection_c.dir/rosidl_typesupport_introspection_c/unitree_go/msg/detail/imu_state__type_support.c.o\x1b[0m\n'}
[88.168496] (-) TimerEvent: {}
[88.234155] (unitree_go) StdoutLine: {'line': b'[ 65%] \x1b[32mBuilding C object CMakeFiles/unitree_go__rosidl_typesupport_introspection_c.dir/rosidl_typesupport_introspection_c/unitree_go/msg/detail/interface_config__type_support.c.o\x1b[0m\n'}
[88.241354] (unitree_go) StdoutLine: {'line': b'[ 66%] \x1b[32mBuilding CXX object CMakeFiles/unitree_go__rosidl_typesupport_introspection_cpp.dir/rosidl_typesupport_introspection_cpp/unitree_go/msg/detail/motor_state__type_support.cpp.o\x1b[0m\n'}
[88.268681] (-) TimerEvent: {}
[88.282876] (unitree_go) StdoutLine: {'line': b'[ 66%] \x1b[32mBuilding C object CMakeFiles/unitree_go__rosidl_typesupport_introspection_c.dir/rosidl_typesupport_introspection_c/unitree_go/msg/detail/lidar_state__type_support.c.o\x1b[0m\n'}
[88.329897] (unitree_go) StdoutLine: {'line': b'[ 66%] \x1b[32mBuilding C object CMakeFiles/unitree_go__rosidl_typesupport_introspection_c.dir/rosidl_typesupport_introspection_c/unitree_go/msg/detail/low_cmd__type_support.c.o\x1b[0m\n'}
[88.368882] (-) TimerEvent: {}
[88.386719] (unitree_go) StdoutLine: {'line': b'[ 67%] \x1b[32mBuilding CXX object CMakeFiles/unitree_go__rosidl_typesupport_introspection_cpp.dir/rosidl_typesupport_introspection_cpp/unitree_go/msg/detail/low_state__type_support.cpp.o\x1b[0m\n'}
[88.394489] (unitree_go) StdoutLine: {'line': b'[ 68%] \x1b[32mBuilding C object CMakeFiles/unitree_go__rosidl_typesupport_introspection_c.dir/rosidl_typesupport_introspection_c/unitree_go/msg/detail/low_state__type_support.c.o\x1b[0m\n'}
[88.460290] (unitree_go) StdoutLine: {'line': b'[ 68%] \x1b[32mBuilding C object CMakeFiles/unitree_go__rosidl_typesupport_introspection_c.dir/rosidl_typesupport_introspection_c/unitree_go/msg/detail/motor_cmd__type_support.c.o\x1b[0m\n'}
[88.469064] (-) TimerEvent: {}
[88.525729] (unitree_go) StdoutLine: {'line': b'[ 69%] \x1b[32mBuilding C object CMakeFiles/unitree_go__rosidl_typesupport_introspection_c.dir/rosidl_typesupport_introspection_c/unitree_go/msg/detail/motor_cmds__type_support.c.o\x1b[0m\n'}
[88.567513] (unitree_go) StdoutLine: {'line': b'[ 69%] \x1b[32mBuilding C object CMakeFiles/unitree_go__rosidl_typesupport_introspection_c.dir/rosidl_typesupport_introspection_c/unitree_go/msg/detail/motor_state__type_support.c.o\x1b[0m\n'}
[88.569158] (-) TimerEvent: {}
[88.634048] (unitree_go) StdoutLine: {'line': b'[ 69%] \x1b[32mBuilding C object CMakeFiles/unitree_go__rosidl_typesupport_introspection_c.dir/rosidl_typesupport_introspection_c/unitree_go/msg/detail/motor_states__type_support.c.o\x1b[0m\n'}
[88.669371] (-) TimerEvent: {}
[88.681709] (unitree_go) StdoutLine: {'line': b'[ 70%] \x1b[32mBuilding C object CMakeFiles/unitree_go__rosidl_typesupport_introspection_c.dir/rosidl_typesupport_introspection_c/unitree_go/msg/detail/path_point__type_support.c.o\x1b[0m\n'}
[88.734207] (unitree_go) StdoutLine: {'line': b'[ 70%] \x1b[32mBuilding C object CMakeFiles/unitree_go__rosidl_typesupport_introspection_c.dir/rosidl_typesupport_introspection_c/unitree_go/msg/detail/req__type_support.c.o\x1b[0m\n'}
[88.769569] (-) TimerEvent: {}
[88.792400] (unitree_go) StdoutLine: {'line': b'[ 70%] \x1b[32mBuilding C object CMakeFiles/unitree_go__rosidl_typesupport_introspection_c.dir/rosidl_typesupport_introspection_c/unitree_go/msg/detail/res__type_support.c.o\x1b[0m\n'}
[88.826433] (unitree_go) StdoutLine: {'line': b'[ 71%] \x1b[32mBuilding C object CMakeFiles/unitree_go__rosidl_typesupport_introspection_c.dir/rosidl_typesupport_introspection_c/unitree_go/msg/detail/sport_mode_cmd__type_support.c.o\x1b[0m\n'}
[88.869759] (-) TimerEvent: {}
[88.890403] (unitree_go) StdoutLine: {'line': b'[ 71%] \x1b[32mBuilding C object CMakeFiles/unitree_go__rosidl_typesupport_introspection_c.dir/rosidl_typesupport_introspection_c/unitree_go/msg/detail/sport_mode_state__type_support.c.o\x1b[0m\n'}
[88.946803] (unitree_go) StdoutLine: {'line': b'[ 72%] \x1b[32mBuilding C object CMakeFiles/unitree_go__rosidl_typesupport_introspection_c.dir/rosidl_typesupport_introspection_c/unitree_go/msg/detail/time_spec__type_support.c.o\x1b[0m\n'}
[88.969963] (-) TimerEvent: {}
[89.007736] (unitree_go) StdoutLine: {'line': b'[ 72%] \x1b[32mBuilding C object CMakeFiles/unitree_go__rosidl_typesupport_introspection_c.dir/rosidl_typesupport_introspection_c/unitree_go/msg/detail/uwb_state__type_support.c.o\x1b[0m\n'}
[89.035729] (unitree_go) StdoutLine: {'line': b'[ 72%] \x1b[32mBuilding C object CMakeFiles/unitree_go__rosidl_typesupport_introspection_c.dir/rosidl_typesupport_introspection_c/unitree_go/msg/detail/uwb_switch__type_support.c.o\x1b[0m\n'}
[89.070155] (-) TimerEvent: {}
[89.111836] (unitree_go) StdoutLine: {'line': b'[ 73%] \x1b[32mBuilding C object CMakeFiles/unitree_go__rosidl_typesupport_introspection_c.dir/rosidl_typesupport_introspection_c/unitree_go/msg/detail/wireless_controller__type_support.c.o\x1b[0m\n'}
[89.166040] (unitree_go) StdoutLine: {'line': b'[ 73%] \x1b[32mBuilding CXX object CMakeFiles/unitree_go__rosidl_typesupport_introspection_cpp.dir/rosidl_typesupport_introspection_cpp/unitree_go/msg/detail/path_point__type_support.cpp.o\x1b[0m\n'}
[89.170286] (-) TimerEvent: {}
[89.202606] (unitree_go) StdoutLine: {'line': b'[ 73%] \x1b[32m\x1b[1mLinking C shared library libunitree_go__rosidl_typesupport_introspection_c.so\x1b[0m\n'}
[89.270474] (-) TimerEvent: {}
[89.287673] (unitree_go) StdoutLine: {'line': b'[ 73%] Built target unitree_go__rosidl_typesupport_introspection_c\n'}
[89.309656] (unitree_go) StdoutLine: {'line': b'[ 74%] \x1b[32mBuilding CXX object CMakeFiles/unitree_go__rosidl_typesupport_introspection_cpp.dir/rosidl_typesupport_introspection_cpp/unitree_go/msg/detail/req__type_support.cpp.o\x1b[0m\n'}
[89.315330] (unitree_go) StdoutLine: {'line': b'[ 74%] \x1b[34m\x1b[1mGenerating C++ type support for eProsima Fast-RTPS\x1b[0m\n'}
[89.370626] (-) TimerEvent: {}
[89.471456] (-) TimerEvent: {}
[89.572031] (-) TimerEvent: {}
[89.672611] (-) TimerEvent: {}
[89.773165] (-) TimerEvent: {}
[89.873723] (-) TimerEvent: {}
[89.974294] (-) TimerEvent: {}
[90.042228] (unitree_go) StdoutLine: {'line': b'[ 74%] \x1b[32mBuilding CXX object CMakeFiles/unitree_go__rosidl_typesupport_introspection_cpp.dir/rosidl_typesupport_introspection_cpp/unitree_go/msg/detail/sport_mode_state__type_support.cpp.o\x1b[0m\n'}
[90.074446] (-) TimerEvent: {}
[90.174982] (-) TimerEvent: {}
[90.275544] (-) TimerEvent: {}
[90.376083] (-) TimerEvent: {}
[90.476622] (-) TimerEvent: {}
[90.577161] (-) TimerEvent: {}
[90.677700] (-) TimerEvent: {}
[90.778249] (-) TimerEvent: {}
[90.799274] (unitree_go) StdoutLine: {'line': b'[ 74%] \x1b[32mBuilding CXX object CMakeFiles/unitree_go__rosidl_typesupport_introspection_cpp.dir/rosidl_typesupport_introspection_cpp/unitree_go/msg/detail/time_spec__type_support.cpp.o\x1b[0m\n'}
[90.878422] (-) TimerEvent: {}
[90.978951] (-) TimerEvent: {}
[91.079553] (-) TimerEvent: {}
[91.180118] (-) TimerEvent: {}
[91.280646] (-) TimerEvent: {}
[91.381203] (-) TimerEvent: {}
[91.481725] (-) TimerEvent: {}
[91.494458] (unitree_go) StdoutLine: {'line': b'[ 75%] \x1b[32mBuilding CXX object CMakeFiles/unitree_go__rosidl_typesupport_introspection_cpp.dir/rosidl_typesupport_introspection_cpp/unitree_go/msg/detail/uwb_state__type_support.cpp.o\x1b[0m\n'}
[91.581881] (-) TimerEvent: {}
[91.682432] (-) TimerEvent: {}
[91.782964] (-) TimerEvent: {}
[91.883585] (-) TimerEvent: {}
[91.984154] (-) TimerEvent: {}
[92.084695] (-) TimerEvent: {}
[92.185253] (-) TimerEvent: {}
[92.223409] (unitree_go) StdoutLine: {'line': b'[ 75%] \x1b[32mBuilding CXX object CMakeFiles/unitree_go__rosidl_typesupport_introspection_cpp.dir/rosidl_typesupport_introspection_cpp/unitree_go/msg/detail/uwb_switch__type_support.cpp.o\x1b[0m\n'}
[92.285396] (-) TimerEvent: {}
[92.385931] (-) TimerEvent: {}
[92.486504] (-) TimerEvent: {}
[92.587102] (-) TimerEvent: {}
[92.687757] (-) TimerEvent: {}
[92.788366] (-) TimerEvent: {}
[92.888976] (-) TimerEvent: {}
[92.936724] (unitree_go) StdoutLine: {'line': b'[ 75%] \x1b[32mBuilding CXX object CMakeFiles/unitree_go__rosidl_typesupport_introspection_cpp.dir/rosidl_typesupport_introspection_cpp/unitree_go/msg/detail/wireless_controller__type_support.cpp.o\x1b[0m\n'}
[92.992597] (-) TimerEvent: {}
[93.093189] (-) TimerEvent: {}
[93.194143] (-) TimerEvent: {}
[93.202263] (unitree_go) StdoutLine: {'line': b'[ 76%] \x1b[32mBuilding CXX object CMakeFiles/unitree_go__rosidl_typesupport_fastrtps_cpp.dir/rosidl_typesupport_fastrtps_cpp/unitree_go/msg/detail/dds_fastrtps/bms_cmd__type_support.cpp.o\x1b[0m\n'}
[93.203015] (unitree_go) StdoutLine: {'line': b'[ 76%] \x1b[32mBuilding CXX object CMakeFiles/unitree_go__rosidl_typesupport_fastrtps_cpp.dir/rosidl_typesupport_fastrtps_cpp/unitree_go/msg/detail/dds_fastrtps/audio_data__type_support.cpp.o\x1b[0m\n'}
[93.294312] (-) TimerEvent: {}
[93.394922] (-) TimerEvent: {}
[93.495554] (-) TimerEvent: {}
[93.596173] (-) TimerEvent: {}
[93.641818] (unitree_go) StdoutLine: {'line': b'[ 77%] \x1b[32mBuilding CXX object CMakeFiles/unitree_go__rosidl_typesupport_introspection_cpp.dir/rosidl_typesupport_introspection_cpp/unitree_go/msg/detail/sport_mode_cmd__type_support.cpp.o\x1b[0m\n'}
[93.696356] (-) TimerEvent: {}
[93.796966] (-) TimerEvent: {}
[93.897576] (-) TimerEvent: {}
[93.998205] (-) TimerEvent: {}
[94.098852] (-) TimerEvent: {}
[94.199464] (-) TimerEvent: {}
[94.300313] (-) TimerEvent: {}
[94.356750] (unitree_go) StdoutLine: {'line': b'[ 77%] \x1b[32mBuilding CXX object CMakeFiles/unitree_go__rosidl_typesupport_fastrtps_cpp.dir/rosidl_typesupport_fastrtps_cpp/unitree_go/msg/detail/dds_fastrtps/error__type_support.cpp.o\x1b[0m\n'}
[94.400488] (-) TimerEvent: {}
[94.430435] (unitree_go) StdoutLine: {'line': b'[ 77%] \x1b[32mBuilding CXX object CMakeFiles/unitree_go__rosidl_typesupport_introspection_cpp.dir/rosidl_typesupport_introspection_cpp/unitree_go/msg/detail/res__type_support.cpp.o\x1b[0m\n'}
[94.500674] (-) TimerEvent: {}
[94.601273] (-) TimerEvent: {}
[94.701884] (-) TimerEvent: {}
[94.802489] (-) TimerEvent: {}
[94.903091] (-) TimerEvent: {}
[95.003825] (-) TimerEvent: {}
[95.104426] (-) TimerEvent: {}
[95.205036] (-) TimerEvent: {}
[95.210221] (unitree_go) StdoutLine: {'line': b'[ 77%] \x1b[32mBuilding CXX object CMakeFiles/unitree_go__rosidl_typesupport_introspection_cpp.dir/rosidl_typesupport_introspection_cpp/unitree_go/msg/detail/motor_states__type_support.cpp.o\x1b[0m\n'}
[95.305208] (-) TimerEvent: {}
[95.377122] (unitree_go) StdoutLine: {'line': b'[ 78%] \x1b[32mBuilding CXX object CMakeFiles/unitree_go__rosidl_typesupport_fastrtps_cpp.dir/rosidl_typesupport_fastrtps_cpp/unitree_go/msg/detail/dds_fastrtps/imu_state__type_support.cpp.o\x1b[0m\n'}
[95.405385] (-) TimerEvent: {}
[95.505989] (-) TimerEvent: {}
[95.606587] (-) TimerEvent: {}
[95.707202] (-) TimerEvent: {}
[95.807835] (-) TimerEvent: {}
[95.908441] (-) TimerEvent: {}
[95.998935] (unitree_go) StdoutLine: {'line': b'[ 79%] \x1b[32m\x1b[1mLinking CXX shared library libunitree_go__rosidl_typesupport_introspection_cpp.so\x1b[0m\n'}
[96.008614] (-) TimerEvent: {}
[96.109210] (-) TimerEvent: {}
[96.185798] (unitree_go) StdoutLine: {'line': b'[ 79%] Built target unitree_go__rosidl_typesupport_introspection_cpp\n'}
[96.209355] (-) TimerEvent: {}
[96.309952] (-) TimerEvent: {}
[96.410545] (-) TimerEvent: {}
[96.427562] (unitree_go) StdoutLine: {'line': b'[ 79%] \x1b[32mBuilding CXX object CMakeFiles/unitree_go__rosidl_typesupport_fastrtps_cpp.dir/rosidl_typesupport_fastrtps_cpp/unitree_go/msg/detail/dds_fastrtps/lidar_state__type_support.cpp.o\x1b[0m\n'}
[96.510730] (-) TimerEvent: {}
[96.611340] (-) TimerEvent: {}
[96.711939] (-) TimerEvent: {}
[96.812558] (-) TimerEvent: {}
[96.913125] (-) TimerEvent: {}
[97.013721] (-) TimerEvent: {}
[97.114293] (-) TimerEvent: {}
[97.214873] (-) TimerEvent: {}
[97.315458] (-) TimerEvent: {}
[97.416049] (-) TimerEvent: {}
[97.500937] (unitree_go) StdoutLine: {'line': b'[ 80%] \x1b[32mBuilding CXX object CMakeFiles/unitree_go__rosidl_typesupport_fastrtps_cpp.dir/rosidl_typesupport_fastrtps_cpp/unitree_go/msg/detail/dds_fastrtps/low_cmd__type_support.cpp.o\x1b[0m\n'}
[97.516227] (-) TimerEvent: {}
[97.616811] (-) TimerEvent: {}
[97.717412] (-) TimerEvent: {}
[97.818007] (-) TimerEvent: {}
[97.918592] (-) TimerEvent: {}
[98.019187] (-) TimerEvent: {}
[98.119782] (-) TimerEvent: {}
[98.220372] (-) TimerEvent: {}
[98.320961] (-) TimerEvent: {}
[98.421570] (-) TimerEvent: {}
[98.522139] (-) TimerEvent: {}
[98.614585] (unitree_go) StdoutLine: {'line': b'[ 80%] \x1b[32mBuilding CXX object CMakeFiles/unitree_go__rosidl_typesupport_fastrtps_cpp.dir/rosidl_typesupport_fastrtps_cpp/unitree_go/msg/detail/dds_fastrtps/low_state__type_support.cpp.o\x1b[0m\n'}
[98.622209] (-) TimerEvent: {}
[98.722661] (-) TimerEvent: {}
[98.823264] (-) TimerEvent: {}
[98.923867] (-) TimerEvent: {}
[99.024446] (-) TimerEvent: {}
[99.125037] (-) TimerEvent: {}
[99.225624] (-) TimerEvent: {}
[99.326217] (-) TimerEvent: {}
[99.426809] (-) TimerEvent: {}
[99.527430] (-) TimerEvent: {}
[99.628018] (-) TimerEvent: {}
[99.728595] (-) TimerEvent: {}
[99.824301] (unitree_go) StdoutLine: {'line': b'[ 80%] \x1b[32mBuilding CXX object CMakeFiles/unitree_go__rosidl_typesupport_fastrtps_cpp.dir/rosidl_typesupport_fastrtps_cpp/unitree_go/msg/detail/dds_fastrtps/motor_cmd__type_support.cpp.o\x1b[0m\n'}
[99.828700] (-) TimerEvent: {}
[99.929171] (-) TimerEvent: {}
[100.029770] (-) TimerEvent: {}
[100.130375] (-) TimerEvent: {}
[100.230999] (-) TimerEvent: {}
[100.331623] (-) TimerEvent: {}
[100.432227] (-) TimerEvent: {}
[100.532831] (-) TimerEvent: {}
[100.633436] (-) TimerEvent: {}
[100.734035] (-) TimerEvent: {}
[100.834647] (-) TimerEvent: {}
[100.870741] (unitree_go) StdoutLine: {'line': b'[ 81%] \x1b[32mBuilding CXX object CMakeFiles/unitree_go__rosidl_typesupport_fastrtps_cpp.dir/rosidl_typesupport_fastrtps_cpp/unitree_go/msg/detail/dds_fastrtps/motor_cmds__type_support.cpp.o\x1b[0m\n'}
[100.934826] (-) TimerEvent: {}
[101.035422] (-) TimerEvent: {}
[101.136013] (-) TimerEvent: {}
[101.236622] (-) TimerEvent: {}
[101.337231] (-) TimerEvent: {}
[101.437846] (-) TimerEvent: {}
[101.538454] (-) TimerEvent: {}
[101.639075] (-) TimerEvent: {}
[101.739722] (-) TimerEvent: {}
[101.840317] (-) TimerEvent: {}
[101.940912] (-) TimerEvent: {}
[101.965352] (unitree_go) StdoutLine: {'line': b'[ 81%] \x1b[32mBuilding CXX object CMakeFiles/unitree_go__rosidl_typesupport_fastrtps_cpp.dir/rosidl_typesupport_fastrtps_cpp/unitree_go/msg/detail/dds_fastrtps/motor_state__type_support.cpp.o\x1b[0m\n'}
[102.041092] (-) TimerEvent: {}
[102.141679] (-) TimerEvent: {}
[102.242261] (-) TimerEvent: {}
[102.342864] (-) TimerEvent: {}
[102.443467] (-) TimerEvent: {}
[102.544045] (-) TimerEvent: {}
[102.644622] (-) TimerEvent: {}
[102.745204] (-) TimerEvent: {}
[102.845793] (-) TimerEvent: {}
[102.946387] (-) TimerEvent: {}
[103.046960] (-) TimerEvent: {}
[103.049465] (unitree_go) StdoutLine: {'line': b'[ 82%] \x1b[32mBuilding CXX object CMakeFiles/unitree_go__rosidl_typesupport_fastrtps_cpp.dir/rosidl_typesupport_fastrtps_cpp/unitree_go/msg/detail/dds_fastrtps/motor_states__type_support.cpp.o\x1b[0m\n'}
[103.147142] (-) TimerEvent: {}
[103.247762] (-) TimerEvent: {}
[103.348351] (-) TimerEvent: {}
[103.448950] (-) TimerEvent: {}
[103.549559] (-) TimerEvent: {}
[103.650151] (-) TimerEvent: {}
[103.750797] (-) TimerEvent: {}
[103.851422] (-) TimerEvent: {}
[103.952034] (-) TimerEvent: {}
[104.052634] (-) TimerEvent: {}
[104.140414] (unitree_go) StdoutLine: {'line': b'[ 82%] \x1b[32mBuilding CXX object CMakeFiles/unitree_go__rosidl_typesupport_fastrtps_cpp.dir/rosidl_typesupport_fastrtps_cpp/unitree_go/msg/detail/dds_fastrtps/path_point__type_support.cpp.o\x1b[0m\n'}
[104.152794] (-) TimerEvent: {}
[104.253392] (-) TimerEvent: {}
[104.353987] (-) TimerEvent: {}
[104.454591] (-) TimerEvent: {}
[104.555199] (-) TimerEvent: {}
[104.655831] (-) TimerEvent: {}
[104.756436] (-) TimerEvent: {}
[104.857028] (-) TimerEvent: {}
[104.957629] (-) TimerEvent: {}
[105.058236] (-) TimerEvent: {}
[105.158845] (-) TimerEvent: {}
[105.161633] (unitree_go) StdoutLine: {'line': b'[ 82%] \x1b[32mBuilding CXX object CMakeFiles/unitree_go__rosidl_typesupport_fastrtps_cpp.dir/rosidl_typesupport_fastrtps_cpp/unitree_go/msg/detail/dds_fastrtps/req__type_support.cpp.o\x1b[0m\n'}
[105.259023] (-) TimerEvent: {}
[105.359636] (-) TimerEvent: {}
[105.460242] (-) TimerEvent: {}
[105.560840] (-) TimerEvent: {}
[105.661452] (-) TimerEvent: {}
[105.762053] (-) TimerEvent: {}
[105.862668] (-) TimerEvent: {}
[105.963266] (-) TimerEvent: {}
[106.063910] (-) TimerEvent: {}
[106.164508] (-) TimerEvent: {}
[106.192151] (unitree_go) StdoutLine: {'line': b'[ 83%] \x1b[32mBuilding CXX object CMakeFiles/unitree_go__rosidl_typesupport_fastrtps_cpp.dir/rosidl_typesupport_fastrtps_cpp/unitree_go/msg/detail/dds_fastrtps/res__type_support.cpp.o\x1b[0m\n'}
[106.264696] (-) TimerEvent: {}
[106.365279] (-) TimerEvent: {}
[106.465880] (-) TimerEvent: {}
[106.566467] (-) TimerEvent: {}
[106.667067] (-) TimerEvent: {}
[106.767689] (-) TimerEvent: {}
[106.868277] (-) TimerEvent: {}
[106.968878] (-) TimerEvent: {}
[107.069481] (-) TimerEvent: {}
[107.170063] (-) TimerEvent: {}
[107.270650] (-) TimerEvent: {}
[107.283592] (unitree_go) StdoutLine: {'line': b'[ 83%] \x1b[32mBuilding CXX object CMakeFiles/unitree_go__rosidl_typesupport_fastrtps_cpp.dir/rosidl_typesupport_fastrtps_cpp/unitree_go/msg/detail/dds_fastrtps/sport_mode_cmd__type_support.cpp.o\x1b[0m\n'}
[107.370825] (-) TimerEvent: {}
[107.471438] (-) TimerEvent: {}
[107.572029] (-) TimerEvent: {}
[107.672613] (-) TimerEvent: {}
[107.773198] (-) TimerEvent: {}
[107.873783] (-) TimerEvent: {}
[107.974382] (-) TimerEvent: {}
[108.074964] (-) TimerEvent: {}
[108.175592] (-) TimerEvent: {}
[108.276166] (-) TimerEvent: {}
[108.349407] (unitree_go) StdoutLine: {'line': b'[ 83%] \x1b[32mBuilding CXX object CMakeFiles/unitree_go__rosidl_typesupport_fastrtps_cpp.dir/rosidl_typesupport_fastrtps_cpp/unitree_go/msg/detail/dds_fastrtps/sport_mode_state__type_support.cpp.o\x1b[0m\n'}
[108.376355] (-) TimerEvent: {}
[108.476934] (-) TimerEvent: {}
[108.577523] (-) TimerEvent: {}
[108.678113] (-) TimerEvent: {}
[108.778725] (-) TimerEvent: {}
[108.879325] (-) TimerEvent: {}
[108.979914] (-) TimerEvent: {}
[109.080514] (-) TimerEvent: {}
[109.181115] (-) TimerEvent: {}
[109.281688] (-) TimerEvent: {}
[109.372208] (unitree_go) StdoutLine: {'line': b'[ 84%] \x1b[32mBuilding CXX object CMakeFiles/unitree_go__rosidl_typesupport_fastrtps_cpp.dir/rosidl_typesupport_fastrtps_cpp/unitree_go/msg/detail/dds_fastrtps/time_spec__type_support.cpp.o\x1b[0m\n'}
[109.381796] (-) TimerEvent: {}
[109.482305] (-) TimerEvent: {}
[109.492090] (unitree_go) StdoutLine: {'line': b'[ 84%] \x1b[32mBuilding CXX object CMakeFiles/unitree_go__rosidl_typesupport_fastrtps_cpp.dir/rosidl_typesupport_fastrtps_cpp/unitree_go/msg/detail/dds_fastrtps/interface_config__type_support.cpp.o\x1b[0m\n'}
[109.582485] (-) TimerEvent: {}
[109.683098] (-) TimerEvent: {}
[109.783786] (-) TimerEvent: {}
[109.884423] (-) TimerEvent: {}
[109.985075] (-) TimerEvent: {}
[110.085714] (-) TimerEvent: {}
[110.186371] (-) TimerEvent: {}
[110.287010] (-) TimerEvent: {}
[110.387668] (-) TimerEvent: {}
[110.441604] (unitree_go) StdoutLine: {'line': b'[ 84%] \x1b[32mBuilding CXX object CMakeFiles/unitree_go__rosidl_typesupport_fastrtps_cpp.dir/rosidl_typesupport_fastrtps_cpp/unitree_go/msg/detail/dds_fastrtps/uwb_state__type_support.cpp.o\x1b[0m\n'}
[110.446347] (unitree_go) StdoutLine: {'line': b'[ 84%] \x1b[32mBuilding CXX object CMakeFiles/unitree_go__rosidl_typesupport_fastrtps_cpp.dir/rosidl_typesupport_fastrtps_cpp/unitree_go/msg/detail/dds_fastrtps/height_map__type_support.cpp.o\x1b[0m\n'}
[110.487839] (-) TimerEvent: {}
[110.582089] (unitree_go) StdoutLine: {'line': b'[ 85%] \x1b[32mBuilding CXX object CMakeFiles/unitree_go__rosidl_typesupport_fastrtps_cpp.dir/rosidl_typesupport_fastrtps_cpp/unitree_go/msg/detail/dds_fastrtps/uwb_switch__type_support.cpp.o\x1b[0m\n'}
[110.588000] (-) TimerEvent: {}
[110.688577] (-) TimerEvent: {}
[110.789175] (-) TimerEvent: {}
[110.889793] (-) TimerEvent: {}
[110.990411] (-) TimerEvent: {}
[111.091070] (-) TimerEvent: {}
[111.191708] (-) TimerEvent: {}
[111.292330] (-) TimerEvent: {}
[111.392949] (-) TimerEvent: {}
[111.493583] (-) TimerEvent: {}
[111.545300] (unitree_go) StdoutLine: {'line': b'[ 85%] \x1b[32mBuilding CXX object CMakeFiles/unitree_go__rosidl_typesupport_fastrtps_cpp.dir/rosidl_typesupport_fastrtps_cpp/unitree_go/msg/detail/dds_fastrtps/wireless_controller__type_support.cpp.o\x1b[0m\n'}
[111.593771] (-) TimerEvent: {}
[111.652551] (unitree_go) StdoutLine: {'line': b'[ 86%] \x1b[32mBuilding CXX object CMakeFiles/unitree_go__rosidl_typesupport_fastrtps_cpp.dir/rosidl_typesupport_fastrtps_cpp/unitree_go/msg/detail/dds_fastrtps/go2_front_video_data__type_support.cpp.o\x1b[0m\n'}
[111.665598] (unitree_go) StdoutLine: {'line': b'[ 86%] \x1b[32mBuilding CXX object CMakeFiles/unitree_go__rosidl_typesupport_fastrtps_cpp.dir/rosidl_typesupport_fastrtps_cpp/unitree_go/msg/detail/dds_fastrtps/bms_state__type_support.cpp.o\x1b[0m\n'}
[111.693949] (-) TimerEvent: {}
[111.795734] (-) TimerEvent: {}
[111.896335] (-) TimerEvent: {}
[111.996947] (-) TimerEvent: {}
[112.097574] (-) TimerEvent: {}
[112.198193] (-) TimerEvent: {}
[112.298835] (-) TimerEvent: {}
[112.399466] (-) TimerEvent: {}
[112.503437] (-) TimerEvent: {}
[112.604024] (-) TimerEvent: {}
[112.704648] (-) TimerEvent: {}
[112.805244] (-) TimerEvent: {}
[112.821002] (unitree_go) StdoutLine: {'line': b'[ 86%] \x1b[32m\x1b[1mLinking CXX shared library libunitree_go__rosidl_typesupport_fastrtps_cpp.so\x1b[0m\n'}
[112.905420] (-) TimerEvent: {}
[113.002869] (unitree_go) StdoutLine: {'line': b'[ 86%] Built target unitree_go__rosidl_typesupport_fastrtps_cpp\n'}
[113.005494] (-) TimerEvent: {}
[113.049657] (unitree_go) StdoutLine: {'line': b'[ 86%] Built target unitree_go\n'}
[113.098831] (unitree_go) StdoutLine: {'line': b'[ 87%] \x1b[34m\x1b[1mGenerating Python code for ROS interfaces\x1b[0m\n'}
[113.105650] (-) TimerEvent: {}
[113.206361] (-) TimerEvent: {}
[113.306882] (-) TimerEvent: {}
[113.407410] (-) TimerEvent: {}
[113.507935] (-) TimerEvent: {}
[113.608455] (-) TimerEvent: {}
[113.708961] (-) TimerEvent: {}
[113.809479] (-) TimerEvent: {}
[113.909980] (-) TimerEvent: {}
[114.010533] (-) TimerEvent: {}
[114.111100] (-) TimerEvent: {}
[114.211671] (-) TimerEvent: {}
[114.312201] (-) TimerEvent: {}
[114.412738] (-) TimerEvent: {}
[114.513264] (-) TimerEvent: {}
[114.613798] (-) TimerEvent: {}
[114.714318] (-) TimerEvent: {}
[114.814869] (-) TimerEvent: {}
[114.915391] (-) TimerEvent: {}
[115.015905] (-) TimerEvent: {}
[115.116443] (-) TimerEvent: {}
[115.216967] (-) TimerEvent: {}
[115.317495] (-) TimerEvent: {}
[115.418020] (-) TimerEvent: {}
[115.518530] (-) TimerEvent: {}
[115.619021] (-) TimerEvent: {}
[115.719532] (-) TimerEvent: {}
[115.820032] (-) TimerEvent: {}
[115.920539] (-) TimerEvent: {}
[116.021038] (-) TimerEvent: {}
[116.121567] (-) TimerEvent: {}
[116.222071] (-) TimerEvent: {}
[116.322581] (-) TimerEvent: {}
[116.423110] (-) TimerEvent: {}
[116.523671] (-) TimerEvent: {}
[116.624207] (-) TimerEvent: {}
[116.724708] (-) TimerEvent: {}
[116.825212] (-) TimerEvent: {}
[116.925715] (-) TimerEvent: {}
[117.026269] (-) TimerEvent: {}
[117.126839] (-) TimerEvent: {}
[117.227412] (-) TimerEvent: {}
[117.327940] (-) TimerEvent: {}
[117.428462] (-) TimerEvent: {}
[117.529001] (-) TimerEvent: {}
[117.629575] (-) TimerEvent: {}
[117.730095] (-) TimerEvent: {}
[117.830633] (-) TimerEvent: {}
[117.931161] (-) TimerEvent: {}
[118.031719] (-) TimerEvent: {}
[118.132252] (-) TimerEvent: {}
[118.232795] (-) TimerEvent: {}
[118.333332] (-) TimerEvent: {}
[118.433872] (-) TimerEvent: {}
[118.534421] (-) TimerEvent: {}
[118.635031] (-) TimerEvent: {}
[118.735653] (-) TimerEvent: {}
[118.836246] (-) TimerEvent: {}
[118.936836] (-) TimerEvent: {}
[119.037441] (-) TimerEvent: {}
[119.138048] (-) TimerEvent: {}
[119.238682] (-) TimerEvent: {}
[119.308408] (unitree_go) StdoutLine: {'line': b'[ 87%] Built target unitree_go__py\n'}
[119.338859] (-) TimerEvent: {}
[119.357105] (unitree_go) StdoutLine: {'line': b'[ 89%] \x1b[32mBuilding C object CMakeFiles/unitree_go__rosidl_generator_py.dir/rosidl_generator_py/unitree_go/msg/_bms_cmd_s.c.o\x1b[0m\n'}
[119.357604] (unitree_go) StdoutLine: {'line': b'[ 89%] \x1b[32mBuilding C object CMakeFiles/unitree_go__rosidl_generator_py.dir/rosidl_generator_py/unitree_go/msg/_audio_data_s.c.o\x1b[0m\n'}
[119.357804] (unitree_go) StdoutLine: {'line': b'[ 89%] \x1b[32mBuilding C object CMakeFiles/unitree_go__rosidl_generator_py.dir/rosidl_generator_py/unitree_go/msg/_bms_state_s.c.o\x1b[0m\n'}
[119.439046] (-) TimerEvent: {}
[119.540557] (-) TimerEvent: {}
[119.641159] (-) TimerEvent: {}
[119.647200] (unitree_go) StdoutLine: {'line': b'[ 90%] \x1b[32mBuilding C object CMakeFiles/unitree_go__rosidl_generator_py.dir/rosidl_generator_py/unitree_go/msg/_height_map_s.c.o\x1b[0m\n'}
[119.684557] (unitree_go) StdoutLine: {'line': b'[ 90%] \x1b[32mBuilding C object CMakeFiles/unitree_go__rosidl_generator_py.dir/rosidl_generator_py/unitree_go/msg/_imu_state_s.c.o\x1b[0m\n'}
[119.693849] (unitree_go) StdoutLine: {'line': b'[ 90%] \x1b[32mBuilding C object CMakeFiles/unitree_go__rosidl_generator_py.dir/rosidl_generator_py/unitree_go/msg/_interface_config_s.c.o\x1b[0m\n'}
[119.742286] (-) TimerEvent: {}
[119.843577] (-) TimerEvent: {}
[119.944265] (-) TimerEvent: {}
[119.975499] (unitree_go) StdoutLine: {'line': b'[ 91%] \x1b[32mBuilding C object CMakeFiles/unitree_go__rosidl_generator_py.dir/rosidl_generator_py/unitree_go/msg/_lidar_state_s.c.o\x1b[0m\n'}
[119.991106] (unitree_go) StdoutLine: {'line': b'[ 91%] \x1b[32mBuilding C object CMakeFiles/unitree_go__rosidl_generator_py.dir/rosidl_generator_py/unitree_go/msg/_low_cmd_s.c.o\x1b[0m\n'}
[120.002562] (unitree_go) StdoutLine: {'line': b'[ 92%] \x1b[32mBuilding C object CMakeFiles/unitree_go__rosidl_generator_py.dir/rosidl_generator_py/unitree_go/msg/_low_state_s.c.o\x1b[0m\n'}
[120.044448] (-) TimerEvent: {}
[120.146586] (-) TimerEvent: {}
[120.247192] (-) TimerEvent: {}
[120.301972] (unitree_go) StdoutLine: {'line': b'[ 92%] \x1b[32mBuilding C object CMakeFiles/unitree_go__rosidl_generator_py.dir/rosidl_generator_py/unitree_go/msg/_motor_cmd_s.c.o\x1b[0m\n'}
[120.337302] (unitree_go) StdoutLine: {'line': b'[ 92%] \x1b[32mBuilding C object CMakeFiles/unitree_go__rosidl_generator_py.dir/rosidl_generator_py/unitree_go/msg/_motor_cmds_s.c.o\x1b[0m\n'}
[120.347493] (-) TimerEvent: {}
[120.391653] (unitree_go) StdoutLine: {'line': b'[ 92%] \x1b[32mBuilding C object CMakeFiles/unitree_go__rosidl_generator_py.dir/rosidl_generator_py/unitree_go/msg/_go2_front_video_data_s.c.o\x1b[0m\n'}
[120.414152] (unitree_go) StdoutLine: {'line': b'[ 93%] \x1b[32mBuilding C object CMakeFiles/unitree_go__rosidl_generator_py.dir/rosidl_generator_py/unitree_go/msg/_motor_state_s.c.o\x1b[0m\n'}
[120.447670] (-) TimerEvent: {}
[120.549323] (-) TimerEvent: {}
[120.625677] (unitree_go) StdoutLine: {'line': b'[ 93%] \x1b[32mBuilding C object CMakeFiles/unitree_go__rosidl_generator_py.dir/rosidl_generator_py/unitree_go/msg/_motor_states_s.c.o\x1b[0m\n'}
[120.649502] (-) TimerEvent: {}
[120.686822] (unitree_go) StdoutLine: {'line': b'[ 93%] \x1b[32mBuilding C object CMakeFiles/unitree_go__rosidl_generator_py.dir/rosidl_generator_py/unitree_go/msg/_path_point_s.c.o\x1b[0m\n'}
[120.749753] (-) TimerEvent: {}
[120.770345] (unitree_go) StdoutLine: {'line': b'[ 94%] \x1b[32mBuilding C object CMakeFiles/unitree_go__rosidl_generator_py.dir/rosidl_generator_py/unitree_go/msg/_req_s.c.o\x1b[0m\n'}
[120.819904] (unitree_go) StdoutLine: {'line': b'[ 94%] \x1b[32mBuilding C object CMakeFiles/unitree_go__rosidl_generator_py.dir/rosidl_generator_py/unitree_go/msg/_res_s.c.o\x1b[0m\n'}
[120.849939] (-) TimerEvent: {}
[120.920391] (unitree_go) StdoutLine: {'line': b'[ 95%] \x1b[32mBuilding C object CMakeFiles/unitree_go__rosidl_generator_py.dir/rosidl_generator_py/unitree_go/msg/_sport_mode_cmd_s.c.o\x1b[0m\n'}
[120.953572] (-) TimerEvent: {}
[121.054183] (-) TimerEvent: {}
[121.066781] (unitree_go) StdoutLine: {'line': b'[ 95%] \x1b[32mBuilding C object CMakeFiles/unitree_go__rosidl_generator_py.dir/rosidl_generator_py/unitree_go/msg/_sport_mode_state_s.c.o\x1b[0m\n'}
[121.079089] (unitree_go) StdoutLine: {'line': b'[ 95%] \x1b[32mBuilding C object CMakeFiles/unitree_go__rosidl_generator_py.dir/rosidl_generator_py/unitree_go/msg/_time_spec_s.c.o\x1b[0m\n'}
[121.154403] (-) TimerEvent: {}
[121.215194] (unitree_go) StdoutLine: {'line': b'[ 96%] \x1b[32mBuilding C object CMakeFiles/unitree_go__rosidl_generator_py.dir/rosidl_generator_py/unitree_go/msg/_uwb_state_s.c.o\x1b[0m\n'}
[121.254585] (-) TimerEvent: {}
[121.258859] (unitree_go) StdoutLine: {'line': b'[ 96%] \x1b[32mBuilding C object CMakeFiles/unitree_go__rosidl_generator_py.dir/rosidl_generator_py/unitree_go/msg/_uwb_switch_s.c.o\x1b[0m\n'}
[121.354791] (-) TimerEvent: {}
[121.434432] (unitree_go) StdoutLine: {'line': b'[ 96%] \x1b[32mBuilding C object CMakeFiles/unitree_go__rosidl_generator_py.dir/rosidl_generator_py/unitree_go/msg/_error_s.c.o\x1b[0m\n'}
[121.446793] (unitree_go) StdoutLine: {'line': b'[ 96%] \x1b[32mBuilding C object CMakeFiles/unitree_go__rosidl_generator_py.dir/rosidl_generator_py/unitree_go/msg/_wireless_controller_s.c.o\x1b[0m\n'}
[121.455353] (-) TimerEvent: {}
[121.557063] (-) TimerEvent: {}
[121.657662] (-) TimerEvent: {}
[121.756563] (unitree_go) StdoutLine: {'line': b'[ 97%] \x1b[32m\x1b[1mLinking C shared library libunitree_go__rosidl_generator_py.so\x1b[0m\n'}
[121.757724] (-) TimerEvent: {}
[121.858160] (-) TimerEvent: {}
[121.861098] (unitree_go) StdoutLine: {'line': b'[ 97%] Built target unitree_go__rosidl_generator_py\n'}
[121.913173] (unitree_go) StdoutLine: {'line': b'[ 98%] \x1b[32mBuilding C object CMakeFiles/unitree_go_s__rosidl_typesupport_introspection_c.dir/rosidl_generator_py/unitree_go/_unitree_go_s.ep.rosidl_typesupport_introspection_c.c.o\x1b[0m\n'}
[121.913794] (unitree_go) StdoutLine: {'line': b'[ 98%] \x1b[32mBuilding C object CMakeFiles/unitree_go_s__rosidl_typesupport_c.dir/rosidl_generator_py/unitree_go/_unitree_go_s.ep.rosidl_typesupport_c.c.o\x1b[0m\n'}
[121.915800] (unitree_go) StdoutLine: {'line': b'[ 98%] \x1b[32mBuilding C object CMakeFiles/unitree_go_s__rosidl_typesupport_fastrtps_c.dir/rosidl_generator_py/unitree_go/_unitree_go_s.ep.rosidl_typesupport_fastrtps_c.c.o\x1b[0m\n'}
[121.958330] (-) TimerEvent: {}
[122.059558] (-) TimerEvent: {}
[122.162669] (-) TimerEvent: {}
[122.263287] (-) TimerEvent: {}
[122.297346] (unitree_go) StdoutLine: {'line': b'[ 98%] \x1b[32m\x1b[1mLinking C shared module rosidl_generator_py/unitree_go/unitree_go_s__rosidl_typesupport_c.so\x1b[0m\n'}
[122.315188] (unitree_go) StdoutLine: {'line': b'[ 99%] \x1b[32m\x1b[1mLinking C shared module rosidl_generator_py/unitree_go/unitree_go_s__rosidl_typesupport_introspection_c.so\x1b[0m\n'}
[122.323952] (unitree_go) StdoutLine: {'line': b'[100%] \x1b[32m\x1b[1mLinking C shared module rosidl_generator_py/unitree_go/unitree_go_s__rosidl_typesupport_fastrtps_c.so\x1b[0m\n'}
[122.363518] (-) TimerEvent: {}
[122.376008] (unitree_go) StdoutLine: {'line': b'[100%] Built target unitree_go_s__rosidl_typesupport_c\n'}
[122.388556] (unitree_go) StdoutLine: {'line': b'[100%] Built target unitree_go_s__rosidl_typesupport_introspection_c\n'}
[122.397706] (unitree_go) StdoutLine: {'line': b'[100%] Built target unitree_go_s__rosidl_typesupport_fastrtps_c\n'}
[122.429463] (unitree_go) CommandEnded: {'returncode': 0}
[122.430943] (unitree_go) JobProgress: {'identifier': 'unitree_go', 'progress': 'install'}
[122.431508] (unitree_go) Command: {'cmd': ['/usr/bin/cmake', '--install', '/home/unitree/go2slam/unitree_ros2/build/unitree_go'], 'cwd': '/home/unitree/go2slam/unitree_ros2/build/unitree_go', 'env': OrderedDict({'GZ_CONFIG_PATH': '/opt/ros/jazzy/opt/gz_sim_vendor/share/gz:/opt/ros/jazzy/opt/sdformat_vendor/share/gz:/opt/ros/jazzy/opt/gz_gui_vendor/share/gz:/opt/ros/jazzy/opt/gz_transport_vendor/share/gz:/opt/ros/jazzy/opt/gz_rendering_vendor/share/gz:/opt/ros/jazzy/opt/gz_plugin_vendor/share/gz:/opt/ros/jazzy/opt/gz_fuel_tools_vendor/share/gz:/opt/ros/jazzy/opt/gz_msgs_vendor/share/gz:/opt/ros/jazzy/opt/gz_common_vendor/share/gz', 'HOSTNAME': 'ubuntu', 'SHLVL': '1', 'LD_LIBRARY_PATH': '/home/unitree/go2slam/unitree_ros2/install/unitree_hg/lib:/home/unitree/go2slam/unitree_ros2/install/unitree_go/lib:/home/unitree/go2slam/unitree_ros2/install/unitree_api/lib:/home/unitree/go2slam/unitree_ros2/install/cyclonedds/lib:/opt/ros/jazzy/opt/gz_sim_vendor/lib:/opt/ros/jazzy/opt/gz_sensors_vendor/lib:/opt/ros/jazzy/opt/gz_physics_vendor/lib:/opt/ros/jazzy/opt/sdformat_vendor/lib:/opt/ros/jazzy/opt/rviz_ogre_vendor/lib:/opt/ros/jazzy/lib/aarch64-linux-gnu:/opt/ros/jazzy/opt/gz_gui_vendor/lib:/opt/ros/jazzy/opt/gz_transport_vendor/lib:/opt/ros/jazzy/opt/gz_rendering_vendor/lib:/opt/ros/jazzy/opt/gz_plugin_vendor/lib:/opt/ros/jazzy/opt/gz_fuel_tools_vendor/lib:/opt/ros/jazzy/opt/gz_msgs_vendor/lib:/opt/ros/jazzy/opt/gz_common_vendor/lib:/opt/ros/jazzy/opt/gz_math_vendor/lib:/opt/ros/jazzy/opt/gz_utils_vendor/lib:/opt/ros/jazzy/opt/gz_tools_vendor/lib:/opt/ros/jazzy/opt/gz_ogre_next_vendor/lib:/opt/ros/jazzy/opt/gz_dartsim_vendor/lib:/opt/ros/jazzy/opt/gz_cmake_vendor/lib:/opt/ros/jazzy/lib', 'HOME': '/root', 'OLDPWD': '/home/unitree/go2slam/unitree_ros2/cyclonedds_ws', 'ROS_PYTHON_VERSION': '3', 'COLCON_PREFIX_PATH': '/home/unitree/go2slam/unitree_ros2/install', 'ROS_DISTRO': 'jazzy', '_': '/usr/bin/colcon', 'ROS_VERSION': '2', 'PKG_CONFIG_PATH': '/home/unitree/go2slam/unitree_ros2/install/cyclonedds/lib/aarch64-linux-gnu/pkgconfig:/home/unitree/go2slam/unitree_ros2/install/cyclonedds/lib/pkgconfig', 'TERM': 'xterm', 'PATH': '/home/unitree/go2slam/unitree_ros2/install/cyclonedds/bin:/opt/ros/jazzy/opt/gz_msgs_vendor/bin:/opt/ros/jazzy/opt/gz_tools_vendor/bin:/opt/ros/jazzy/opt/gz_ogre_next_vendor/bin:/opt/ros/jazzy/bin:/usr/local/sbin:/usr/local/bin:/usr/sbin:/usr/bin:/sbin:/bin', 'DISPLAY': 'unix:1001', 'LANG': 'C.UTF-8', 'LS_COLORS': 'rs=0:di=01;34:ln=01;36:mh=00:pi=40;33:so=01;35:do=01;35:bd=40;33;01:cd=40;33;01:or=40;31;01:mi=00:su=37;41:sg=30;43:ca=00:tw=30;42:ow=34;42:st=37;44:ex=01;32:*.tar=01;31:*.tgz=01;31:*.arc=01;31:*.arj=01;31:*.taz=01;31:*.lha=01;31:*.lz4=01;31:*.lzh=01;31:*.lzma=01;31:*.tlz=01;31:*.txz=01;31:*.tzo=01;31:*.t7z=01;31:*.zip=01;31:*.z=01;31:*.dz=01;31:*.gz=01;31:*.lrz=01;31:*.lz=01;31:*.lzo=01;31:*.xz=01;31:*.zst=01;31:*.tzst=01;31:*.bz2=01;31:*.bz=01;31:*.tbz=01;31:*.tbz2=01;31:*.tz=01;31:*.deb=01;31:*.rpm=01;31:*.jar=01;31:*.war=01;31:*.ear=01;31:*.sar=01;31:*.rar=01;31:*.alz=01;31:*.ace=01;31:*.zoo=01;31:*.cpio=01;31:*.7z=01;31:*.rz=01;31:*.cab=01;31:*.wim=01;31:*.swm=01;31:*.dwm=01;31:*.esd=01;31:*.avif=01;35:*.jpg=01;35:*.jpeg=01;35:*.mjpg=01;35:*.mjpeg=01;35:*.gif=01;35:*.bmp=01;35:*.pbm=01;35:*.pgm=01;35:*.ppm=01;35:*.tga=01;35:*.xbm=01;35:*.xpm=01;35:*.tif=01;35:*.tiff=01;35:*.png=01;35:*.svg=01;35:*.svgz=01;35:*.mng=01;35:*.pcx=01;35:*.mov=01;35:*.mpg=01;35:*.mpeg=01;35:*.m2v=01;35:*.mkv=01;35:*.webm=01;35:*.webp=01;35:*.ogm=01;35:*.mp4=01;35:*.m4v=01;35:*.mp4v=01;35:*.vob=01;35:*.qt=01;35:*.nuv=01;35:*.wmv=01;35:*.asf=01;35:*.rm=01;35:*.rmvb=01;35:*.flc=01;35:*.avi=01;35:*.fli=01;35:*.flv=01;35:*.gl=01;35:*.dl=01;35:*.xcf=01;35:*.xwd=01;35:*.yuv=01;35:*.cgm=01;35:*.emf=01;35:*.ogv=01;35:*.ogx=01;35:*.aac=00;36:*.au=00;36:*.flac=00;36:*.m4a=00;36:*.mid=00;36:*.midi=00;36:*.mka=00;36:*.mp3=00;36:*.mpc=00;36:*.ogg=00;36:*.ra=00;36:*.wav=00;36:*.oga=00;36:*.opus=00;36:*.spx=00;36:*.xspf=00;36:*~=00;90:*#=00;90:*.bak=00;90:*.crdownload=00;90:*.dpkg-dist=00;90:*.dpkg-new=00;90:*.dpkg-old=00;90:*.dpkg-tmp=00;90:*.old=00;90:*.orig=00;90:*.part=00;90:*.rej=00;90:*.rpmnew=00;90:*.rpmorig=00;90:*.rpmsave=00;90:*.swp=00;90:*.tmp=00;90:*.ucf-dist=00;90:*.ucf-new=00;90:*.ucf-old=00;90:', 'AMENT_PREFIX_PATH': '/home/unitree/go2slam/unitree_ros2/install/unitree_hg:/home/unitree/go2slam/unitree_ros2/install/unitree_go:/home/unitree/go2slam/unitree_ros2/install/unitree_api:/opt/ros/jazzy', 'ROS_AUTOMATIC_DISCOVERY_RANGE': 'SUBNET', 'PWD': '/home/unitree/go2slam/unitree_ros2/build/unitree_go', 'LC_ALL': 'C.UTF-8', 'PYTHONPATH': '/home/unitree/go2slam/unitree_ros2/install/unitree_hg/lib/python3.12/site-packages:/home/unitree/go2slam/unitree_ros2/install/unitree_go/lib/python3.12/site-packages:/home/unitree/go2slam/unitree_ros2/install/unitree_api/lib/python3.12/site-packages:/opt/ros/jazzy/lib/python3.12/site-packages', 'COLCON': '1', 'CMAKE_PREFIX_PATH': '/home/unitree/go2slam/unitree_ros2/install/unitree_hg:/home/unitree/go2slam/unitree_ros2/install/unitree_go:/home/unitree/go2slam/unitree_ros2/install/unitree_api:/home/unitree/go2slam/unitree_ros2/install/cyclonedds:/opt/ros/jazzy/opt/gz_sim_vendor:/opt/ros/jazzy/opt/gz_sensors_vendor:/opt/ros/jazzy/opt/gz_physics_vendor:/opt/ros/jazzy/opt/sdformat_vendor:/opt/ros/jazzy/opt/gz_gui_vendor:/opt/ros/jazzy/opt/gz_transport_vendor:/opt/ros/jazzy/opt/gz_rendering_vendor:/opt/ros/jazzy/opt/gz_plugin_vendor:/opt/ros/jazzy/opt/gz_fuel_tools_vendor:/opt/ros/jazzy/opt/gz_msgs_vendor:/opt/ros/jazzy/opt/gz_common_vendor:/opt/ros/jazzy/opt/gz_math_vendor:/opt/ros/jazzy/opt/gz_utils_vendor:/opt/ros/jazzy/opt/gz_tools_vendor:/opt/ros/jazzy/opt/gz_ogre_next_vendor:/opt/ros/jazzy/opt/gz_dartsim_vendor:/opt/ros/jazzy/opt/gz_cmake_vendor:/opt/ros/jazzy'}), 'shell': False}
[122.452845] (unitree_go) StdoutLine: {'line': b'-- Install configuration: ""\n'}
[122.453433] (unitree_go) StdoutLine: {'line': b'-- Installing: /home/unitree/go2slam/unitree_ros2/install/unitree_go/share/ament_index/resource_index/rosidl_interfaces/unitree_go\n'}
[122.453694] (unitree_go) StdoutLine: {'line': b'-- Installing: /home/unitree/go2slam/unitree_ros2/install/unitree_go/share/unitree_go/msg/AudioData.json\n'}
[122.453948] (unitree_go) StdoutLine: {'line': b'-- Installing: /home/unitree/go2slam/unitree_ros2/install/unitree_go/share/unitree_go/msg/BmsCmd.json\n'}
[122.454220] (unitree_go) StdoutLine: {'line': b'-- Installing: /home/unitree/go2slam/unitree_ros2/install/unitree_go/share/unitree_go/msg/BmsState.json\n'}
[122.454495] (unitree_go) StdoutLine: {'line': b'-- Installing: /home/unitree/go2slam/unitree_ros2/install/unitree_go/share/unitree_go/msg/Error.json\n'}
[122.454774] (unitree_go) StdoutLine: {'line': b'-- Installing: /home/unitree/go2slam/unitree_ros2/install/unitree_go/share/unitree_go/msg/Go2FrontVideoData.json\n'}
[122.455036] (unitree_go) StdoutLine: {'line': b'-- Installing: /home/unitree/go2slam/unitree_ros2/install/unitree_go/share/unitree_go/msg/HeightMap.json\n'}
[122.455415] (unitree_go) StdoutLine: {'line': b'-- Installing: /home/unitree/go2slam/unitree_ros2/install/unitree_go/share/unitree_go/msg/IMUState.json\n'}
[122.455639] (unitree_go) StdoutLine: {'line': b'-- Installing: /home/unitree/go2slam/unitree_ros2/install/unitree_go/share/unitree_go/msg/InterfaceConfig.json\n'}
[122.455862] (unitree_go) StdoutLine: {'line': b'-- Installing: /home/unitree/go2slam/unitree_ros2/install/unitree_go/share/unitree_go/msg/LidarState.json\n'}
[122.456135] (unitree_go) StdoutLine: {'line': b'-- Installing: /home/unitree/go2slam/unitree_ros2/install/unitree_go/share/unitree_go/msg/LowCmd.json\n'}
[122.456421] (unitree_go) StdoutLine: {'line': b'-- Installing: /home/unitree/go2slam/unitree_ros2/install/unitree_go/share/unitree_go/msg/LowState.json\n'}
[122.456721] (unitree_go) StdoutLine: {'line': b'-- Installing: /home/unitree/go2slam/unitree_ros2/install/unitree_go/share/unitree_go/msg/MotorCmd.json\n'}
[122.457007] (unitree_go) StdoutLine: {'line': b'-- Installing: /home/unitree/go2slam/unitree_ros2/install/unitree_go/share/unitree_go/msg/MotorCmds.json\n'}
[122.457270] (unitree_go) StdoutLine: {'line': b'-- Installing: /home/unitree/go2slam/unitree_ros2/install/unitree_go/share/unitree_go/msg/MotorState.json\n'}
[122.457540] (unitree_go) StdoutLine: {'line': b'-- Installing: /home/unitree/go2slam/unitree_ros2/install/unitree_go/share/unitree_go/msg/MotorStates.json\n'}
[122.457804] (unitree_go) StdoutLine: {'line': b'-- Installing: /home/unitree/go2slam/unitree_ros2/install/unitree_go/share/unitree_go/msg/PathPoint.json\n'}
[122.458075] (unitree_go) StdoutLine: {'line': b'-- Installing: /home/unitree/go2slam/unitree_ros2/install/unitree_go/share/unitree_go/msg/Req.json\n'}
[122.458337] (unitree_go) StdoutLine: {'line': b'-- Installing: /home/unitree/go2slam/unitree_ros2/install/unitree_go/share/unitree_go/msg/Res.json\n'}
[122.458600] (unitree_go) StdoutLine: {'line': b'-- Installing: /home/unitree/go2slam/unitree_ros2/install/unitree_go/share/unitree_go/msg/SportModeCmd.json\n'}
[122.458872] (unitree_go) StdoutLine: {'line': b'-- Installing: /home/unitree/go2slam/unitree_ros2/install/unitree_go/share/unitree_go/msg/SportModeState.json\n'}
[122.459139] (unitree_go) StdoutLine: {'line': b'-- Installing: /home/unitree/go2slam/unitree_ros2/install/unitree_go/share/unitree_go/msg/TimeSpec.json\n'}
[122.459417] (unitree_go) StdoutLine: {'line': b'-- Installing: /home/unitree/go2slam/unitree_ros2/install/unitree_go/share/unitree_go/msg/UwbState.json\n'}
[122.459698] (unitree_go) StdoutLine: {'line': b'-- Installing: /home/unitree/go2slam/unitree_ros2/install/unitree_go/share/unitree_go/msg/UwbSwitch.json\n'}
[122.459975] (unitree_go) StdoutLine: {'line': b'-- Installing: /home/unitree/go2slam/unitree_ros2/install/unitree_go/share/unitree_go/msg/WirelessController.json\n'}
[122.460240] (unitree_go) StdoutLine: {'line': b'-- Installing: /home/unitree/go2slam/unitree_ros2/install/unitree_go/include/unitree_go/unitree_go\n'}
[122.460517] (unitree_go) StdoutLine: {'line': b'-- Installing: /home/unitree/go2slam/unitree_ros2/install/unitree_go/include/unitree_go/unitree_go/msg\n'}
[122.460724] (unitree_go) StdoutLine: {'line': b'-- Installing: /home/unitree/go2slam/unitree_ros2/install/unitree_go/include/unitree_go/unitree_go/msg/sport_mode_cmd.h\n'}
[122.460898] (unitree_go) StdoutLine: {'line': b'-- Installing: /home/unitree/go2slam/unitree_ros2/install/unitree_go/include/unitree_go/unitree_go/msg/path_point.h\n'}
[122.461105] (unitree_go) StdoutLine: {'line': b'-- Installing: /home/unitree/go2slam/unitree_ros2/install/unitree_go/include/unitree_go/unitree_go/msg/lidar_state.h\n'}
[122.461328] (unitree_go) StdoutLine: {'line': b'-- Installing: /home/unitree/go2slam/unitree_ros2/install/unitree_go/include/unitree_go/unitree_go/msg/time_spec.h\n'}
[122.461539] (unitree_go) StdoutLine: {'line': b'-- Installing: /home/unitree/go2slam/unitree_ros2/install/unitree_go/include/unitree_go/unitree_go/msg/low_cmd.h\n'}
[122.461753] (unitree_go) StdoutLine: {'line': b'-- Installing: /home/unitree/go2slam/unitree_ros2/install/unitree_go/include/unitree_go/unitree_go/msg/interface_config.h\n'}
[122.461964] (unitree_go) StdoutLine: {'line': b'-- Installing: /home/unitree/go2slam/unitree_ros2/install/unitree_go/include/unitree_go/unitree_go/msg/bms_state.h\n'}
[122.462173] (unitree_go) StdoutLine: {'line': b'-- Installing: /home/unitree/go2slam/unitree_ros2/install/unitree_go/include/unitree_go/unitree_go/msg/rosidl_generator_c__visibility_control.h\n'}
[122.462412] (unitree_go) StdoutLine: {'line': b'-- Installing: /home/unitree/go2slam/unitree_ros2/install/unitree_go/include/unitree_go/unitree_go/msg/req.h\n'}
[122.462621] (unitree_go) StdoutLine: {'line': b'-- Installing: /home/unitree/go2slam/unitree_ros2/install/unitree_go/include/unitree_go/unitree_go/msg/audio_data.h\n'}
[122.462817] (unitree_go) StdoutLine: {'line': b'-- Installing: /home/unitree/go2slam/unitree_ros2/install/unitree_go/include/unitree_go/unitree_go/msg/motor_cmd.h\n'}
[122.463024] (unitree_go) StdoutLine: {'line': b'-- Installing: /home/unitree/go2slam/unitree_ros2/install/unitree_go/include/unitree_go/unitree_go/msg/motor_states.h\n'}
[122.463241] (unitree_go) StdoutLine: {'line': b'-- Installing: /home/unitree/go2slam/unitree_ros2/install/unitree_go/include/unitree_go/unitree_go/msg/detail\n'}
[122.463552] (unitree_go) StdoutLine: {'line': b'-- Installing: /home/unitree/go2slam/unitree_ros2/install/unitree_go/include/unitree_go/unitree_go/msg/detail/height_map__struct.h\n'}
[122.463715] (-) TimerEvent: {}
[122.463963] (unitree_go) StdoutLine: {'line': b'-- Installing: /home/unitree/go2slam/unitree_ros2/install/unitree_go/include/unitree_go/unitree_go/msg/detail/motor_cmd__functions.c\n'}
[122.464240] (unitree_go) StdoutLine: {'line': b'-- Installing: /home/unitree/go2slam/unitree_ros2/install/unitree_go/include/unitree_go/unitree_go/msg/detail/imu_state__functions.c\n'}
[122.464536] (unitree_go) StdoutLine: {'line': b'-- Installing: /home/unitree/go2slam/unitree_ros2/install/unitree_go/include/unitree_go/unitree_go/msg/detail/motor_cmds__description.c\n'}
[122.464841] (unitree_go) StdoutLine: {'line': b'-- Installing: /home/unitree/go2slam/unitree_ros2/install/unitree_go/include/unitree_go/unitree_go/msg/detail/res__functions.h\n'}
[122.465068] (unitree_go) StdoutLine: {'line': b'-- Installing: /home/unitree/go2slam/unitree_ros2/install/unitree_go/include/unitree_go/unitree_go/msg/detail/sport_mode_cmd__type_support.c\n'}
[122.465299] (unitree_go) StdoutLine: {'line': b'-- Installing: /home/unitree/go2slam/unitree_ros2/install/unitree_go/include/unitree_go/unitree_go/msg/detail/go2_front_video_data__type_support.c\n'}
[122.465527] (unitree_go) StdoutLine: {'line': b'-- Installing: /home/unitree/go2slam/unitree_ros2/install/unitree_go/include/unitree_go/unitree_go/msg/detail/bms_cmd__type_support.c\n'}
[122.465752] (unitree_go) StdoutLine: {'line': b'-- Installing: /home/unitree/go2slam/unitree_ros2/install/unitree_go/include/unitree_go/unitree_go/msg/detail/bms_cmd__struct.h\n'}
[122.465979] (unitree_go) StdoutLine: {'line': b'-- Installing: /home/unitree/go2slam/unitree_ros2/install/unitree_go/include/unitree_go/unitree_go/msg/detail/audio_data__functions.h\n'}
[122.466202] (unitree_go) StdoutLine: {'line': b'-- Installing: /home/unitree/go2slam/unitree_ros2/install/unitree_go/include/unitree_go/unitree_go/msg/detail/go2_front_video_data__description.c\n'}
[122.466424] (unitree_go) StdoutLine: {'line': b'-- Installing: /home/unitree/go2slam/unitree_ros2/install/unitree_go/include/unitree_go/unitree_go/msg/detail/motor_states__type_support.h\n'}
[122.466585] (unitree_go) StdoutLine: {'line': b'-- Installing: /home/unitree/go2slam/unitree_ros2/install/unitree_go/include/unitree_go/unitree_go/msg/detail/imu_state__description.c\n'}
[122.466951] (unitree_go) StdoutLine: {'line': b'-- Installing: /home/unitree/go2slam/unitree_ros2/install/unitree_go/include/unitree_go/unitree_go/msg/detail/motor_cmds__type_support.h\n'}
[122.467353] (unitree_go) StdoutLine: {'line': b'-- Installing: /home/unitree/go2slam/unitree_ros2/install/unitree_go/include/unitree_go/unitree_go/msg/detail/lidar_state__type_support.h\n'}
[122.467526] (unitree_go) StdoutLine: {'line': b'-- Installing: /home/unitree/go2slam/unitree_ros2/install/unitree_go/include/unitree_go/unitree_go/msg/detail/time_spec__type_support.h\n'}
[122.467680] (unitree_go) StdoutLine: {'line': b'-- Installing: /home/unitree/go2slam/unitree_ros2/install/unitree_go/include/unitree_go/unitree_go/msg/detail/motor_cmds__type_support.c\n'}
[122.467977] (unitree_go) StdoutLine: {'line': b'-- Installing: /home/unitree/go2slam/unitree_ros2/install/unitree_go/include/unitree_go/unitree_go/msg/detail/sport_mode_cmd__description.c\n'}
[122.468243] (unitree_go) StdoutLine: {'line': b'-- Installing: /home/unitree/go2slam/unitree_ros2/install/unitree_go/include/unitree_go/unitree_go/msg/detail/low_state__type_support.c\n'}
[122.468546] (unitree_go) StdoutLine: {'line': b'-- Installing: /home/unitree/go2slam/unitree_ros2/install/unitree_go/include/unitree_go/unitree_go/msg/detail/go2_front_video_data__type_support.h\n'}
[122.468814] (unitree_go) StdoutLine: {'line': b'-- Installing: /home/unitree/go2slam/unitree_ros2/install/unitree_go/include/unitree_go/unitree_go/msg/detail/error__type_support.h\n'}
[122.469088] (unitree_go) StdoutLine: {'line': b'-- Installing: /home/unitree/go2slam/unitree_ros2/install/unitree_go/include/unitree_go/unitree_go/msg/detail/req__functions.c\n'}
[122.469398] (unitree_go) StdoutLine: {'line': b'-- Installing: /home/unitree/go2slam/unitree_ros2/install/unitree_go/include/unitree_go/unitree_go/msg/detail/interface_config__type_support.c\n'}
[122.469664] (unitree_go) StdoutLine: {'line': b'-- Installing: /home/unitree/go2slam/unitree_ros2/install/unitree_go/include/unitree_go/unitree_go/msg/detail/interface_config__type_support.h\n'}
[122.469907] (unitree_go) StdoutLine: {'line': b'-- Installing: /home/unitree/go2slam/unitree_ros2/install/unitree_go/include/unitree_go/unitree_go/msg/detail/imu_state__type_support.c\n'}
[122.470292] (unitree_go) StdoutLine: {'line': b'-- Installing: /home/unitree/go2slam/unitree_ros2/install/unitree_go/include/unitree_go/unitree_go/msg/detail/wireless_controller__functions.h\n'}
[122.470727] (unitree_go) StdoutLine: {'line': b'-- Installing: /home/unitree/go2slam/unitree_ros2/install/unitree_go/include/unitree_go/unitree_go/msg/detail/low_state__struct.h\n'}
[122.471018] (unitree_go) StdoutLine: {'line': b'-- Installing: /home/unitree/go2slam/unitree_ros2/install/unitree_go/include/unitree_go/unitree_go/msg/detail/res__description.c\n'}
[122.471268] (unitree_go) StdoutLine: {'line': b'-- Installing: /home/unitree/go2slam/unitree_ros2/install/unitree_go/include/unitree_go/unitree_go/msg/detail/go2_front_video_data__struct.h\n'}
[122.471519] (unitree_go) StdoutLine: {'line': b'-- Installing: /home/unitree/go2slam/unitree_ros2/install/unitree_go/include/unitree_go/unitree_go/msg/detail/req__type_support.c\n'}
[122.471801] (unitree_go) StdoutLine: {'line': b'-- Installing: /home/unitree/go2slam/unitree_ros2/install/unitree_go/include/unitree_go/unitree_go/msg/detail/interface_config__description.c\n'}
[122.471978] (unitree_go) StdoutLine: {'line': b'-- Installing: /home/unitree/go2slam/unitree_ros2/install/unitree_go/include/unitree_go/unitree_go/msg/detail/low_state__type_support.h\n'}
[122.472222] (unitree_go) StdoutLine: {'line': b'-- Installing: /home/unitree/go2slam/unitree_ros2/install/unitree_go/include/unitree_go/unitree_go/msg/detail/low_state__description.c\n'}
[122.472440] (unitree_go) StdoutLine: {'line': b'-- Installing: /home/unitree/go2slam/unitree_ros2/install/unitree_go/include/unitree_go/unitree_go/msg/detail/lidar_state__functions.c\n'}
[122.472653] (unitree_go) StdoutLine: {'line': b'-- Installing: /home/unitree/go2slam/unitree_ros2/install/unitree_go/include/unitree_go/unitree_go/msg/detail/time_spec__type_support.c\n'}
[122.472847] (unitree_go) StdoutLine: {'line': b'-- Installing: /home/unitree/go2slam/unitree_ros2/install/unitree_go/include/unitree_go/unitree_go/msg/detail/lidar_state__type_support.c\n'}
[122.473033] (unitree_go) StdoutLine: {'line': b'-- Installing: /home/unitree/go2slam/unitree_ros2/install/unitree_go/include/unitree_go/unitree_go/msg/detail/motor_cmds__struct.h\n'}
[122.473213] (unitree_go) StdoutLine: {'line': b'-- Installing: /home/unitree/go2slam/unitree_ros2/install/unitree_go/include/unitree_go/unitree_go/msg/detail/height_map__type_support.h\n'}
[122.473366] (unitree_go) StdoutLine: {'line': b'-- Installing: /home/unitree/go2slam/unitree_ros2/install/unitree_go/include/unitree_go/unitree_go/msg/detail/time_spec__description.c\n'}
[122.473547] (unitree_go) StdoutLine: {'line': b'-- Installing: /home/unitree/go2slam/unitree_ros2/install/unitree_go/include/unitree_go/unitree_go/msg/detail/path_point__description.c\n'}
[122.473729] (unitree_go) StdoutLine: {'line': b'-- Installing: /home/unitree/go2slam/unitree_ros2/install/unitree_go/include/unitree_go/unitree_go/msg/detail/motor_state__description.c\n'}
[122.473969] (unitree_go) StdoutLine: {'line': b'-- Installing: /home/unitree/go2slam/unitree_ros2/install/unitree_go/include/unitree_go/unitree_go/msg/detail/uwb_switch__functions.c\n'}
[122.474156] (unitree_go) StdoutLine: {'line': b'-- Installing: /home/unitree/go2slam/unitree_ros2/install/unitree_go/include/unitree_go/unitree_go/msg/detail/audio_data__description.c\n'}
[122.474359] (unitree_go) StdoutLine: {'line': b'-- Installing: /home/unitree/go2slam/unitree_ros2/install/unitree_go/include/unitree_go/unitree_go/msg/detail/low_cmd__description.c\n'}
[122.474519] (unitree_go) StdoutLine: {'line': b'-- Installing: /home/unitree/go2slam/unitree_ros2/install/unitree_go/include/unitree_go/unitree_go/msg/detail/path_point__type_support.c\n'}
[122.475481] (unitree_go) StdoutLine: {'line': b'-- Installing: /home/unitree/go2slam/unitree_ros2/install/unitree_go/include/unitree_go/unitree_go/msg/detail/motor_states__functions.c\n'}
[122.475647] (unitree_go) StdoutLine: {'line': b'-- Installing: /home/unitree/go2slam/unitree_ros2/install/unitree_go/include/unitree_go/unitree_go/msg/detail/low_cmd__type_support.c\n'}
[122.475837] (unitree_go) StdoutLine: {'line': b'-- Installing: /home/unitree/go2slam/unitree_ros2/install/unitree_go/include/unitree_go/unitree_go/msg/detail/sport_mode_state__type_support.c\n'}
[122.476023] (unitree_go) StdoutLine: {'line': b'-- Installing: /home/unitree/go2slam/unitree_ros2/install/unitree_go/include/unitree_go/unitree_go/msg/detail/interface_config__functions.c\n'}
[122.476203] (unitree_go) StdoutLine: {'line': b'-- Installing: /home/unitree/go2slam/unitree_ros2/install/unitree_go/include/unitree_go/unitree_go/msg/detail/motor_state__struct.h\n'}
[122.476355] (unitree_go) StdoutLine: {'line': b'-- Installing: /home/unitree/go2slam/unitree_ros2/install/unitree_go/include/unitree_go/unitree_go/msg/detail/low_cmd__type_support.h\n'}
[122.476617] (unitree_go) StdoutLine: {'line': b'-- Installing: /home/unitree/go2slam/unitree_ros2/install/unitree_go/include/unitree_go/unitree_go/msg/detail/motor_cmds__functions.c\n'}
[122.476814] (unitree_go) StdoutLine: {'line': b'-- Installing: /home/unitree/go2slam/unitree_ros2/install/unitree_go/include/unitree_go/unitree_go/msg/detail/audio_data__functions.c\n'}
[122.477002] (unitree_go) StdoutLine: {'line': b'-- Installing: /home/unitree/go2slam/unitree_ros2/install/unitree_go/include/unitree_go/unitree_go/msg/detail/wireless_controller__description.c\n'}
[122.477204] (unitree_go) StdoutLine: {'line': b'-- Installing: /home/unitree/go2slam/unitree_ros2/install/unitree_go/include/unitree_go/unitree_go/msg/detail/go2_front_video_data__functions.c\n'}
[122.477417] (unitree_go) StdoutLine: {'line': b'-- Installing: /home/unitree/go2slam/unitree_ros2/install/unitree_go/include/unitree_go/unitree_go/msg/detail/path_point__functions.h\n'}
[122.477599] (unitree_go) StdoutLine: {'line': b'-- Installing: /home/unitree/go2slam/unitree_ros2/install/unitree_go/include/unitree_go/unitree_go/msg/detail/wireless_controller__struct.h\n'}
[122.477757] (unitree_go) StdoutLine: {'line': b'-- Installing: /home/unitree/go2slam/unitree_ros2/install/unitree_go/include/unitree_go/unitree_go/msg/detail/height_map__functions.c\n'}
[122.477939] (unitree_go) StdoutLine: {'line': b'-- Installing: /home/unitree/go2slam/unitree_ros2/install/unitree_go/include/unitree_go/unitree_go/msg/detail/uwb_state__functions.h\n'}
[122.478125] (unitree_go) StdoutLine: {'line': b'-- Installing: /home/unitree/go2slam/unitree_ros2/install/unitree_go/include/unitree_go/unitree_go/msg/detail/time_spec__struct.h\n'}
[122.478301] (unitree_go) StdoutLine: {'line': b'-- Installing: /home/unitree/go2slam/unitree_ros2/install/unitree_go/include/unitree_go/unitree_go/msg/detail/uwb_state__functions.c\n'}
[122.478479] (unitree_go) StdoutLine: {'line': b'-- Installing: /home/unitree/go2slam/unitree_ros2/install/unitree_go/include/unitree_go/unitree_go/msg/detail/path_point__struct.h\n'}
[122.478637] (unitree_go) StdoutLine: {'line': b'-- Installing: /home/unitree/go2slam/unitree_ros2/install/unitree_go/include/unitree_go/unitree_go/msg/detail/motor_cmds__functions.h\n'}
[122.478819] (unitree_go) StdoutLine: {'line': b'-- Installing: /home/unitree/go2slam/unitree_ros2/install/unitree_go/include/unitree_go/unitree_go/msg/detail/bms_cmd__type_support.h\n'}
[122.479018] (unitree_go) StdoutLine: {'line': b'-- Installing: /home/unitree/go2slam/unitree_ros2/install/unitree_go/include/unitree_go/unitree_go/msg/detail/audio_data__type_support.c\n'}
[122.479201] (unitree_go) StdoutLine: {'line': b'-- Installing: /home/unitree/go2slam/unitree_ros2/install/unitree_go/include/unitree_go/unitree_go/msg/detail/wireless_controller__type_support.c\n'}
[122.479405] (unitree_go) StdoutLine: {'line': b'-- Installing: /home/unitree/go2slam/unitree_ros2/install/unitree_go/include/unitree_go/unitree_go/msg/detail/motor_cmd__type_support.h\n'}
[122.479590] (unitree_go) StdoutLine: {'line': b'-- Installing: /home/unitree/go2slam/unitree_ros2/install/unitree_go/include/unitree_go/unitree_go/msg/detail/sport_mode_cmd__type_support.h\n'}
[122.479749] (unitree_go) StdoutLine: {'line': b'-- Installing: /home/unitree/go2slam/unitree_ros2/install/unitree_go/include/unitree_go/unitree_go/msg/detail/uwb_state__description.c\n'}
[122.479924] (unitree_go) StdoutLine: {'line': b'-- Installing: /home/unitree/go2slam/unitree_ros2/install/unitree_go/include/unitree_go/unitree_go/msg/detail/uwb_switch__functions.h\n'}
[122.480104] (unitree_go) StdoutLine: {'line': b'-- Installing: /home/unitree/go2slam/unitree_ros2/install/unitree_go/include/unitree_go/unitree_go/msg/detail/go2_front_video_data__functions.h\n'}
[122.480279] (unitree_go) StdoutLine: {'line': b'-- Installing: /home/unitree/go2slam/unitree_ros2/install/unitree_go/include/unitree_go/unitree_go/msg/detail/uwb_state__type_support.c\n'}
[122.480472] (unitree_go) StdoutLine: {'line': b'-- Installing: /home/unitree/go2slam/unitree_ros2/install/unitree_go/include/unitree_go/unitree_go/msg/detail/motor_cmd__description.c\n'}
[122.480718] (unitree_go) StdoutLine: {'line': b'-- Installing: /home/unitree/go2slam/unitree_ros2/install/unitree_go/include/unitree_go/unitree_go/msg/detail/bms_cmd__functions.h\n'}
[122.480927] (unitree_go) StdoutLine: {'line': b'-- Installing: /home/unitree/go2slam/unitree_ros2/install/unitree_go/include/unitree_go/unitree_go/msg/detail/uwb_switch__type_support.h\n'}
[122.481166] (unitree_go) StdoutLine: {'line': b'-- Installing: /home/unitree/go2slam/unitree_ros2/install/unitree_go/include/unitree_go/unitree_go/msg/detail/bms_state__functions.c\n'}
[122.481393] (unitree_go) StdoutLine: {'line': b'-- Installing: /home/unitree/go2slam/unitree_ros2/install/unitree_go/include/unitree_go/unitree_go/msg/detail/error__description.c\n'}
[122.481622] (unitree_go) StdoutLine: {'line': b'-- Installing: /home/unitree/go2slam/unitree_ros2/install/unitree_go/include/unitree_go/unitree_go/msg/detail/motor_state__functions.h\n'}
[122.481848] (unitree_go) StdoutLine: {'line': b'-- Installing: /home/unitree/go2slam/unitree_ros2/install/unitree_go/include/unitree_go/unitree_go/msg/detail/sport_mode_cmd__functions.h\n'}
[122.482075] (unitree_go) StdoutLine: {'line': b'-- Installing: /home/unitree/go2slam/unitree_ros2/install/unitree_go/include/unitree_go/unitree_go/msg/detail/low_state__functions.c\n'}
[122.482318] (unitree_go) StdoutLine: {'line': b'-- Installing: /home/unitree/go2slam/unitree_ros2/install/unitree_go/include/unitree_go/unitree_go/msg/detail/bms_state__description.c\n'}
[122.482568] (unitree_go) StdoutLine: {'line': b'-- Installing: /home/unitree/go2slam/unitree_ros2/install/unitree_go/include/unitree_go/unitree_go/msg/detail/lidar_state__struct.h\n'}
[122.482790] (unitree_go) StdoutLine: {'line': b'-- Installing: /home/unitree/go2slam/unitree_ros2/install/unitree_go/include/unitree_go/unitree_go/msg/detail/imu_state__type_support.h\n'}
[122.483007] (unitree_go) StdoutLine: {'line': b'-- Installing: /home/unitree/go2slam/unitree_ros2/install/unitree_go/include/unitree_go/unitree_go/msg/detail/motor_states__description.c\n'}
[122.483234] (unitree_go) StdoutLine: {'line': b'-- Installing: /home/unitree/go2slam/unitree_ros2/install/unitree_go/include/unitree_go/unitree_go/msg/detail/sport_mode_state__type_support.h\n'}
[122.483526] (unitree_go) StdoutLine: {'line': b'-- Installing: /home/unitree/go2slam/unitree_ros2/install/unitree_go/include/unitree_go/unitree_go/msg/detail/sport_mode_state__description.c\n'}
[122.483767] (unitree_go) StdoutLine: {'line': b'-- Installing: /home/unitree/go2slam/unitree_ros2/install/unitree_go/include/unitree_go/unitree_go/msg/detail/low_cmd__functions.h\n'}
[122.484009] (unitree_go) StdoutLine: {'line': b'-- Installing: /home/unitree/go2slam/unitree_ros2/install/unitree_go/include/unitree_go/unitree_go/msg/detail/motor_cmd__functions.h\n'}
[122.484242] (unitree_go) StdoutLine: {'line': b'-- Installing: /home/unitree/go2slam/unitree_ros2/install/unitree_go/include/unitree_go/unitree_go/msg/detail/res__type_support.h\n'}
[122.484444] (unitree_go) StdoutLine: {'line': b'-- Installing: /home/unitree/go2slam/unitree_ros2/install/unitree_go/include/unitree_go/unitree_go/msg/detail/req__type_support.h\n'}
[122.484679] (unitree_go) StdoutLine: {'line': b'-- Installing: /home/unitree/go2slam/unitree_ros2/install/unitree_go/include/unitree_go/unitree_go/msg/detail/time_spec__functions.h\n'}
[122.485258] (unitree_go) StdoutLine: {'line': b'-- Installing: /home/unitree/go2slam/unitree_ros2/install/unitree_go/include/unitree_go/unitree_go/msg/detail/sport_mode_cmd__functions.c\n'}
[122.485490] (unitree_go) StdoutLine: {'line': b'-- Installing: /home/unitree/go2slam/unitree_ros2/install/unitree_go/include/unitree_go/unitree_go/msg/detail/motor_state__type_support.c\n'}
[122.485790] (unitree_go) StdoutLine: {'line': b'-- Installing: /home/unitree/go2slam/unitree_ros2/install/unitree_go/include/unitree_go/unitree_go/msg/detail/bms_state__struct.h\n'}
[122.488021] (unitree_go) StdoutLine: {'line': b'-- Installing: /home/unitree/go2slam/unitree_ros2/install/unitree_go/include/unitree_go/unitree_go/msg/detail/bms_state__type_support.h\n'}
[122.488391] (unitree_go) StdoutLine: {'line': b'-- Installing: /home/unitree/go2slam/unitree_ros2/install/unitree_go/include/unitree_go/unitree_go/msg/detail/lidar_state__description.c\n'}
[122.488579] (unitree_go) StdoutLine: {'line': b'-- Installing: /home/unitree/go2slam/unitree_ros2/install/unitree_go/include/unitree_go/unitree_go/msg/detail/uwb_switch__struct.h\n'}
[122.488777] (unitree_go) StdoutLine: {'line': b'-- Installing: /home/unitree/go2slam/unitree_ros2/install/unitree_go/include/unitree_go/unitree_go/msg/detail/path_point__functions.c\n'}
[122.489051] (unitree_go) StdoutLine: {'line': b'-- Installing: /home/unitree/go2slam/unitree_ros2/install/unitree_go/include/unitree_go/unitree_go/msg/detail/error__type_support.c\n'}
[122.489215] (unitree_go) StdoutLine: {'line': b'-- Installing: /home/unitree/go2slam/unitree_ros2/install/unitree_go/include/unitree_go/unitree_go/msg/detail/bms_cmd__description.c\n'}
[122.489419] (unitree_go) StdoutLine: {'line': b'-- Installing: /home/unitree/go2slam/unitree_ros2/install/unitree_go/include/unitree_go/unitree_go/msg/detail/height_map__description.c\n'}
[122.489646] (unitree_go) StdoutLine: {'line': b'-- Installing: /home/unitree/go2slam/unitree_ros2/install/unitree_go/include/unitree_go/unitree_go/msg/detail/sport_mode_state__functions.c\n'}
[122.489838] (unitree_go) StdoutLine: {'line': b'-- Installing: /home/unitree/go2slam/unitree_ros2/install/unitree_go/include/unitree_go/unitree_go/msg/detail/req__functions.h\n'}
[122.490042] (unitree_go) StdoutLine: {'line': b'-- Installing: /home/unitree/go2slam/unitree_ros2/install/unitree_go/include/unitree_go/unitree_go/msg/detail/wireless_controller__type_support.h\n'}
[122.490238] (unitree_go) StdoutLine: {'line': b'-- Installing: /home/unitree/go2slam/unitree_ros2/install/unitree_go/include/unitree_go/unitree_go/msg/detail/motor_cmd__type_support.c\n'}
[122.490437] (unitree_go) StdoutLine: {'line': b'-- Installing: /home/unitree/go2slam/unitree_ros2/install/unitree_go/include/unitree_go/unitree_go/msg/detail/lidar_state__functions.h\n'}
[122.490626] (unitree_go) StdoutLine: {'line': b'-- Installing: /home/unitree/go2slam/unitree_ros2/install/unitree_go/include/unitree_go/unitree_go/msg/detail/time_spec__functions.c\n'}
[122.490784] (unitree_go) StdoutLine: {'line': b'-- Installing: /home/unitree/go2slam/unitree_ros2/install/unitree_go/include/unitree_go/unitree_go/msg/detail/bms_state__functions.h\n'}
[122.490956] (unitree_go) StdoutLine: {'line': b'-- Installing: /home/unitree/go2slam/unitree_ros2/install/unitree_go/include/unitree_go/unitree_go/msg/detail/res__struct.h\n'}
[122.491177] (unitree_go) StdoutLine: {'line': b'-- Installing: /home/unitree/go2slam/unitree_ros2/install/unitree_go/include/unitree_go/unitree_go/msg/detail/motor_states__type_support.c\n'}
[122.491358] (unitree_go) StdoutLine: {'line': b'-- Installing: /home/unitree/go2slam/unitree_ros2/install/unitree_go/include/unitree_go/unitree_go/msg/detail/error__functions.h\n'}
[122.491519] (unitree_go) StdoutLine: {'line': b'-- Installing: /home/unitree/go2slam/unitree_ros2/install/unitree_go/include/unitree_go/unitree_go/msg/detail/bms_state__type_support.c\n'}
[122.491675] (unitree_go) StdoutLine: {'line': b'-- Installing: /home/unitree/go2slam/unitree_ros2/install/unitree_go/include/unitree_go/unitree_go/msg/detail/motor_states__struct.h\n'}
[122.491926] (unitree_go) StdoutLine: {'line': b'-- Installing: /home/unitree/go2slam/unitree_ros2/install/unitree_go/include/unitree_go/unitree_go/msg/detail/error__struct.h\n'}
[122.492111] (unitree_go) StdoutLine: {'line': b'-- Installing: /home/unitree/go2slam/unitree_ros2/install/unitree_go/include/unitree_go/unitree_go/msg/detail/req__struct.h\n'}
[122.492270] (unitree_go) StdoutLine: {'line': b'-- Installing: /home/unitree/go2slam/unitree_ros2/install/unitree_go/include/unitree_go/unitree_go/msg/detail/req__description.c\n'}
[122.492499] (unitree_go) StdoutLine: {'line': b'-- Installing: /home/unitree/go2slam/unitree_ros2/install/unitree_go/include/unitree_go/unitree_go/msg/detail/sport_mode_state__struct.h\n'}
[122.492736] (unitree_go) StdoutLine: {'line': b'-- Installing: /home/unitree/go2slam/unitree_ros2/install/unitree_go/include/unitree_go/unitree_go/msg/detail/low_cmd__struct.h\n'}
[122.492964] (unitree_go) StdoutLine: {'line': b'-- Installing: /home/unitree/go2slam/unitree_ros2/install/unitree_go/include/unitree_go/unitree_go/msg/detail/interface_config__functions.h\n'}
[122.493155] (unitree_go) StdoutLine: {'line': b'-- Installing: /home/unitree/go2slam/unitree_ros2/install/unitree_go/include/unitree_go/unitree_go/msg/detail/imu_state__functions.h\n'}
[122.494100] (unitree_go) StdoutLine: {'line': b'-- Installing: /home/unitree/go2slam/unitree_ros2/install/unitree_go/include/unitree_go/unitree_go/msg/detail/audio_data__type_support.h\n'}
[122.494343] (unitree_go) StdoutLine: {'line': b'-- Installing: /home/unitree/go2slam/unitree_ros2/install/unitree_go/include/unitree_go/unitree_go/msg/detail/uwb_switch__description.c\n'}
[122.494515] (unitree_go) StdoutLine: {'line': b'-- Installing: /home/unitree/go2slam/unitree_ros2/install/unitree_go/include/unitree_go/unitree_go/msg/detail/sport_mode_state__functions.h\n'}
[122.494927] (unitree_go) StdoutLine: {'line': b'-- Installing: /home/unitree/go2slam/unitree_ros2/install/unitree_go/include/unitree_go/unitree_go/msg/detail/bms_cmd__functions.c\n'}
[122.495158] (unitree_go) StdoutLine: {'line': b'-- Installing: /home/unitree/go2slam/unitree_ros2/install/unitree_go/include/unitree_go/unitree_go/msg/detail/uwb_state__type_support.h\n'}
[122.495376] (unitree_go) StdoutLine: {'line': b'-- Installing: /home/unitree/go2slam/unitree_ros2/install/unitree_go/include/unitree_go/unitree_go/msg/detail/path_point__type_support.h\n'}
[122.495559] (unitree_go) StdoutLine: {'line': b'-- Installing: /home/unitree/go2slam/unitree_ros2/install/unitree_go/include/unitree_go/unitree_go/msg/detail/motor_states__functions.h\n'}
[122.495722] (unitree_go) StdoutLine: {'line': b'-- Installing: /home/unitree/go2slam/unitree_ros2/install/unitree_go/include/unitree_go/unitree_go/msg/detail/height_map__type_support.c\n'}
[122.495881] (unitree_go) StdoutLine: {'line': b'-- Installing: /home/unitree/go2slam/unitree_ros2/install/unitree_go/include/unitree_go/unitree_go/msg/detail/low_cmd__functions.c\n'}
[122.496056] (unitree_go) StdoutLine: {'line': b'-- Installing: /home/unitree/go2slam/unitree_ros2/install/unitree_go/include/unitree_go/unitree_go/msg/detail/res__functions.c\n'}
[122.496229] (unitree_go) StdoutLine: {'line': b'-- Installing: /home/unitree/go2slam/unitree_ros2/install/unitree_go/include/unitree_go/unitree_go/msg/detail/imu_state__struct.h\n'}
[122.496380] (unitree_go) StdoutLine: {'line': b'-- Installing: /home/unitree/go2slam/unitree_ros2/install/unitree_go/include/unitree_go/unitree_go/msg/detail/uwb_switch__type_support.c\n'}
[122.496530] (unitree_go) StdoutLine: {'line': b'-- Installing: /home/unitree/go2slam/unitree_ros2/install/unitree_go/include/unitree_go/unitree_go/msg/detail/motor_state__functions.c\n'}
[122.496679] (unitree_go) StdoutLine: {'line': b'-- Installing: /home/unitree/go2slam/unitree_ros2/install/unitree_go/include/unitree_go/unitree_go/msg/detail/height_map__functions.h\n'}
[122.497795] (unitree_go) StdoutLine: {'line': b'-- Installing: /home/unitree/go2slam/unitree_ros2/install/unitree_go/include/unitree_go/unitree_go/msg/detail/sport_mode_cmd__struct.h\n'}
[122.498155] (unitree_go) StdoutLine: {'line': b'-- Installing: /home/unitree/go2slam/unitree_ros2/install/unitree_go/include/unitree_go/unitree_go/msg/detail/wireless_controller__functions.c\n'}
[122.498448] (unitree_go) StdoutLine: {'line': b'-- Installing: /home/unitree/go2slam/unitree_ros2/install/unitree_go/include/unitree_go/unitree_go/msg/detail/uwb_state__struct.h\n'}
[122.498690] (unitree_go) StdoutLine: {'line': b'-- Installing: /home/unitree/go2slam/unitree_ros2/install/unitree_go/include/unitree_go/unitree_go/msg/detail/audio_data__struct.h\n'}
[122.498923] (unitree_go) StdoutLine: {'line': b'-- Installing: /home/unitree/go2slam/unitree_ros2/install/unitree_go/include/unitree_go/unitree_go/msg/detail/low_state__functions.h\n'}
[122.499168] (unitree_go) StdoutLine: {'line': b'-- Installing: /home/unitree/go2slam/unitree_ros2/install/unitree_go/include/unitree_go/unitree_go/msg/detail/res__type_support.c\n'}
[122.499411] (unitree_go) StdoutLine: {'line': b'-- Installing: /home/unitree/go2slam/unitree_ros2/install/unitree_go/include/unitree_go/unitree_go/msg/detail/motor_state__type_support.h\n'}
[122.499575] (unitree_go) StdoutLine: {'line': b'-- Installing: /home/unitree/go2slam/unitree_ros2/install/unitree_go/include/unitree_go/unitree_go/msg/detail/motor_cmd__struct.h\n'}
[122.499808] (unitree_go) StdoutLine: {'line': b'-- Installing: /home/unitree/go2slam/unitree_ros2/install/unitree_go/include/unitree_go/unitree_go/msg/detail/interface_config__struct.h\n'}
[122.500027] (unitree_go) StdoutLine: {'line': b'-- Installing: /home/unitree/go2slam/unitree_ros2/install/unitree_go/include/unitree_go/unitree_go/msg/detail/error__functions.c\n'}
[122.500243] (unitree_go) StdoutLine: {'line': b'-- Installing: /home/unitree/go2slam/unitree_ros2/install/unitree_go/include/unitree_go/unitree_go/msg/motor_cmds.h\n'}
[122.500463] (unitree_go) StdoutLine: {'line': b'-- Installing: /home/unitree/go2slam/unitree_ros2/install/unitree_go/include/unitree_go/unitree_go/msg/low_state.h\n'}
[122.500621] (unitree_go) StdoutLine: {'line': b'-- Installing: /home/unitree/go2slam/unitree_ros2/install/unitree_go/include/unitree_go/unitree_go/msg/uwb_state.h\n'}
[122.500810] (unitree_go) StdoutLine: {'line': b'-- Installing: /home/unitree/go2slam/unitree_ros2/install/unitree_go/include/unitree_go/unitree_go/msg/go2_front_video_data.h\n'}
[122.501046] (unitree_go) StdoutLine: {'line': b'-- Installing: /home/unitree/go2slam/unitree_ros2/install/unitree_go/include/unitree_go/unitree_go/msg/bms_cmd.h\n'}
[122.501203] (unitree_go) StdoutLine: {'line': b'-- Installing: /home/unitree/go2slam/unitree_ros2/install/unitree_go/include/unitree_go/unitree_go/msg/imu_state.h\n'}
[122.501431] (unitree_go) StdoutLine: {'line': b'-- Installing: /home/unitree/go2slam/unitree_ros2/install/unitree_go/include/unitree_go/unitree_go/msg/sport_mode_state.h\n'}
[122.501590] (unitree_go) StdoutLine: {'line': b'-- Installing: /home/unitree/go2slam/unitree_ros2/install/unitree_go/include/unitree_go/unitree_go/msg/error.h\n'}
[122.501826] (unitree_go) StdoutLine: {'line': b'-- Installing: /home/unitree/go2slam/unitree_ros2/install/unitree_go/include/unitree_go/unitree_go/msg/motor_state.h\n'}
[122.501989] (unitree_go) StdoutLine: {'line': b'-- Installing: /home/unitree/go2slam/unitree_ros2/install/unitree_go/include/unitree_go/unitree_go/msg/res.h\n'}
[122.502142] (unitree_go) StdoutLine: {'line': b'-- Installing: /home/unitree/go2slam/unitree_ros2/install/unitree_go/include/unitree_go/unitree_go/msg/wireless_controller.h\n'}
[122.502293] (unitree_go) StdoutLine: {'line': b'-- Installing: /home/unitree/go2slam/unitree_ros2/install/unitree_go/include/unitree_go/unitree_go/msg/uwb_switch.h\n'}
[122.502442] (unitree_go) StdoutLine: {'line': b'-- Installing: /home/unitree/go2slam/unitree_ros2/install/unitree_go/include/unitree_go/unitree_go/msg/height_map.h\n'}
[122.502589] (unitree_go) StdoutLine: {'line': b'-- Installing: /home/unitree/go2slam/unitree_ros2/install/unitree_go/share/unitree_go/environment/library_path.sh\n'}
[122.502737] (unitree_go) StdoutLine: {'line': b'-- Installing: /home/unitree/go2slam/unitree_ros2/install/unitree_go/share/unitree_go/environment/library_path.dsv\n'}
[122.502898] (unitree_go) StdoutLine: {'line': b'-- Installing: /home/unitree/go2slam/unitree_ros2/install/unitree_go/lib/libunitree_go__rosidl_generator_c.so\n'}
[122.503223] (unitree_go) StdoutLine: {'line': b'-- Set non-toolchain portion of runtime path of "/home/unitree/go2slam/unitree_ros2/install/unitree_go/lib/libunitree_go__rosidl_generator_c.so" to ""\n'}
[122.503640] (unitree_go) StdoutLine: {'line': b'-- Up-to-date: /home/unitree/go2slam/unitree_ros2/install/unitree_go/include/unitree_go/unitree_go\n'}
[122.503865] (unitree_go) StdoutLine: {'line': b'-- Up-to-date: /home/unitree/go2slam/unitree_ros2/install/unitree_go/include/unitree_go/unitree_go/msg\n'}
[122.504074] (unitree_go) StdoutLine: {'line': b'-- Installing: /home/unitree/go2slam/unitree_ros2/install/unitree_go/include/unitree_go/unitree_go/msg/rosidl_typesupport_fastrtps_c__visibility_control.h\n'}
[122.504276] (unitree_go) StdoutLine: {'line': b'-- Up-to-date: /home/unitree/go2slam/unitree_ros2/install/unitree_go/include/unitree_go/unitree_go/msg/detail\n'}
[122.504440] (unitree_go) StdoutLine: {'line': b'-- Installing: /home/unitree/go2slam/unitree_ros2/install/unitree_go/include/unitree_go/unitree_go/msg/detail/error__rosidl_typesupport_fastrtps_c.h\n'}
[122.504997] (unitree_go) StdoutLine: {'line': b'-- Installing: /home/unitree/go2slam/unitree_ros2/install/unitree_go/include/unitree_go/unitree_go/msg/detail/motor_states__rosidl_typesupport_fastrtps_c.h\n'}
[122.505361] (unitree_go) StdoutLine: {'line': b'-- Installing: /home/unitree/go2slam/unitree_ros2/install/unitree_go/include/unitree_go/unitree_go/msg/detail/uwb_switch__rosidl_typesupport_fastrtps_c.h\n'}
[122.505558] (unitree_go) StdoutLine: {'line': b'-- Installing: /home/unitree/go2slam/unitree_ros2/install/unitree_go/include/unitree_go/unitree_go/msg/detail/imu_state__rosidl_typesupport_fastrtps_c.h\n'}
[122.505884] (unitree_go) StdoutLine: {'line': b'-- Installing: /home/unitree/go2slam/unitree_ros2/install/unitree_go/include/unitree_go/unitree_go/msg/detail/res__rosidl_typesupport_fastrtps_c.h\n'}
[122.506052] (unitree_go) StdoutLine: {'line': b'-- Installing: /home/unitree/go2slam/unitree_ros2/install/unitree_go/include/unitree_go/unitree_go/msg/detail/height_map__rosidl_typesupport_fastrtps_c.h\n'}
[122.506259] (unitree_go) StdoutLine: {'line': b'-- Installing: /home/unitree/go2slam/unitree_ros2/install/unitree_go/include/unitree_go/unitree_go/msg/detail/motor_cmds__rosidl_typesupport_fastrtps_c.h\n'}
[122.506467] (unitree_go) StdoutLine: {'line': b'-- Installing: /home/unitree/go2slam/unitree_ros2/install/unitree_go/include/unitree_go/unitree_go/msg/detail/sport_mode_state__rosidl_typesupport_fastrtps_c.h\n'}
[122.506671] (unitree_go) StdoutLine: {'line': b'-- Installing: /home/unitree/go2slam/unitree_ros2/install/unitree_go/include/unitree_go/unitree_go/msg/detail/go2_front_video_data__rosidl_typesupport_fastrtps_c.h\n'}
[122.506893] (unitree_go) StdoutLine: {'line': b'-- Installing: /home/unitree/go2slam/unitree_ros2/install/unitree_go/include/unitree_go/unitree_go/msg/detail/low_cmd__rosidl_typesupport_fastrtps_c.h\n'}
[122.507097] (unitree_go) StdoutLine: {'line': b'-- Installing: /home/unitree/go2slam/unitree_ros2/install/unitree_go/include/unitree_go/unitree_go/msg/detail/audio_data__rosidl_typesupport_fastrtps_c.h\n'}
[122.507316] (unitree_go) StdoutLine: {'line': b'-- Installing: /home/unitree/go2slam/unitree_ros2/install/unitree_go/include/unitree_go/unitree_go/msg/detail/bms_state__rosidl_typesupport_fastrtps_c.h\n'}
[122.507495] (unitree_go) StdoutLine: {'line': b'-- Installing: /home/unitree/go2slam/unitree_ros2/install/unitree_go/include/unitree_go/unitree_go/msg/detail/path_point__rosidl_typesupport_fastrtps_c.h\n'}
[122.507675] (unitree_go) StdoutLine: {'line': b'-- Installing: /home/unitree/go2slam/unitree_ros2/install/unitree_go/include/unitree_go/unitree_go/msg/detail/motor_cmd__rosidl_typesupport_fastrtps_c.h\n'}
[122.507826] (unitree_go) StdoutLine: {'line': b'-- Installing: /home/unitree/go2slam/unitree_ros2/install/unitree_go/include/unitree_go/unitree_go/msg/detail/req__rosidl_typesupport_fastrtps_c.h\n'}
[122.508014] (unitree_go) StdoutLine: {'line': b'-- Installing: /home/unitree/go2slam/unitree_ros2/install/unitree_go/include/unitree_go/unitree_go/msg/detail/uwb_state__rosidl_typesupport_fastrtps_c.h\n'}
[122.508215] (unitree_go) StdoutLine: {'line': b'-- Installing: /home/unitree/go2slam/unitree_ros2/install/unitree_go/include/unitree_go/unitree_go/msg/detail/interface_config__rosidl_typesupport_fastrtps_c.h\n'}
[122.508415] (unitree_go) StdoutLine: {'line': b'-- Installing: /home/unitree/go2slam/unitree_ros2/install/unitree_go/include/unitree_go/unitree_go/msg/detail/low_state__rosidl_typesupport_fastrtps_c.h\n'}
[122.508605] (unitree_go) StdoutLine: {'line': b'-- Installing: /home/unitree/go2slam/unitree_ros2/install/unitree_go/include/unitree_go/unitree_go/msg/detail/time_spec__rosidl_typesupport_fastrtps_c.h\n'}
[122.508820] (unitree_go) StdoutLine: {'line': b'-- Installing: /home/unitree/go2slam/unitree_ros2/install/unitree_go/include/unitree_go/unitree_go/msg/detail/wireless_controller__rosidl_typesupport_fastrtps_c.h\n'}
[122.509046] (unitree_go) StdoutLine: {'line': b'-- Installing: /home/unitree/go2slam/unitree_ros2/install/unitree_go/include/unitree_go/unitree_go/msg/detail/motor_state__rosidl_typesupport_fastrtps_c.h\n'}
[122.509261] (unitree_go) StdoutLine: {'line': b'-- Installing: /home/unitree/go2slam/unitree_ros2/install/unitree_go/include/unitree_go/unitree_go/msg/detail/bms_cmd__rosidl_typesupport_fastrtps_c.h\n'}
[122.509473] (unitree_go) StdoutLine: {'line': b'-- Installing: /home/unitree/go2slam/unitree_ros2/install/unitree_go/include/unitree_go/unitree_go/msg/detail/lidar_state__rosidl_typesupport_fastrtps_c.h\n'}
[122.509686] (unitree_go) StdoutLine: {'line': b'-- Installing: /home/unitree/go2slam/unitree_ros2/install/unitree_go/include/unitree_go/unitree_go/msg/detail/sport_mode_cmd__rosidl_typesupport_fastrtps_c.h\n'}
[122.510048] (unitree_go) StdoutLine: {'line': b'-- Installing: /home/unitree/go2slam/unitree_ros2/install/unitree_go/lib/libunitree_go__rosidl_typesupport_fastrtps_c.so\n'}
[122.511485] (unitree_go) StdoutLine: {'line': b'-- Set non-toolchain portion of runtime path of "/home/unitree/go2slam/unitree_ros2/install/unitree_go/lib/libunitree_go__rosidl_typesupport_fastrtps_c.so" to ""\n'}
[122.511767] (unitree_go) StdoutLine: {'line': b'-- Up-to-date: /home/unitree/go2slam/unitree_ros2/install/unitree_go/include/unitree_go/unitree_go\n'}
[122.512008] (unitree_go) StdoutLine: {'line': b'-- Up-to-date: /home/unitree/go2slam/unitree_ros2/install/unitree_go/include/unitree_go/unitree_go/msg\n'}
[122.512629] (unitree_go) StdoutLine: {'line': b'-- Installing: /home/unitree/go2slam/unitree_ros2/install/unitree_go/include/unitree_go/unitree_go/msg/audio_data.hpp\n'}
[122.512939] (unitree_go) StdoutLine: {'line': b'-- Installing: /home/unitree/go2slam/unitree_ros2/install/unitree_go/include/unitree_go/unitree_go/msg/motor_cmd.hpp\n'}
[122.513196] (unitree_go) StdoutLine: {'line': b'-- Installing: /home/unitree/go2slam/unitree_ros2/install/unitree_go/include/unitree_go/unitree_go/msg/time_spec.hpp\n'}
[122.513498] (unitree_go) StdoutLine: {'line': b'-- Installing: /home/unitree/go2slam/unitree_ros2/install/unitree_go/include/unitree_go/unitree_go/msg/motor_state.hpp\n'}
[122.513752] (unitree_go) StdoutLine: {'line': b'-- Installing: /home/unitree/go2slam/unitree_ros2/install/unitree_go/include/unitree_go/unitree_go/msg/bms_cmd.hpp\n'}
[122.513959] (unitree_go) StdoutLine: {'line': b'-- Installing: /home/unitree/go2slam/unitree_ros2/install/unitree_go/include/unitree_go/unitree_go/msg/low_cmd.hpp\n'}
[122.514160] (unitree_go) StdoutLine: {'line': b'-- Installing: /home/unitree/go2slam/unitree_ros2/install/unitree_go/include/unitree_go/unitree_go/msg/motor_cmds.hpp\n'}
[122.514362] (unitree_go) StdoutLine: {'line': b'-- Installing: /home/unitree/go2slam/unitree_ros2/install/unitree_go/include/unitree_go/unitree_go/msg/imu_state.hpp\n'}
[122.514523] (unitree_go) StdoutLine: {'line': b'-- Installing: /home/unitree/go2slam/unitree_ros2/install/unitree_go/include/unitree_go/unitree_go/msg/height_map.hpp\n'}
[122.514722] (unitree_go) StdoutLine: {'line': b'-- Installing: /home/unitree/go2slam/unitree_ros2/install/unitree_go/include/unitree_go/unitree_go/msg/go2_front_video_data.hpp\n'}
[122.514923] (unitree_go) StdoutLine: {'line': b'-- Installing: /home/unitree/go2slam/unitree_ros2/install/unitree_go/include/unitree_go/unitree_go/msg/error.hpp\n'}
[122.515115] (unitree_go) StdoutLine: {'line': b'-- Up-to-date: /home/unitree/go2slam/unitree_ros2/install/unitree_go/include/unitree_go/unitree_go/msg/detail\n'}
[122.515273] (unitree_go) StdoutLine: {'line': b'-- Installing: /home/unitree/go2slam/unitree_ros2/install/unitree_go/include/unitree_go/unitree_go/msg/detail/sport_mode_cmd__traits.hpp\n'}
[122.515479] (unitree_go) StdoutLine: {'line': b'-- Installing: /home/unitree/go2slam/unitree_ros2/install/unitree_go/include/unitree_go/unitree_go/msg/detail/error__builder.hpp\n'}
[122.515670] (unitree_go) StdoutLine: {'line': b'-- Installing: /home/unitree/go2slam/unitree_ros2/install/unitree_go/include/unitree_go/unitree_go/msg/detail/motor_cmd__traits.hpp\n'}
[122.515829] (unitree_go) StdoutLine: {'line': b'-- Installing: /home/unitree/go2slam/unitree_ros2/install/unitree_go/include/unitree_go/unitree_go/msg/detail/wireless_controller__struct.hpp\n'}
[122.516092] (unitree_go) StdoutLine: {'line': b'-- Installing: /home/unitree/go2slam/unitree_ros2/install/unitree_go/include/unitree_go/unitree_go/msg/detail/motor_cmds__struct.hpp\n'}
[122.516249] (unitree_go) StdoutLine: {'line': b'-- Installing: /home/unitree/go2slam/unitree_ros2/install/unitree_go/include/unitree_go/unitree_go/msg/detail/res__type_support.hpp\n'}
[122.516439] (unitree_go) StdoutLine: {'line': b'-- Installing: /home/unitree/go2slam/unitree_ros2/install/unitree_go/include/unitree_go/unitree_go/msg/detail/interface_config__type_support.hpp\n'}
[122.516624] (unitree_go) StdoutLine: {'line': b'-- Installing: /home/unitree/go2slam/unitree_ros2/install/unitree_go/include/unitree_go/unitree_go/msg/detail/audio_data__type_support.hpp\n'}
[122.516815] (unitree_go) StdoutLine: {'line': b'-- Installing: /home/unitree/go2slam/unitree_ros2/install/unitree_go/include/unitree_go/unitree_go/msg/detail/path_point__traits.hpp\n'}
[122.516971] (unitree_go) StdoutLine: {'line': b'-- Installing: /home/unitree/go2slam/unitree_ros2/install/unitree_go/include/unitree_go/unitree_go/msg/detail/low_cmd__type_support.hpp\n'}
[122.517182] (unitree_go) StdoutLine: {'line': b'-- Installing: /home/unitree/go2slam/unitree_ros2/install/unitree_go/include/unitree_go/unitree_go/msg/detail/req__builder.hpp\n'}
[122.517379] (unitree_go) StdoutLine: {'line': b'-- Installing: /home/unitree/go2slam/unitree_ros2/install/unitree_go/include/unitree_go/unitree_go/msg/detail/bms_cmd__builder.hpp\n'}
[122.517578] (unitree_go) StdoutLine: {'line': b'-- Installing: /home/unitree/go2slam/unitree_ros2/install/unitree_go/include/unitree_go/unitree_go/msg/detail/path_point__type_support.hpp\n'}
[122.517794] (unitree_go) StdoutLine: {'line': b'-- Installing: /home/unitree/go2slam/unitree_ros2/install/unitree_go/include/unitree_go/unitree_go/msg/detail/low_state__builder.hpp\n'}
[122.517985] (unitree_go) StdoutLine: {'line': b'-- Installing: /home/unitree/go2slam/unitree_ros2/install/unitree_go/include/unitree_go/unitree_go/msg/detail/motor_cmds__builder.hpp\n'}
[122.518143] (unitree_go) StdoutLine: {'line': b'-- Installing: /home/unitree/go2slam/unitree_ros2/install/unitree_go/include/unitree_go/unitree_go/msg/detail/motor_states__builder.hpp\n'}
[122.518340] (unitree_go) StdoutLine: {'line': b'-- Installing: /home/unitree/go2slam/unitree_ros2/install/unitree_go/include/unitree_go/unitree_go/msg/detail/motor_state__struct.hpp\n'}
[122.518537] (unitree_go) StdoutLine: {'line': b'-- Installing: /home/unitree/go2slam/unitree_ros2/install/unitree_go/include/unitree_go/unitree_go/msg/detail/audio_data__struct.hpp\n'}
[122.518733] (unitree_go) StdoutLine: {'line': b'-- Installing: /home/unitree/go2slam/unitree_ros2/install/unitree_go/include/unitree_go/unitree_go/msg/detail/error__type_support.hpp\n'}
[122.518933] (unitree_go) StdoutLine: {'line': b'-- Installing: /home/unitree/go2slam/unitree_ros2/install/unitree_go/include/unitree_go/unitree_go/msg/detail/low_state__struct.hpp\n'}
[122.519138] (unitree_go) StdoutLine: {'line': b'-- Installing: /home/unitree/go2slam/unitree_ros2/install/unitree_go/include/unitree_go/unitree_go/msg/detail/imu_state__type_support.hpp\n'}
[122.519373] (unitree_go) StdoutLine: {'line': b'-- Installing: /home/unitree/go2slam/unitree_ros2/install/unitree_go/include/unitree_go/unitree_go/msg/detail/req__traits.hpp\n'}
[122.519590] (unitree_go) StdoutLine: {'line': b'-- Installing: /home/unitree/go2slam/unitree_ros2/install/unitree_go/include/unitree_go/unitree_go/msg/detail/sport_mode_cmd__builder.hpp\n'}
[122.519826] (unitree_go) StdoutLine: {'line': b'-- Installing: /home/unitree/go2slam/unitree_ros2/install/unitree_go/include/unitree_go/unitree_go/msg/detail/low_cmd__builder.hpp\n'}
[122.520061] (unitree_go) StdoutLine: {'line': b'-- Installing: /home/unitree/go2slam/unitree_ros2/install/unitree_go/include/unitree_go/unitree_go/msg/detail/motor_cmd__type_support.hpp\n'}
[122.520284] (unitree_go) StdoutLine: {'line': b'-- Installing: /home/unitree/go2slam/unitree_ros2/install/unitree_go/include/unitree_go/unitree_go/msg/detail/path_point__builder.hpp\n'}
[122.520514] (unitree_go) StdoutLine: {'line': b'-- Installing: /home/unitree/go2slam/unitree_ros2/install/unitree_go/include/unitree_go/unitree_go/msg/detail/uwb_state__type_support.hpp\n'}
[122.520763] (unitree_go) StdoutLine: {'line': b'-- Installing: /home/unitree/go2slam/unitree_ros2/install/unitree_go/include/unitree_go/unitree_go/msg/detail/time_spec__traits.hpp\n'}
[122.521036] (unitree_go) StdoutLine: {'line': b'-- Installing: /home/unitree/go2slam/unitree_ros2/install/unitree_go/include/unitree_go/unitree_go/msg/detail/sport_mode_cmd__struct.hpp\n'}
[122.521238] (unitree_go) StdoutLine: {'line': b'-- Installing: /home/unitree/go2slam/unitree_ros2/install/unitree_go/include/unitree_go/unitree_go/msg/detail/wireless_controller__builder.hpp\n'}
[122.521443] (unitree_go) StdoutLine: {'line': b'-- Installing: /home/unitree/go2slam/unitree_ros2/install/unitree_go/include/unitree_go/unitree_go/msg/detail/error__traits.hpp\n'}
[122.521731] (unitree_go) StdoutLine: {'line': b'-- Installing: /home/unitree/go2slam/unitree_ros2/install/unitree_go/include/unitree_go/unitree_go/msg/detail/uwb_state__traits.hpp\n'}
[122.521988] (unitree_go) StdoutLine: {'line': b'-- Installing: /home/unitree/go2slam/unitree_ros2/install/unitree_go/include/unitree_go/unitree_go/msg/detail/imu_state__struct.hpp\n'}
[122.522230] (unitree_go) StdoutLine: {'line': b'-- Installing: /home/unitree/go2slam/unitree_ros2/install/unitree_go/include/unitree_go/unitree_go/msg/detail/time_spec__builder.hpp\n'}
[122.522457] (unitree_go) StdoutLine: {'line': b'-- Installing: /home/unitree/go2slam/unitree_ros2/install/unitree_go/include/unitree_go/unitree_go/msg/detail/go2_front_video_data__builder.hpp\n'}
[122.522677] (unitree_go) StdoutLine: {'line': b'-- Installing: /home/unitree/go2slam/unitree_ros2/install/unitree_go/include/unitree_go/unitree_go/msg/detail/req__struct.hpp\n'}
[122.522908] (unitree_go) StdoutLine: {'line': b'-- Installing: /home/unitree/go2slam/unitree_ros2/install/unitree_go/include/unitree_go/unitree_go/msg/detail/bms_state__type_support.hpp\n'}
[122.523131] (unitree_go) StdoutLine: {'line': b'-- Installing: /home/unitree/go2slam/unitree_ros2/install/unitree_go/include/unitree_go/unitree_go/msg/detail/lidar_state__struct.hpp\n'}
[122.523392] (unitree_go) StdoutLine: {'line': b'-- Installing: /home/unitree/go2slam/unitree_ros2/install/unitree_go/include/unitree_go/unitree_go/msg/detail/motor_states__traits.hpp\n'}
[122.523622] (unitree_go) StdoutLine: {'line': b'-- Installing: /home/unitree/go2slam/unitree_ros2/install/unitree_go/include/unitree_go/unitree_go/msg/detail/bms_cmd__traits.hpp\n'}
[122.523848] (unitree_go) StdoutLine: {'line': b'-- Installing: /home/unitree/go2slam/unitree_ros2/install/unitree_go/include/unitree_go/unitree_go/msg/detail/sport_mode_cmd__type_support.hpp\n'}
[122.524068] (unitree_go) StdoutLine: {'line': b'-- Installing: /home/unitree/go2slam/unitree_ros2/install/unitree_go/include/unitree_go/unitree_go/msg/detail/bms_state__builder.hpp\n'}
[122.524301] (unitree_go) StdoutLine: {'line': b'-- Installing: /home/unitree/go2slam/unitree_ros2/install/unitree_go/include/unitree_go/unitree_go/msg/detail/lidar_state__traits.hpp\n'}
[122.524550] (unitree_go) StdoutLine: {'line': b'-- Installing: /home/unitree/go2slam/unitree_ros2/install/unitree_go/include/unitree_go/unitree_go/msg/detail/sport_mode_state__builder.hpp\n'}
[122.524790] (unitree_go) StdoutLine: {'line': b'-- Installing: /home/unitree/go2slam/unitree_ros2/install/unitree_go/include/unitree_go/unitree_go/msg/detail/interface_config__traits.hpp\n'}
[122.525021] (unitree_go) StdoutLine: {'line': b'-- Installing: /home/unitree/go2slam/unitree_ros2/install/unitree_go/include/unitree_go/unitree_go/msg/detail/lidar_state__builder.hpp\n'}
[122.525293] (unitree_go) StdoutLine: {'line': b'-- Installing: /home/unitree/go2slam/unitree_ros2/install/unitree_go/include/unitree_go/unitree_go/msg/detail/low_cmd__struct.hpp\n'}
[122.525533] (unitree_go) StdoutLine: {'line': b'-- Installing: /home/unitree/go2slam/unitree_ros2/install/unitree_go/include/unitree_go/unitree_go/msg/detail/motor_state__type_support.hpp\n'}
[122.525761] (unitree_go) StdoutLine: {'line': b'-- Installing: /home/unitree/go2slam/unitree_ros2/install/unitree_go/include/unitree_go/unitree_go/msg/detail/motor_states__struct.hpp\n'}
[122.525993] (unitree_go) StdoutLine: {'line': b'-- Installing: /home/unitree/go2slam/unitree_ros2/install/unitree_go/include/unitree_go/unitree_go/msg/detail/height_map__type_support.hpp\n'}
[122.526224] (unitree_go) StdoutLine: {'line': b'-- Installing: /home/unitree/go2slam/unitree_ros2/install/unitree_go/include/unitree_go/unitree_go/msg/detail/sport_mode_state__type_support.hpp\n'}
[122.526450] (unitree_go) StdoutLine: {'line': b'-- Installing: /home/unitree/go2slam/unitree_ros2/install/unitree_go/include/unitree_go/unitree_go/msg/detail/uwb_switch__struct.hpp\n'}
[122.526656] (unitree_go) StdoutLine: {'line': b'-- Installing: /home/unitree/go2slam/unitree_ros2/install/unitree_go/include/unitree_go/unitree_go/msg/detail/req__type_support.hpp\n'}
[122.526868] (unitree_go) StdoutLine: {'line': b'-- Installing: /home/unitree/go2slam/unitree_ros2/install/unitree_go/include/unitree_go/unitree_go/msg/detail/motor_cmds__traits.hpp\n'}
[122.527107] (unitree_go) StdoutLine: {'line': b'-- Installing: /home/unitree/go2slam/unitree_ros2/install/unitree_go/include/unitree_go/unitree_go/msg/detail/go2_front_video_data__traits.hpp\n'}
[122.527350] (unitree_go) StdoutLine: {'line': b'-- Installing: /home/unitree/go2slam/unitree_ros2/install/unitree_go/include/unitree_go/unitree_go/msg/detail/motor_cmd__builder.hpp\n'}
[122.527573] (unitree_go) StdoutLine: {'line': b'-- Installing: /home/unitree/go2slam/unitree_ros2/install/unitree_go/include/unitree_go/unitree_go/msg/detail/lidar_state__type_support.hpp\n'}
[122.527795] (unitree_go) StdoutLine: {'line': b'-- Installing: /home/unitree/go2slam/unitree_ros2/install/unitree_go/include/unitree_go/unitree_go/msg/detail/motor_cmd__struct.hpp\n'}
[122.528028] (unitree_go) StdoutLine: {'line': b'-- Installing: /home/unitree/go2slam/unitree_ros2/install/unitree_go/include/unitree_go/unitree_go/msg/detail/bms_state__traits.hpp\n'}
[122.528263] (unitree_go) StdoutLine: {'line': b'-- Installing: /home/unitree/go2slam/unitree_ros2/install/unitree_go/include/unitree_go/unitree_go/msg/detail/motor_state__builder.hpp\n'}
[122.528492] (unitree_go) StdoutLine: {'line': b'-- Installing: /home/unitree/go2slam/unitree_ros2/install/unitree_go/include/unitree_go/unitree_go/msg/detail/res__builder.hpp\n'}
[122.528723] (unitree_go) StdoutLine: {'line': b'-- Installing: /home/unitree/go2slam/unitree_ros2/install/unitree_go/include/unitree_go/unitree_go/msg/detail/sport_mode_state__struct.hpp\n'}
[122.528969] (unitree_go) StdoutLine: {'line': b'-- Installing: /home/unitree/go2slam/unitree_ros2/install/unitree_go/include/unitree_go/unitree_go/msg/detail/bms_cmd__type_support.hpp\n'}
[122.529217] (unitree_go) StdoutLine: {'line': b'-- Installing: /home/unitree/go2slam/unitree_ros2/install/unitree_go/include/unitree_go/unitree_go/msg/detail/uwb_switch__builder.hpp\n'}
[122.532097] (unitree_go) StdoutLine: {'line': b'-- Installing: /home/unitree/go2slam/unitree_ros2/install/unitree_go/include/unitree_go/unitree_go/msg/detail/time_spec__type_support.hpp\n'}
[122.532420] (unitree_go) StdoutLine: {'line': b'-- Installing: /home/unitree/go2slam/unitree_ros2/install/unitree_go/include/unitree_go/unitree_go/msg/detail/audio_data__builder.hpp\n'}
[122.532723] (unitree_go) StdoutLine: {'line': b'-- Installing: /home/unitree/go2slam/unitree_ros2/install/unitree_go/include/unitree_go/unitree_go/msg/detail/time_spec__struct.hpp\n'}
[122.532989] (unitree_go) StdoutLine: {'line': b'-- Installing: /home/unitree/go2slam/unitree_ros2/install/unitree_go/include/unitree_go/unitree_go/msg/detail/height_map__traits.hpp\n'}
[122.533229] (unitree_go) StdoutLine: {'line': b'-- Installing: /home/unitree/go2slam/unitree_ros2/install/unitree_go/include/unitree_go/unitree_go/msg/detail/low_state__type_support.hpp\n'}
[122.533456] (unitree_go) StdoutLine: {'line': b'-- Installing: /home/unitree/go2slam/unitree_ros2/install/unitree_go/include/unitree_go/unitree_go/msg/detail/low_cmd__traits.hpp\n'}
[122.533655] (unitree_go) StdoutLine: {'line': b'-- Installing: /home/unitree/go2slam/unitree_ros2/install/unitree_go/include/unitree_go/unitree_go/msg/detail/uwb_switch__traits.hpp\n'}
[122.533820] (unitree_go) StdoutLine: {'line': b'-- Installing: /home/unitree/go2slam/unitree_ros2/install/unitree_go/include/unitree_go/unitree_go/msg/detail/go2_front_video_data__struct.hpp\n'}
[122.534048] (unitree_go) StdoutLine: {'line': b'-- Installing: /home/unitree/go2slam/unitree_ros2/install/unitree_go/include/unitree_go/unitree_go/msg/detail/uwb_state__builder.hpp\n'}
[122.534208] (unitree_go) StdoutLine: {'line': b'-- Installing: /home/unitree/go2slam/unitree_ros2/install/unitree_go/include/unitree_go/unitree_go/msg/detail/interface_config__struct.hpp\n'}
[122.534397] (unitree_go) StdoutLine: {'line': b'-- Installing: /home/unitree/go2slam/unitree_ros2/install/unitree_go/include/unitree_go/unitree_go/msg/detail/motor_state__traits.hpp\n'}
[122.534582] (unitree_go) StdoutLine: {'line': b'-- Installing: /home/unitree/go2slam/unitree_ros2/install/unitree_go/include/unitree_go/unitree_go/msg/detail/motor_states__type_support.hpp\n'}
[122.534768] (unitree_go) StdoutLine: {'line': b'-- Installing: /home/unitree/go2slam/unitree_ros2/install/unitree_go/include/unitree_go/unitree_go/msg/detail/height_map__struct.hpp\n'}
[122.534954] (unitree_go) StdoutLine: {'line': b'-- Installing: /home/unitree/go2slam/unitree_ros2/install/unitree_go/include/unitree_go/unitree_go/msg/detail/path_point__struct.hpp\n'}
[122.535122] (unitree_go) StdoutLine: {'line': b'-- Installing: /home/unitree/go2slam/unitree_ros2/install/unitree_go/include/unitree_go/unitree_go/msg/detail/imu_state__builder.hpp\n'}
[122.535327] (unitree_go) StdoutLine: {'line': b'-- Installing: /home/unitree/go2slam/unitree_ros2/install/unitree_go/include/unitree_go/unitree_go/msg/detail/go2_front_video_data__type_support.hpp\n'}
[122.535527] (unitree_go) StdoutLine: {'line': b'-- Installing: /home/unitree/go2slam/unitree_ros2/install/unitree_go/include/unitree_go/unitree_go/msg/detail/res__struct.hpp\n'}
[122.535710] (unitree_go) StdoutLine: {'line': b'-- Installing: /home/unitree/go2slam/unitree_ros2/install/unitree_go/include/unitree_go/unitree_go/msg/detail/low_state__traits.hpp\n'}
[122.535887] (unitree_go) StdoutLine: {'line': b'-- Installing: /home/unitree/go2slam/unitree_ros2/install/unitree_go/include/unitree_go/unitree_go/msg/detail/interface_config__builder.hpp\n'}
[122.536045] (unitree_go) StdoutLine: {'line': b'-- Installing: /home/unitree/go2slam/unitree_ros2/install/unitree_go/include/unitree_go/unitree_go/msg/detail/audio_data__traits.hpp\n'}
[122.536221] (unitree_go) StdoutLine: {'line': b'-- Installing: /home/unitree/go2slam/unitree_ros2/install/unitree_go/include/unitree_go/unitree_go/msg/detail/res__traits.hpp\n'}
[122.536428] (unitree_go) StdoutLine: {'line': b'-- Installing: /home/unitree/go2slam/unitree_ros2/install/unitree_go/include/unitree_go/unitree_go/msg/detail/wireless_controller__type_support.hpp\n'}
[122.536626] (unitree_go) StdoutLine: {'line': b'-- Installing: /home/unitree/go2slam/unitree_ros2/install/unitree_go/include/unitree_go/unitree_go/msg/detail/motor_cmds__type_support.hpp\n'}
[122.536783] (unitree_go) StdoutLine: {'line': b'-- Installing: /home/unitree/go2slam/unitree_ros2/install/unitree_go/include/unitree_go/unitree_go/msg/detail/sport_mode_state__traits.hpp\n'}
[122.536967] (unitree_go) StdoutLine: {'line': b'-- Installing: /home/unitree/go2slam/unitree_ros2/install/unitree_go/include/unitree_go/unitree_go/msg/detail/error__struct.hpp\n'}
[122.537228] (unitree_go) StdoutLine: {'line': b'-- Installing: /home/unitree/go2slam/unitree_ros2/install/unitree_go/include/unitree_go/unitree_go/msg/detail/bms_state__struct.hpp\n'}
[122.537434] (unitree_go) StdoutLine: {'line': b'-- Installing: /home/unitree/go2slam/unitree_ros2/install/unitree_go/include/unitree_go/unitree_go/msg/detail/uwb_switch__type_support.hpp\n'}
[122.537608] (unitree_go) StdoutLine: {'line': b'-- Installing: /home/unitree/go2slam/unitree_ros2/install/unitree_go/include/unitree_go/unitree_go/msg/detail/imu_state__traits.hpp\n'}
[122.537837] (unitree_go) StdoutLine: {'line': b'-- Installing: /home/unitree/go2slam/unitree_ros2/install/unitree_go/include/unitree_go/unitree_go/msg/detail/height_map__builder.hpp\n'}
[122.538002] (unitree_go) StdoutLine: {'line': b'-- Installing: /home/unitree/go2slam/unitree_ros2/install/unitree_go/include/unitree_go/unitree_go/msg/detail/wireless_controller__traits.hpp\n'}
[122.538247] (unitree_go) StdoutLine: {'line': b'-- Installing: /home/unitree/go2slam/unitree_ros2/install/unitree_go/include/unitree_go/unitree_go/msg/detail/bms_cmd__struct.hpp\n'}
[122.538445] (unitree_go) StdoutLine: {'line': b'-- Installing: /home/unitree/go2slam/unitree_ros2/install/unitree_go/include/unitree_go/unitree_go/msg/detail/uwb_state__struct.hpp\n'}
[122.538621] (unitree_go) StdoutLine: {'line': b'-- Installing: /home/unitree/go2slam/unitree_ros2/install/unitree_go/include/unitree_go/unitree_go/msg/res.hpp\n'}
[122.538779] (unitree_go) StdoutLine: {'line': b'-- Installing: /home/unitree/go2slam/unitree_ros2/install/unitree_go/include/unitree_go/unitree_go/msg/uwb_switch.hpp\n'}
[122.538972] (unitree_go) StdoutLine: {'line': b'-- Installing: /home/unitree/go2slam/unitree_ros2/install/unitree_go/include/unitree_go/unitree_go/msg/motor_states.hpp\n'}
[122.539154] (unitree_go) StdoutLine: {'line': b'-- Installing: /home/unitree/go2slam/unitree_ros2/install/unitree_go/include/unitree_go/unitree_go/msg/sport_mode_state.hpp\n'}
[122.539405] (unitree_go) StdoutLine: {'line': b'-- Installing: /home/unitree/go2slam/unitree_ros2/install/unitree_go/include/unitree_go/unitree_go/msg/uwb_state.hpp\n'}
[122.539601] (unitree_go) StdoutLine: {'line': b'-- Installing: /home/unitree/go2slam/unitree_ros2/install/unitree_go/include/unitree_go/unitree_go/msg/bms_state.hpp\n'}
[122.539787] (unitree_go) StdoutLine: {'line': b'-- Installing: /home/unitree/go2slam/unitree_ros2/install/unitree_go/include/unitree_go/unitree_go/msg/rosidl_generator_cpp__visibility_control.hpp\n'}
[122.539968] (unitree_go) StdoutLine: {'line': b'-- Installing: /home/unitree/go2slam/unitree_ros2/install/unitree_go/include/unitree_go/unitree_go/msg/lidar_state.hpp\n'}
[122.540124] (unitree_go) StdoutLine: {'line': b'-- Installing: /home/unitree/go2slam/unitree_ros2/install/unitree_go/include/unitree_go/unitree_go/msg/sport_mode_cmd.hpp\n'}
[122.540346] (unitree_go) StdoutLine: {'line': b'-- Installing: /home/unitree/go2slam/unitree_ros2/install/unitree_go/include/unitree_go/unitree_go/msg/path_point.hpp\n'}
[122.540537] (unitree_go) StdoutLine: {'line': b'-- Installing: /home/unitree/go2slam/unitree_ros2/install/unitree_go/include/unitree_go/unitree_go/msg/interface_config.hpp\n'}
[122.540736] (unitree_go) StdoutLine: {'line': b'-- Installing: /home/unitree/go2slam/unitree_ros2/install/unitree_go/include/unitree_go/unitree_go/msg/wireless_controller.hpp\n'}
[122.540930] (unitree_go) StdoutLine: {'line': b'-- Installing: /home/unitree/go2slam/unitree_ros2/install/unitree_go/include/unitree_go/unitree_go/msg/req.hpp\n'}
[122.541115] (unitree_go) StdoutLine: {'line': b'-- Installing: /home/unitree/go2slam/unitree_ros2/install/unitree_go/include/unitree_go/unitree_go/msg/low_state.hpp\n'}
[122.541293] (unitree_go) StdoutLine: {'line': b'-- Up-to-date: /home/unitree/go2slam/unitree_ros2/install/unitree_go/include/unitree_go/unitree_go\n'}
[122.541451] (unitree_go) StdoutLine: {'line': b'-- Up-to-date: /home/unitree/go2slam/unitree_ros2/install/unitree_go/include/unitree_go/unitree_go/msg\n'}
[122.541633] (unitree_go) StdoutLine: {'line': b'-- Installing: /home/unitree/go2slam/unitree_ros2/install/unitree_go/include/unitree_go/unitree_go/msg/rosidl_typesupport_fastrtps_cpp__visibility_control.h\n'}
[122.541815] (unitree_go) StdoutLine: {'line': b'-- Up-to-date: /home/unitree/go2slam/unitree_ros2/install/unitree_go/include/unitree_go/unitree_go/msg/detail\n'}
[122.541994] (unitree_go) StdoutLine: {'line': b'-- Installing: /home/unitree/go2slam/unitree_ros2/install/unitree_go/include/unitree_go/unitree_go/msg/detail/error__rosidl_typesupport_fastrtps_cpp.hpp\n'}
[122.542152] (unitree_go) StdoutLine: {'line': b'-- Installing: /home/unitree/go2slam/unitree_ros2/install/unitree_go/include/unitree_go/unitree_go/msg/detail/path_point__rosidl_typesupport_fastrtps_cpp.hpp\n'}
[122.542332] (unitree_go) StdoutLine: {'line': b'-- Installing: /home/unitree/go2slam/unitree_ros2/install/unitree_go/include/unitree_go/unitree_go/msg/detail/uwb_state__rosidl_typesupport_fastrtps_cpp.hpp\n'}
[122.542515] (unitree_go) StdoutLine: {'line': b'-- Installing: /home/unitree/go2slam/unitree_ros2/install/unitree_go/include/unitree_go/unitree_go/msg/detail/motor_cmds__rosidl_typesupport_fastrtps_cpp.hpp\n'}
[122.542688] (unitree_go) StdoutLine: {'line': b'-- Installing: /home/unitree/go2slam/unitree_ros2/install/unitree_go/include/unitree_go/unitree_go/msg/detail/go2_front_video_data__rosidl_typesupport_fastrtps_cpp.hpp\n'}
[122.542842] (unitree_go) StdoutLine: {'line': b'-- Installing: /home/unitree/go2slam/unitree_ros2/install/unitree_go/include/unitree_go/unitree_go/msg/detail/low_state__rosidl_typesupport_fastrtps_cpp.hpp\n'}
[122.543019] (unitree_go) StdoutLine: {'line': b'-- Installing: /home/unitree/go2slam/unitree_ros2/install/unitree_go/include/unitree_go/unitree_go/msg/detail/uwb_switch__rosidl_typesupport_fastrtps_cpp.hpp\n'}
[122.543192] (unitree_go) StdoutLine: {'line': b'-- Installing: /home/unitree/go2slam/unitree_ros2/install/unitree_go/include/unitree_go/unitree_go/msg/detail/bms_cmd__rosidl_typesupport_fastrtps_cpp.hpp\n'}
[122.543400] (unitree_go) StdoutLine: {'line': b'-- Installing: /home/unitree/go2slam/unitree_ros2/install/unitree_go/include/unitree_go/unitree_go/msg/detail/bms_state__rosidl_typesupport_fastrtps_cpp.hpp\n'}
[122.543597] (unitree_go) StdoutLine: {'line': b'-- Installing: /home/unitree/go2slam/unitree_ros2/install/unitree_go/include/unitree_go/unitree_go/msg/detail/lidar_state__rosidl_typesupport_fastrtps_cpp.hpp\n'}
[122.543778] (unitree_go) StdoutLine: {'line': b'-- Installing: /home/unitree/go2slam/unitree_ros2/install/unitree_go/include/unitree_go/unitree_go/msg/detail/wireless_controller__rosidl_typesupport_fastrtps_cpp.hpp\n'}
[122.543980] (unitree_go) StdoutLine: {'line': b'-- Installing: /home/unitree/go2slam/unitree_ros2/install/unitree_go/include/unitree_go/unitree_go/msg/detail/interface_config__rosidl_typesupport_fastrtps_cpp.hpp\n'}
[122.544140] (unitree_go) StdoutLine: {'line': b'-- Installing: /home/unitree/go2slam/unitree_ros2/install/unitree_go/include/unitree_go/unitree_go/msg/detail/sport_mode_cmd__rosidl_typesupport_fastrtps_cpp.hpp\n'}
[122.544330] (unitree_go) StdoutLine: {'line': b'-- Installing: /home/unitree/go2slam/unitree_ros2/install/unitree_go/include/unitree_go/unitree_go/msg/detail/dds_fastrtps\n'}
[122.544510] (unitree_go) StdoutLine: {'line': b'-- Installing: /home/unitree/go2slam/unitree_ros2/install/unitree_go/include/unitree_go/unitree_go/msg/detail/motor_state__rosidl_typesupport_fastrtps_cpp.hpp\n'}
[122.544685] (unitree_go) StdoutLine: {'line': b'-- Installing: /home/unitree/go2slam/unitree_ros2/install/unitree_go/include/unitree_go/unitree_go/msg/detail/motor_cmd__rosidl_typesupport_fastrtps_cpp.hpp\n'}
[122.544842] (unitree_go) StdoutLine: {'line': b'-- Installing: /home/unitree/go2slam/unitree_ros2/install/unitree_go/include/unitree_go/unitree_go/msg/detail/imu_state__rosidl_typesupport_fastrtps_cpp.hpp\n'}
[122.545012] (unitree_go) StdoutLine: {'line': b'-- Installing: /home/unitree/go2slam/unitree_ros2/install/unitree_go/include/unitree_go/unitree_go/msg/detail/time_spec__rosidl_typesupport_fastrtps_cpp.hpp\n'}
[122.545190] (unitree_go) StdoutLine: {'line': b'-- Installing: /home/unitree/go2slam/unitree_ros2/install/unitree_go/include/unitree_go/unitree_go/msg/detail/req__rosidl_typesupport_fastrtps_cpp.hpp\n'}
[122.545366] (unitree_go) StdoutLine: {'line': b'-- Installing: /home/unitree/go2slam/unitree_ros2/install/unitree_go/include/unitree_go/unitree_go/msg/detail/sport_mode_state__rosidl_typesupport_fastrtps_cpp.hpp\n'}
[122.545558] (unitree_go) StdoutLine: {'line': b'-- Installing: /home/unitree/go2slam/unitree_ros2/install/unitree_go/include/unitree_go/unitree_go/msg/detail/motor_states__rosidl_typesupport_fastrtps_cpp.hpp\n'}
[122.545779] (unitree_go) StdoutLine: {'line': b'-- Installing: /home/unitree/go2slam/unitree_ros2/install/unitree_go/include/unitree_go/unitree_go/msg/detail/audio_data__rosidl_typesupport_fastrtps_cpp.hpp\n'}
[122.546002] (unitree_go) StdoutLine: {'line': b'-- Installing: /home/unitree/go2slam/unitree_ros2/install/unitree_go/include/unitree_go/unitree_go/msg/detail/res__rosidl_typesupport_fastrtps_cpp.hpp\n'}
[122.546282] (unitree_go) StdoutLine: {'line': b'-- Installing: /home/unitree/go2slam/unitree_ros2/install/unitree_go/include/unitree_go/unitree_go/msg/detail/height_map__rosidl_typesupport_fastrtps_cpp.hpp\n'}
[122.546509] (unitree_go) StdoutLine: {'line': b'-- Installing: /home/unitree/go2slam/unitree_ros2/install/unitree_go/include/unitree_go/unitree_go/msg/detail/low_cmd__rosidl_typesupport_fastrtps_cpp.hpp\n'}
[122.546900] (unitree_go) StdoutLine: {'line': b'-- Installing: /home/unitree/go2slam/unitree_ros2/install/unitree_go/lib/libunitree_go__rosidl_typesupport_fastrtps_cpp.so\n'}
[122.548683] (unitree_go) StdoutLine: {'line': b'-- Set non-toolchain portion of runtime path of "/home/unitree/go2slam/unitree_ros2/install/unitree_go/lib/libunitree_go__rosidl_typesupport_fastrtps_cpp.so" to ""\n'}
[122.549079] (unitree_go) StdoutLine: {'line': b'-- Up-to-date: /home/unitree/go2slam/unitree_ros2/install/unitree_go/include/unitree_go/unitree_go\n'}
[122.549284] (unitree_go) StdoutLine: {'line': b'-- Up-to-date: /home/unitree/go2slam/unitree_ros2/install/unitree_go/include/unitree_go/unitree_go/msg\n'}
[122.549486] (unitree_go) StdoutLine: {'line': b'-- Up-to-date: /home/unitree/go2slam/unitree_ros2/install/unitree_go/include/unitree_go/unitree_go/msg/detail\n'}
[122.549648] (unitree_go) StdoutLine: {'line': b'-- Installing: /home/unitree/go2slam/unitree_ros2/install/unitree_go/include/unitree_go/unitree_go/msg/detail/sport_mode_cmd__type_support.c\n'}
[122.549838] (unitree_go) StdoutLine: {'line': b'-- Installing: /home/unitree/go2slam/unitree_ros2/install/unitree_go/include/unitree_go/unitree_go/msg/detail/go2_front_video_data__type_support.c\n'}
[122.550029] (unitree_go) StdoutLine: {'line': b'-- Installing: /home/unitree/go2slam/unitree_ros2/install/unitree_go/include/unitree_go/unitree_go/msg/detail/bms_cmd__type_support.c\n'}
[122.550186] (unitree_go) StdoutLine: {'line': b'-- Installing: /home/unitree/go2slam/unitree_ros2/install/unitree_go/include/unitree_go/unitree_go/msg/detail/motor_cmds__type_support.c\n'}
[122.550384] (unitree_go) StdoutLine: {'line': b'-- Installing: /home/unitree/go2slam/unitree_ros2/install/unitree_go/include/unitree_go/unitree_go/msg/detail/low_state__type_support.c\n'}
[122.550569] (unitree_go) StdoutLine: {'line': b'-- Installing: /home/unitree/go2slam/unitree_ros2/install/unitree_go/include/unitree_go/unitree_go/msg/detail/height_map__rosidl_typesupport_introspection_c.h\n'}
[122.550767] (unitree_go) StdoutLine: {'line': b'-- Installing: /home/unitree/go2slam/unitree_ros2/install/unitree_go/include/unitree_go/unitree_go/msg/detail/interface_config__type_support.c\n'}
[122.551051] (unitree_go) StdoutLine: {'line': b'-- Installing: /home/unitree/go2slam/unitree_ros2/install/unitree_go/include/unitree_go/unitree_go/msg/detail/imu_state__type_support.c\n'}
[122.551359] (unitree_go) StdoutLine: {'line': b'-- Installing: /home/unitree/go2slam/unitree_ros2/install/unitree_go/include/unitree_go/unitree_go/msg/detail/motor_cmds__rosidl_typesupport_introspection_c.h\n'}
[122.551601] (unitree_go) StdoutLine: {'line': b'-- Installing: /home/unitree/go2slam/unitree_ros2/install/unitree_go/include/unitree_go/unitree_go/msg/detail/req__type_support.c\n'}
[122.551838] (unitree_go) StdoutLine: {'line': b'-- Installing: /home/unitree/go2slam/unitree_ros2/install/unitree_go/include/unitree_go/unitree_go/msg/detail/sport_mode_cmd__rosidl_typesupport_introspection_c.h\n'}
[122.552059] (unitree_go) StdoutLine: {'line': b'-- Installing: /home/unitree/go2slam/unitree_ros2/install/unitree_go/include/unitree_go/unitree_go/msg/detail/sport_mode_state__rosidl_typesupport_introspection_c.h\n'}
[122.552278] (unitree_go) StdoutLine: {'line': b'-- Installing: /home/unitree/go2slam/unitree_ros2/install/unitree_go/include/unitree_go/unitree_go/msg/detail/time_spec__type_support.c\n'}
[122.552538] (unitree_go) StdoutLine: {'line': b'-- Installing: /home/unitree/go2slam/unitree_ros2/install/unitree_go/include/unitree_go/unitree_go/msg/detail/lidar_state__type_support.c\n'}
[122.552848] (unitree_go) StdoutLine: {'line': b'-- Installing: /home/unitree/go2slam/unitree_ros2/install/unitree_go/include/unitree_go/unitree_go/msg/detail/bms_cmd__rosidl_typesupport_introspection_c.h\n'}
[122.553071] (unitree_go) StdoutLine: {'line': b'-- Installing: /home/unitree/go2slam/unitree_ros2/install/unitree_go/include/unitree_go/unitree_go/msg/detail/path_point__type_support.c\n'}
[122.553332] (unitree_go) StdoutLine: {'line': b'-- Installing: /home/unitree/go2slam/unitree_ros2/install/unitree_go/include/unitree_go/unitree_go/msg/detail/low_cmd__type_support.c\n'}
[122.553642] (unitree_go) StdoutLine: {'line': b'-- Installing: /home/unitree/go2slam/unitree_ros2/install/unitree_go/include/unitree_go/unitree_go/msg/detail/sport_mode_state__type_support.c\n'}
[122.553952] (unitree_go) StdoutLine: {'line': b'-- Installing: /home/unitree/go2slam/unitree_ros2/install/unitree_go/include/unitree_go/unitree_go/msg/detail/low_state__rosidl_typesupport_introspection_c.h\n'}
[122.554184] (unitree_go) StdoutLine: {'line': b'-- Installing: /home/unitree/go2slam/unitree_ros2/install/unitree_go/include/unitree_go/unitree_go/msg/detail/time_spec__rosidl_typesupport_introspection_c.h\n'}
[122.554401] (unitree_go) StdoutLine: {'line': b'-- Installing: /home/unitree/go2slam/unitree_ros2/install/unitree_go/include/unitree_go/unitree_go/msg/detail/audio_data__type_support.c\n'}
[122.554664] (unitree_go) StdoutLine: {'line': b'-- Installing: /home/unitree/go2slam/unitree_ros2/install/unitree_go/include/unitree_go/unitree_go/msg/detail/wireless_controller__type_support.c\n'}
[122.554930] (unitree_go) StdoutLine: {'line': b'-- Installing: /home/unitree/go2slam/unitree_ros2/install/unitree_go/include/unitree_go/unitree_go/msg/detail/motor_cmd__rosidl_typesupport_introspection_c.h\n'}
[122.555152] (unitree_go) StdoutLine: {'line': b'-- Installing: /home/unitree/go2slam/unitree_ros2/install/unitree_go/include/unitree_go/unitree_go/msg/detail/uwb_state__type_support.c\n'}
[122.555667] (unitree_go) StdoutLine: {'line': b'-- Installing: /home/unitree/go2slam/unitree_ros2/install/unitree_go/include/unitree_go/unitree_go/msg/detail/interface_config__rosidl_typesupport_introspection_c.h\n'}
[122.555895] (unitree_go) StdoutLine: {'line': b'-- Installing: /home/unitree/go2slam/unitree_ros2/install/unitree_go/include/unitree_go/unitree_go/msg/detail/audio_data__rosidl_typesupport_introspection_c.h\n'}
[122.556118] (unitree_go) StdoutLine: {'line': b'-- Installing: /home/unitree/go2slam/unitree_ros2/install/unitree_go/include/unitree_go/unitree_go/msg/detail/path_point__rosidl_typesupport_introspection_c.h\n'}
[122.556332] (unitree_go) StdoutLine: {'line': b'-- Installing: /home/unitree/go2slam/unitree_ros2/install/unitree_go/include/unitree_go/unitree_go/msg/detail/motor_state__type_support.c\n'}
[122.556620] (unitree_go) StdoutLine: {'line': b'-- Installing: /home/unitree/go2slam/unitree_ros2/install/unitree_go/include/unitree_go/unitree_go/msg/detail/error__rosidl_typesupport_introspection_c.h\n'}
[122.556840] (unitree_go) StdoutLine: {'line': b'-- Installing: /home/unitree/go2slam/unitree_ros2/install/unitree_go/include/unitree_go/unitree_go/msg/detail/imu_state__rosidl_typesupport_introspection_c.h\n'}
[122.557057] (unitree_go) StdoutLine: {'line': b'-- Installing: /home/unitree/go2slam/unitree_ros2/install/unitree_go/include/unitree_go/unitree_go/msg/detail/req__rosidl_typesupport_introspection_c.h\n'}
[122.557272] (unitree_go) StdoutLine: {'line': b'-- Installing: /home/unitree/go2slam/unitree_ros2/install/unitree_go/include/unitree_go/unitree_go/msg/detail/error__type_support.c\n'}
[122.557536] (unitree_go) StdoutLine: {'line': b'-- Installing: /home/unitree/go2slam/unitree_ros2/install/unitree_go/include/unitree_go/unitree_go/msg/detail/uwb_state__rosidl_typesupport_introspection_c.h\n'}
[122.557752] (unitree_go) StdoutLine: {'line': b'-- Installing: /home/unitree/go2slam/unitree_ros2/install/unitree_go/include/unitree_go/unitree_go/msg/detail/motor_cmd__type_support.c\n'}
[122.558018] (unitree_go) StdoutLine: {'line': b'-- Installing: /home/unitree/go2slam/unitree_ros2/install/unitree_go/include/unitree_go/unitree_go/msg/detail/motor_states__type_support.c\n'}
[122.558277] (unitree_go) StdoutLine: {'line': b'-- Installing: /home/unitree/go2slam/unitree_ros2/install/unitree_go/include/unitree_go/unitree_go/msg/detail/lidar_state__rosidl_typesupport_introspection_c.h\n'}
[122.558491] (unitree_go) StdoutLine: {'line': b'-- Installing: /home/unitree/go2slam/unitree_ros2/install/unitree_go/include/unitree_go/unitree_go/msg/detail/bms_state__type_support.c\n'}
[122.558769] (unitree_go) StdoutLine: {'line': b'-- Installing: /home/unitree/go2slam/unitree_ros2/install/unitree_go/include/unitree_go/unitree_go/msg/detail/low_cmd__rosidl_typesupport_introspection_c.h\n'}
[122.558998] (unitree_go) StdoutLine: {'line': b'-- Installing: /home/unitree/go2slam/unitree_ros2/install/unitree_go/include/unitree_go/unitree_go/msg/detail/res__rosidl_typesupport_introspection_c.h\n'}
[122.559220] (unitree_go) StdoutLine: {'line': b'-- Installing: /home/unitree/go2slam/unitree_ros2/install/unitree_go/include/unitree_go/unitree_go/msg/detail/go2_front_video_data__rosidl_typesupport_introspection_c.h\n'}
[122.559468] (unitree_go) StdoutLine: {'line': b'-- Installing: /home/unitree/go2slam/unitree_ros2/install/unitree_go/include/unitree_go/unitree_go/msg/detail/height_map__type_support.c\n'}
[122.559745] (unitree_go) StdoutLine: {'line': b'-- Installing: /home/unitree/go2slam/unitree_ros2/install/unitree_go/include/unitree_go/unitree_go/msg/detail/wireless_controller__rosidl_typesupport_introspection_c.h\n'}
[122.559970] (unitree_go) StdoutLine: {'line': b'-- Installing: /home/unitree/go2slam/unitree_ros2/install/unitree_go/include/unitree_go/unitree_go/msg/detail/uwb_switch__rosidl_typesupport_introspection_c.h\n'}
[122.560192] (unitree_go) StdoutLine: {'line': b'-- Installing: /home/unitree/go2slam/unitree_ros2/install/unitree_go/include/unitree_go/unitree_go/msg/detail/uwb_switch__type_support.c\n'}
[122.560445] (unitree_go) StdoutLine: {'line': b'-- Installing: /home/unitree/go2slam/unitree_ros2/install/unitree_go/include/unitree_go/unitree_go/msg/detail/motor_states__rosidl_typesupport_introspection_c.h\n'}
[122.560667] (unitree_go) StdoutLine: {'line': b'-- Installing: /home/unitree/go2slam/unitree_ros2/install/unitree_go/include/unitree_go/unitree_go/msg/detail/res__type_support.c\n'}
[122.560943] (unitree_go) StdoutLine: {'line': b'-- Installing: /home/unitree/go2slam/unitree_ros2/install/unitree_go/include/unitree_go/unitree_go/msg/detail/bms_state__rosidl_typesupport_introspection_c.h\n'}
[122.561166] (unitree_go) StdoutLine: {'line': b'-- Installing: /home/unitree/go2slam/unitree_ros2/install/unitree_go/include/unitree_go/unitree_go/msg/detail/motor_state__rosidl_typesupport_introspection_c.h\n'}
[122.561388] (unitree_go) StdoutLine: {'line': b'-- Installing: /home/unitree/go2slam/unitree_ros2/install/unitree_go/include/unitree_go/unitree_go/msg/rosidl_typesupport_introspection_c__visibility_control.h\n'}
[122.561791] (unitree_go) StdoutLine: {'line': b'-- Installing: /home/unitree/go2slam/unitree_ros2/install/unitree_go/lib/libunitree_go__rosidl_typesupport_introspection_c.so\n'}
[122.563021] (unitree_go) StdoutLine: {'line': b'-- Set non-toolchain portion of runtime path of "/home/unitree/go2slam/unitree_ros2/install/unitree_go/lib/libunitree_go__rosidl_typesupport_introspection_c.so" to ""\n'}
[122.563899] (unitree_go) StdoutLine: {'line': b'-- Installing: /home/unitree/go2slam/unitree_ros2/install/unitree_go/lib/libunitree_go__rosidl_typesupport_c.so\n'}
[122.564130] (-) TimerEvent: {}
[122.564524] (unitree_go) StdoutLine: {'line': b'-- Set non-toolchain portion of runtime path of "/home/unitree/go2slam/unitree_ros2/install/unitree_go/lib/libunitree_go__rosidl_typesupport_c.so" to ""\n'}
[122.564818] (unitree_go) StdoutLine: {'line': b'-- Up-to-date: /home/unitree/go2slam/unitree_ros2/install/unitree_go/include/unitree_go/unitree_go\n'}
[122.565051] (unitree_go) StdoutLine: {'line': b'-- Up-to-date: /home/unitree/go2slam/unitree_ros2/install/unitree_go/include/unitree_go/unitree_go/msg\n'}
[122.565254] (unitree_go) StdoutLine: {'line': b'-- Up-to-date: /home/unitree/go2slam/unitree_ros2/install/unitree_go/include/unitree_go/unitree_go/msg/detail\n'}
[122.565414] (unitree_go) StdoutLine: {'line': b'-- Installing: /home/unitree/go2slam/unitree_ros2/install/unitree_go/include/unitree_go/unitree_go/msg/detail/low_state__type_support.cpp\n'}
[122.565603] (unitree_go) StdoutLine: {'line': b'-- Installing: /home/unitree/go2slam/unitree_ros2/install/unitree_go/include/unitree_go/unitree_go/msg/detail/motor_cmds__rosidl_typesupport_introspection_cpp.hpp\n'}
[122.565763] (unitree_go) StdoutLine: {'line': b'-- Installing: /home/unitree/go2slam/unitree_ros2/install/unitree_go/include/unitree_go/unitree_go/msg/detail/lidar_state__type_support.cpp\n'}
[122.566646] (unitree_go) StdoutLine: {'line': b'-- Installing: /home/unitree/go2slam/unitree_ros2/install/unitree_go/include/unitree_go/unitree_go/msg/detail/wireless_controller__type_support.cpp\n'}
[122.568968] (unitree_go) StdoutLine: {'line': b'-- Installing: /home/unitree/go2slam/unitree_ros2/install/unitree_go/include/unitree_go/unitree_go/msg/detail/sport_mode_state__type_support.cpp\n'}
[122.569359] (unitree_go) StdoutLine: {'line': b'-- Installing: /home/unitree/go2slam/unitree_ros2/install/unitree_go/include/unitree_go/unitree_go/msg/detail/motor_cmd__rosidl_typesupport_introspection_cpp.hpp\n'}
[122.569570] (unitree_go) StdoutLine: {'line': b'-- Installing: /home/unitree/go2slam/unitree_ros2/install/unitree_go/include/unitree_go/unitree_go/msg/detail/audio_data__type_support.cpp\n'}
[122.569866] (unitree_go) StdoutLine: {'line': b'-- Installing: /home/unitree/go2slam/unitree_ros2/install/unitree_go/include/unitree_go/unitree_go/msg/detail/lidar_state__rosidl_typesupport_introspection_cpp.hpp\n'}
[122.570094] (unitree_go) StdoutLine: {'line': b'-- Installing: /home/unitree/go2slam/unitree_ros2/install/unitree_go/include/unitree_go/unitree_go/msg/detail/uwb_switch__type_support.cpp\n'}
[122.570357] (unitree_go) StdoutLine: {'line': b'-- Installing: /home/unitree/go2slam/unitree_ros2/install/unitree_go/include/unitree_go/unitree_go/msg/detail/bms_state__rosidl_typesupport_introspection_cpp.hpp\n'}
[122.570570] (unitree_go) StdoutLine: {'line': b'-- Installing: /home/unitree/go2slam/unitree_ros2/install/unitree_go/include/unitree_go/unitree_go/msg/detail/motor_state__type_support.cpp\n'}
[122.570763] (unitree_go) StdoutLine: {'line': b'-- Installing: /home/unitree/go2slam/unitree_ros2/install/unitree_go/include/unitree_go/unitree_go/msg/detail/motor_states__rosidl_typesupport_introspection_cpp.hpp\n'}
[122.570927] (unitree_go) StdoutLine: {'line': b'-- Installing: /home/unitree/go2slam/unitree_ros2/install/unitree_go/include/unitree_go/unitree_go/msg/detail/motor_state__rosidl_typesupport_introspection_cpp.hpp\n'}
[122.571116] (unitree_go) StdoutLine: {'line': b'-- Installing: /home/unitree/go2slam/unitree_ros2/install/unitree_go/include/unitree_go/unitree_go/msg/detail/height_map__type_support.cpp\n'}
[122.571352] (unitree_go) StdoutLine: {'line': b'-- Installing: /home/unitree/go2slam/unitree_ros2/install/unitree_go/include/unitree_go/unitree_go/msg/detail/low_cmd__type_support.cpp\n'}
[122.571519] (unitree_go) StdoutLine: {'line': b'-- Installing: /home/unitree/go2slam/unitree_ros2/install/unitree_go/include/unitree_go/unitree_go/msg/detail/error__rosidl_typesupport_introspection_cpp.hpp\n'}
[122.571684] (unitree_go) StdoutLine: {'line': b'-- Installing: /home/unitree/go2slam/unitree_ros2/install/unitree_go/include/unitree_go/unitree_go/msg/detail/interface_config__rosidl_typesupport_introspection_cpp.hpp\n'}
[122.572033] (unitree_go) StdoutLine: {'line': b'-- Installing: /home/unitree/go2slam/unitree_ros2/install/unitree_go/include/unitree_go/unitree_go/msg/detail/low_cmd__rosidl_typesupport_introspection_cpp.hpp\n'}
[122.572300] (unitree_go) StdoutLine: {'line': b'-- Installing: /home/unitree/go2slam/unitree_ros2/install/unitree_go/include/unitree_go/unitree_go/msg/detail/time_spec__type_support.cpp\n'}
[122.572484] (unitree_go) StdoutLine: {'line': b'-- Installing: /home/unitree/go2slam/unitree_ros2/install/unitree_go/include/unitree_go/unitree_go/msg/detail/req__type_support.cpp\n'}
[122.572642] (unitree_go) StdoutLine: {'line': b'-- Installing: /home/unitree/go2slam/unitree_ros2/install/unitree_go/include/unitree_go/unitree_go/msg/detail/sport_mode_cmd__rosidl_typesupport_introspection_cpp.hpp\n'}
[122.573720] (unitree_go) StdoutLine: {'line': b'-- Installing: /home/unitree/go2slam/unitree_ros2/install/unitree_go/include/unitree_go/unitree_go/msg/detail/uwb_state__rosidl_typesupport_introspection_cpp.hpp\n'}
[122.573948] (unitree_go) StdoutLine: {'line': b'-- Installing: /home/unitree/go2slam/unitree_ros2/install/unitree_go/include/unitree_go/unitree_go/msg/detail/time_spec__rosidl_typesupport_introspection_cpp.hpp\n'}
[122.574197] (unitree_go) StdoutLine: {'line': b'-- Installing: /home/unitree/go2slam/unitree_ros2/install/unitree_go/include/unitree_go/unitree_go/msg/detail/sport_mode_state__rosidl_typesupport_introspection_cpp.hpp\n'}
[122.574421] (unitree_go) StdoutLine: {'line': b'-- Installing: /home/unitree/go2slam/unitree_ros2/install/unitree_go/include/unitree_go/unitree_go/msg/detail/interface_config__type_support.cpp\n'}
[122.574634] (unitree_go) StdoutLine: {'line': b'-- Installing: /home/unitree/go2slam/unitree_ros2/install/unitree_go/include/unitree_go/unitree_go/msg/detail/motor_cmds__type_support.cpp\n'}
[122.574866] (unitree_go) StdoutLine: {'line': b'-- Installing: /home/unitree/go2slam/unitree_ros2/install/unitree_go/include/unitree_go/unitree_go/msg/detail/uwb_switch__rosidl_typesupport_introspection_cpp.hpp\n'}
[122.575086] (unitree_go) StdoutLine: {'line': b'-- Installing: /home/unitree/go2slam/unitree_ros2/install/unitree_go/include/unitree_go/unitree_go/msg/detail/go2_front_video_data__type_support.cpp\n'}
[122.575253] (unitree_go) StdoutLine: {'line': b'-- Installing: /home/unitree/go2slam/unitree_ros2/install/unitree_go/include/unitree_go/unitree_go/msg/detail/sport_mode_cmd__type_support.cpp\n'}
[122.575561] (unitree_go) StdoutLine: {'line': b'-- Installing: /home/unitree/go2slam/unitree_ros2/install/unitree_go/include/unitree_go/unitree_go/msg/detail/motor_cmd__type_support.cpp\n'}
[122.575731] (unitree_go) StdoutLine: {'line': b'-- Installing: /home/unitree/go2slam/unitree_ros2/install/unitree_go/include/unitree_go/unitree_go/msg/detail/req__rosidl_typesupport_introspection_cpp.hpp\n'}
[122.575965] (unitree_go) StdoutLine: {'line': b'-- Installing: /home/unitree/go2slam/unitree_ros2/install/unitree_go/include/unitree_go/unitree_go/msg/detail/error__type_support.cpp\n'}
[122.576124] (unitree_go) StdoutLine: {'line': b'-- Installing: /home/unitree/go2slam/unitree_ros2/install/unitree_go/include/unitree_go/unitree_go/msg/detail/res__type_support.cpp\n'}
[122.576310] (unitree_go) StdoutLine: {'line': b'-- Installing: /home/unitree/go2slam/unitree_ros2/install/unitree_go/include/unitree_go/unitree_go/msg/detail/res__rosidl_typesupport_introspection_cpp.hpp\n'}
[122.576463] (unitree_go) StdoutLine: {'line': b'-- Installing: /home/unitree/go2slam/unitree_ros2/install/unitree_go/include/unitree_go/unitree_go/msg/detail/go2_front_video_data__rosidl_typesupport_introspection_cpp.hpp\n'}
[122.576641] (unitree_go) StdoutLine: {'line': b'-- Installing: /home/unitree/go2slam/unitree_ros2/install/unitree_go/include/unitree_go/unitree_go/msg/detail/low_state__rosidl_typesupport_introspection_cpp.hpp\n'}
[122.576830] (unitree_go) StdoutLine: {'line': b'-- Installing: /home/unitree/go2slam/unitree_ros2/install/unitree_go/include/unitree_go/unitree_go/msg/detail/audio_data__rosidl_typesupport_introspection_cpp.hpp\n'}
[122.576982] (unitree_go) StdoutLine: {'line': b'-- Installing: /home/unitree/go2slam/unitree_ros2/install/unitree_go/include/unitree_go/unitree_go/msg/detail/bms_cmd__rosidl_typesupport_introspection_cpp.hpp\n'}
[122.577131] (unitree_go) StdoutLine: {'line': b'-- Installing: /home/unitree/go2slam/unitree_ros2/install/unitree_go/include/unitree_go/unitree_go/msg/detail/bms_state__type_support.cpp\n'}
[122.577279] (unitree_go) StdoutLine: {'line': b'-- Installing: /home/unitree/go2slam/unitree_ros2/install/unitree_go/include/unitree_go/unitree_go/msg/detail/motor_states__type_support.cpp\n'}
[122.577424] (unitree_go) StdoutLine: {'line': b'-- Installing: /home/unitree/go2slam/unitree_ros2/install/unitree_go/include/unitree_go/unitree_go/msg/detail/uwb_state__type_support.cpp\n'}
[122.577570] (unitree_go) StdoutLine: {'line': b'-- Installing: /home/unitree/go2slam/unitree_ros2/install/unitree_go/include/unitree_go/unitree_go/msg/detail/bms_cmd__type_support.cpp\n'}
[122.577714] (unitree_go) StdoutLine: {'line': b'-- Installing: /home/unitree/go2slam/unitree_ros2/install/unitree_go/include/unitree_go/unitree_go/msg/detail/wireless_controller__rosidl_typesupport_introspection_cpp.hpp\n'}
[122.577859] (unitree_go) StdoutLine: {'line': b'-- Installing: /home/unitree/go2slam/unitree_ros2/install/unitree_go/include/unitree_go/unitree_go/msg/detail/imu_state__rosidl_typesupport_introspection_cpp.hpp\n'}
[122.578021] (unitree_go) StdoutLine: {'line': b'-- Installing: /home/unitree/go2slam/unitree_ros2/install/unitree_go/include/unitree_go/unitree_go/msg/detail/path_point__rosidl_typesupport_introspection_cpp.hpp\n'}
[122.578166] (unitree_go) StdoutLine: {'line': b'-- Installing: /home/unitree/go2slam/unitree_ros2/install/unitree_go/include/unitree_go/unitree_go/msg/detail/imu_state__type_support.cpp\n'}
[122.578311] (unitree_go) StdoutLine: {'line': b'-- Installing: /home/unitree/go2slam/unitree_ros2/install/unitree_go/include/unitree_go/unitree_go/msg/detail/path_point__type_support.cpp\n'}
[122.578550] (unitree_go) StdoutLine: {'line': b'-- Installing: /home/unitree/go2slam/unitree_ros2/install/unitree_go/include/unitree_go/unitree_go/msg/detail/height_map__rosidl_typesupport_introspection_cpp.hpp\n'}
[122.578702] (unitree_go) StdoutLine: {'line': b'-- Installing: /home/unitree/go2slam/unitree_ros2/install/unitree_go/lib/libunitree_go__rosidl_typesupport_introspection_cpp.so\n'}
[122.578850] (unitree_go) StdoutLine: {'line': b'-- Set non-toolchain portion of runtime path of "/home/unitree/go2slam/unitree_ros2/install/unitree_go/lib/libunitree_go__rosidl_typesupport_introspection_cpp.so" to ""\n'}
[122.578998] (unitree_go) StdoutLine: {'line': b'-- Installing: /home/unitree/go2slam/unitree_ros2/install/unitree_go/lib/libunitree_go__rosidl_typesupport_cpp.so\n'}
[122.579449] (unitree_go) StdoutLine: {'line': b'-- Set non-toolchain portion of runtime path of "/home/unitree/go2slam/unitree_ros2/install/unitree_go/lib/libunitree_go__rosidl_typesupport_cpp.so" to ""\n'}
[122.579702] (unitree_go) StdoutLine: {'line': b'-- Installing: /home/unitree/go2slam/unitree_ros2/install/unitree_go/share/unitree_go/environment/pythonpath.sh\n'}
[122.579942] (unitree_go) StdoutLine: {'line': b'-- Installing: /home/unitree/go2slam/unitree_ros2/install/unitree_go/share/unitree_go/environment/pythonpath.dsv\n'}
[122.580243] (unitree_go) StdoutLine: {'line': b'-- Installing: /home/unitree/go2slam/unitree_ros2/install/unitree_go/lib/python3.12/site-packages/unitree_go-0.0.0-py3.12.egg-info\n'}
[122.580505] (unitree_go) StdoutLine: {'line': b'-- Installing: /home/unitree/go2slam/unitree_ros2/install/unitree_go/lib/python3.12/site-packages/unitree_go-0.0.0-py3.12.egg-info/top_level.txt\n'}
[122.580737] (unitree_go) StdoutLine: {'line': b'-- Installing: /home/unitree/go2slam/unitree_ros2/install/unitree_go/lib/python3.12/site-packages/unitree_go-0.0.0-py3.12.egg-info/PKG-INFO\n'}
[122.580943] (unitree_go) StdoutLine: {'line': b'-- Installing: /home/unitree/go2slam/unitree_ros2/install/unitree_go/lib/python3.12/site-packages/unitree_go-0.0.0-py3.12.egg-info/dependency_links.txt\n'}
[122.581143] (unitree_go) StdoutLine: {'line': b'-- Installing: /home/unitree/go2slam/unitree_ros2/install/unitree_go/lib/python3.12/site-packages/unitree_go-0.0.0-py3.12.egg-info/SOURCES.txt\n'}
[122.581480] (unitree_go) StdoutLine: {'line': b'-- Installing: /home/unitree/go2slam/unitree_ros2/install/unitree_go/lib/python3.12/site-packages/unitree_go\n'}
[122.581678] (unitree_go) StdoutLine: {'line': b'-- Installing: /home/unitree/go2slam/unitree_ros2/install/unitree_go/lib/python3.12/site-packages/unitree_go/unitree_go_s__rosidl_typesupport_introspection_c.so\n'}
[122.582062] (unitree_go) StdoutLine: {'line': b'-- Installing: /home/unitree/go2slam/unitree_ros2/install/unitree_go/lib/python3.12/site-packages/unitree_go/_unitree_go_s.ep.rosidl_typesupport_introspection_c.c\n'}
[122.582501] (unitree_go) StdoutLine: {'line': b'-- Installing: /home/unitree/go2slam/unitree_ros2/install/unitree_go/lib/python3.12/site-packages/unitree_go/_unitree_go_s.ep.rosidl_typesupport_fastrtps_c.c\n'}
[122.582935] (unitree_go) StdoutLine: {'line': b'-- Installing: /home/unitree/go2slam/unitree_ros2/install/unitree_go/lib/python3.12/site-packages/unitree_go/__init__.py\n'}
[122.583162] (unitree_go) StdoutLine: {'line': b'-- Installing: /home/unitree/go2slam/unitree_ros2/install/unitree_go/lib/python3.12/site-packages/unitree_go/msg\n'}
[122.583416] (unitree_go) StdoutLine: {'line': b'-- Installing: /home/unitree/go2slam/unitree_ros2/install/unitree_go/lib/python3.12/site-packages/unitree_go/msg/_motor_cmd_s.c\n'}
[122.583638] (unitree_go) StdoutLine: {'line': b'-- Installing: /home/unitree/go2slam/unitree_ros2/install/unitree_go/lib/python3.12/site-packages/unitree_go/msg/_sport_mode_cmd_s.c\n'}
[122.583855] (unitree_go) StdoutLine: {'line': b'-- Installing: /home/unitree/go2slam/unitree_ros2/install/unitree_go/lib/python3.12/site-packages/unitree_go/msg/_interface_config_s.c\n'}
[122.584068] (unitree_go) StdoutLine: {'line': b'-- Installing: /home/unitree/go2slam/unitree_ros2/install/unitree_go/lib/python3.12/site-packages/unitree_go/msg/_wireless_controller.py\n'}
[122.584655] (unitree_go) StdoutLine: {'line': b'-- Installing: /home/unitree/go2slam/unitree_ros2/install/unitree_go/lib/python3.12/site-packages/unitree_go/msg/_height_map_s.c\n'}
[122.584933] (unitree_go) StdoutLine: {'line': b'-- Installing: /home/unitree/go2slam/unitree_ros2/install/unitree_go/lib/python3.12/site-packages/unitree_go/msg/_time_spec.py\n'}
[122.585162] (unitree_go) StdoutLine: {'line': b'-- Installing: /home/unitree/go2slam/unitree_ros2/install/unitree_go/lib/python3.12/site-packages/unitree_go/msg/_audio_data_s.c\n'}
[122.585364] (unitree_go) StdoutLine: {'line': b'-- Installing: /home/unitree/go2slam/unitree_ros2/install/unitree_go/lib/python3.12/site-packages/unitree_go/msg/_low_cmd.py\n'}
[122.585547] (unitree_go) StdoutLine: {'line': b'-- Installing: /home/unitree/go2slam/unitree_ros2/install/unitree_go/lib/python3.12/site-packages/unitree_go/msg/_go2_front_video_data_s.c\n'}
[122.585708] (unitree_go) StdoutLine: {'line': b'-- Installing: /home/unitree/go2slam/unitree_ros2/install/unitree_go/lib/python3.12/site-packages/unitree_go/msg/_motor_cmds.py\n'}
[122.585892] (unitree_go) StdoutLine: {'line': b'-- Installing: /home/unitree/go2slam/unitree_ros2/install/unitree_go/lib/python3.12/site-packages/unitree_go/msg/_error_s.c\n'}
[122.586075] (unitree_go) StdoutLine: {'line': b'-- Installing: /home/unitree/go2slam/unitree_ros2/install/unitree_go/lib/python3.12/site-packages/unitree_go/msg/_lidar_state_s.c\n'}
[122.586259] (unitree_go) StdoutLine: {'line': b'-- Installing: /home/unitree/go2slam/unitree_ros2/install/unitree_go/lib/python3.12/site-packages/unitree_go/msg/_req.py\n'}
[122.586437] (unitree_go) StdoutLine: {'line': b'-- Installing: /home/unitree/go2slam/unitree_ros2/install/unitree_go/lib/python3.12/site-packages/unitree_go/msg/_imu_state.py\n'}
[122.586648] (unitree_go) StdoutLine: {'line': b'-- Installing: /home/unitree/go2slam/unitree_ros2/install/unitree_go/lib/python3.12/site-packages/unitree_go/msg/_uwb_switch.py\n'}
[122.586870] (unitree_go) StdoutLine: {'line': b'-- Installing: /home/unitree/go2slam/unitree_ros2/install/unitree_go/lib/python3.12/site-packages/unitree_go/msg/_low_state.py\n'}
[122.587141] (unitree_go) StdoutLine: {'line': b'-- Installing: /home/unitree/go2slam/unitree_ros2/install/unitree_go/lib/python3.12/site-packages/unitree_go/msg/_lidar_state.py\n'}
[122.587590] (unitree_go) StdoutLine: {'line': b'-- Installing: /home/unitree/go2slam/unitree_ros2/install/unitree_go/lib/python3.12/site-packages/unitree_go/msg/_motor_cmds_s.c\n'}
[122.587826] (unitree_go) StdoutLine: {'line': b'-- Installing: /home/unitree/go2slam/unitree_ros2/install/unitree_go/lib/python3.12/site-packages/unitree_go/msg/_motor_state.py\n'}
[122.588073] (unitree_go) StdoutLine: {'line': b'-- Installing: /home/unitree/go2slam/unitree_ros2/install/unitree_go/lib/python3.12/site-packages/unitree_go/msg/_path_point_s.c\n'}
[122.588300] (unitree_go) StdoutLine: {'line': b'-- Installing: /home/unitree/go2slam/unitree_ros2/install/unitree_go/lib/python3.12/site-packages/unitree_go/msg/_imu_state_s.c\n'}
[122.588540] (unitree_go) StdoutLine: {'line': b'-- Installing: /home/unitree/go2slam/unitree_ros2/install/unitree_go/lib/python3.12/site-packages/unitree_go/msg/_low_state_s.c\n'}
[122.588819] (unitree_go) StdoutLine: {'line': b'-- Installing: /home/unitree/go2slam/unitree_ros2/install/unitree_go/lib/python3.12/site-packages/unitree_go/msg/_res_s.c\n'}
[122.589055] (unitree_go) StdoutLine: {'line': b'-- Installing: /home/unitree/go2slam/unitree_ros2/install/unitree_go/lib/python3.12/site-packages/unitree_go/msg/__init__.py\n'}
[122.589268] (unitree_go) StdoutLine: {'line': b'-- Installing: /home/unitree/go2slam/unitree_ros2/install/unitree_go/lib/python3.12/site-packages/unitree_go/msg/_res.py\n'}
[122.589492] (unitree_go) StdoutLine: {'line': b'-- Installing: /home/unitree/go2slam/unitree_ros2/install/unitree_go/lib/python3.12/site-packages/unitree_go/msg/_time_spec_s.c\n'}
[122.589710] (unitree_go) StdoutLine: {'line': b'-- Installing: /home/unitree/go2slam/unitree_ros2/install/unitree_go/lib/python3.12/site-packages/unitree_go/msg/_uwb_state_s.c\n'}
[122.589955] (unitree_go) StdoutLine: {'line': b'-- Installing: /home/unitree/go2slam/unitree_ros2/install/unitree_go/lib/python3.12/site-packages/unitree_go/msg/_motor_states.py\n'}
[122.590177] (unitree_go) StdoutLine: {'line': b'-- Installing: /home/unitree/go2slam/unitree_ros2/install/unitree_go/lib/python3.12/site-packages/unitree_go/msg/_uwb_switch_s.c\n'}
[122.590386] (unitree_go) StdoutLine: {'line': b'-- Installing: /home/unitree/go2slam/unitree_ros2/install/unitree_go/lib/python3.12/site-packages/unitree_go/msg/_bms_state.py\n'}
[122.590683] (unitree_go) StdoutLine: {'line': b'-- Installing: /home/unitree/go2slam/unitree_ros2/install/unitree_go/lib/python3.12/site-packages/unitree_go/msg/_go2_front_video_data.py\n'}
[122.591077] (unitree_go) StdoutLine: {'line': b'-- Installing: /home/unitree/go2slam/unitree_ros2/install/unitree_go/lib/python3.12/site-packages/unitree_go/msg/_path_point.py\n'}
[122.591351] (unitree_go) StdoutLine: {'line': b'-- Installing: /home/unitree/go2slam/unitree_ros2/install/unitree_go/lib/python3.12/site-packages/unitree_go/msg/_bms_cmd.py\n'}
[122.591587] (unitree_go) StdoutLine: {'line': b'-- Installing: /home/unitree/go2slam/unitree_ros2/install/unitree_go/lib/python3.12/site-packages/unitree_go/msg/_wireless_controller_s.c\n'}
[122.591808] (unitree_go) StdoutLine: {'line': b'-- Installing: /home/unitree/go2slam/unitree_ros2/install/unitree_go/lib/python3.12/site-packages/unitree_go/msg/_bms_state_s.c\n'}
[122.592194] (unitree_go) StdoutLine: {'line': b'-- Installing: /home/unitree/go2slam/unitree_ros2/install/unitree_go/lib/python3.12/site-packages/unitree_go/msg/_bms_cmd_s.c\n'}
[122.592412] (unitree_go) StdoutLine: {'line': b'-- Installing: /home/unitree/go2slam/unitree_ros2/install/unitree_go/lib/python3.12/site-packages/unitree_go/msg/_interface_config.py\n'}
[122.594570] (unitree_go) StdoutLine: {'line': b'-- Installing: /home/unitree/go2slam/unitree_ros2/install/unitree_go/lib/python3.12/site-packages/unitree_go/msg/_req_s.c\n'}
[122.594840] (unitree_go) StdoutLine: {'line': b'-- Installing: /home/unitree/go2slam/unitree_ros2/install/unitree_go/lib/python3.12/site-packages/unitree_go/msg/_uwb_state.py\n'}
[122.595043] (unitree_go) StdoutLine: {'line': b'-- Installing: /home/unitree/go2slam/unitree_ros2/install/unitree_go/lib/python3.12/site-packages/unitree_go/msg/_low_cmd_s.c\n'}
[122.595220] (unitree_go) StdoutLine: {'line': b'-- Installing: /home/unitree/go2slam/unitree_ros2/install/unitree_go/lib/python3.12/site-packages/unitree_go/msg/_sport_mode_cmd.py\n'}
[122.595455] (unitree_go) StdoutLine: {'line': b'-- Installing: /home/unitree/go2slam/unitree_ros2/install/unitree_go/lib/python3.12/site-packages/unitree_go/msg/_sport_mode_state.py\n'}
[122.603643] (unitree_go) StdoutLine: {'line': b'-- Installing: /home/unitree/go2slam/unitree_ros2/install/unitree_go/lib/python3.12/site-packages/unitree_go/msg/_height_map.py\n'}
[122.604346] (unitree_go) StdoutLine: {'line': b'-- Installing: /home/unitree/go2slam/unitree_ros2/install/unitree_go/lib/python3.12/site-packages/unitree_go/msg/_motor_states_s.c\n'}
[122.604593] (unitree_go) StdoutLine: {'line': b'-- Installing: /home/unitree/go2slam/unitree_ros2/install/unitree_go/lib/python3.12/site-packages/unitree_go/msg/_sport_mode_state_s.c\n'}
[122.604845] (unitree_go) StdoutLine: {'line': b'-- Installing: /home/unitree/go2slam/unitree_ros2/install/unitree_go/lib/python3.12/site-packages/unitree_go/msg/_audio_data.py\n'}
[122.605068] (unitree_go) StdoutLine: {'line': b'-- Installing: /home/unitree/go2slam/unitree_ros2/install/unitree_go/lib/python3.12/site-packages/unitree_go/msg/_motor_cmd.py\n'}
[122.605232] (unitree_go) StdoutLine: {'line': b'-- Installing: /home/unitree/go2slam/unitree_ros2/install/unitree_go/lib/python3.12/site-packages/unitree_go/msg/_motor_state_s.c\n'}
[122.605391] (unitree_go) StdoutLine: {'line': b'-- Installing: /home/unitree/go2slam/unitree_ros2/install/unitree_go/lib/python3.12/site-packages/unitree_go/msg/_error.py\n'}
[122.605545] (unitree_go) StdoutLine: {'line': b'-- Installing: /home/unitree/go2slam/unitree_ros2/install/unitree_go/lib/python3.12/site-packages/unitree_go/unitree_go_s__rosidl_typesupport_fastrtps_c.so\n'}
[122.605699] (unitree_go) StdoutLine: {'line': b'-- Installing: /home/unitree/go2slam/unitree_ros2/install/unitree_go/lib/python3.12/site-packages/unitree_go/unitree_go_s__rosidl_typesupport_c.so\n'}
[122.605848] (unitree_go) StdoutLine: {'line': b'-- Installing: /home/unitree/go2slam/unitree_ros2/install/unitree_go/lib/python3.12/site-packages/unitree_go/_unitree_go_s.ep.rosidl_typesupport_c.c\n'}
[122.664295] (-) TimerEvent: {}
[122.764871] (-) TimerEvent: {}
[122.775236] (unitree_go) StdoutLine: {'line': b"Listing '/home/unitree/go2slam/unitree_ros2/install/unitree_go/lib/python3.12/site-packages/unitree_go'...\n"}
[122.775787] (unitree_go) StdoutLine: {'line': b"Compiling '/home/unitree/go2slam/unitree_ros2/install/unitree_go/lib/python3.12/site-packages/unitree_go/__init__.py'...\n"}
[122.775976] (unitree_go) StdoutLine: {'line': b"Listing '/home/unitree/go2slam/unitree_ros2/install/unitree_go/lib/python3.12/site-packages/unitree_go/msg'...\n"}
[122.776148] (unitree_go) StdoutLine: {'line': b"Compiling '/home/unitree/go2slam/unitree_ros2/install/unitree_go/lib/python3.12/site-packages/unitree_go/msg/__init__.py'...\n"}
[122.776313] (unitree_go) StdoutLine: {'line': b"Compiling '/home/unitree/go2slam/unitree_ros2/install/unitree_go/lib/python3.12/site-packages/unitree_go/msg/_audio_data.py'...\n"}
[122.776470] (unitree_go) StdoutLine: {'line': b"Compiling '/home/unitree/go2slam/unitree_ros2/install/unitree_go/lib/python3.12/site-packages/unitree_go/msg/_bms_cmd.py'...\n"}
[122.776625] (unitree_go) StdoutLine: {'line': b"Compiling '/home/unitree/go2slam/unitree_ros2/install/unitree_go/lib/python3.12/site-packages/unitree_go/msg/_bms_state.py'...\n"}
[122.776776] (unitree_go) StdoutLine: {'line': b"Compiling '/home/unitree/go2slam/unitree_ros2/install/unitree_go/lib/python3.12/site-packages/unitree_go/msg/_error.py'...\n"}
[122.776925] (unitree_go) StdoutLine: {'line': b"Compiling '/home/unitree/go2slam/unitree_ros2/install/unitree_go/lib/python3.12/site-packages/unitree_go/msg/_go2_front_video_data.py'...\n"}
[122.777075] (unitree_go) StdoutLine: {'line': b"Compiling '/home/unitree/go2slam/unitree_ros2/install/unitree_go/lib/python3.12/site-packages/unitree_go/msg/_height_map.py'...\n"}
[122.777222] (unitree_go) StdoutLine: {'line': b"Compiling '/home/unitree/go2slam/unitree_ros2/install/unitree_go/lib/python3.12/site-packages/unitree_go/msg/_imu_state.py'...\n"}
[122.777423] (unitree_go) StdoutLine: {'line': b"Compiling '/home/unitree/go2slam/unitree_ros2/install/unitree_go/lib/python3.12/site-packages/unitree_go/msg/_interface_config.py'...\n"}
[122.777580] (unitree_go) StdoutLine: {'line': b"Compiling '/home/unitree/go2slam/unitree_ros2/install/unitree_go/lib/python3.12/site-packages/unitree_go/msg/_lidar_state.py'...\n"}
[122.777731] (unitree_go) StdoutLine: {'line': b"Compiling '/home/unitree/go2slam/unitree_ros2/install/unitree_go/lib/python3.12/site-packages/unitree_go/msg/_low_cmd.py'...\n"}
[122.777877] (unitree_go) StdoutLine: {'line': b"Compiling '/home/unitree/go2slam/unitree_ros2/install/unitree_go/lib/python3.12/site-packages/unitree_go/msg/_low_state.py'...\n"}
[122.778023] (unitree_go) StdoutLine: {'line': b"Compiling '/home/unitree/go2slam/unitree_ros2/install/unitree_go/lib/python3.12/site-packages/unitree_go/msg/_motor_cmd.py'...\n"}
[122.778199] (unitree_go) StdoutLine: {'line': b"Compiling '/home/unitree/go2slam/unitree_ros2/install/unitree_go/lib/python3.12/site-packages/unitree_go/msg/_motor_cmds.py'...\n"}
[122.778345] (unitree_go) StdoutLine: {'line': b"Compiling '/home/unitree/go2slam/unitree_ros2/install/unitree_go/lib/python3.12/site-packages/unitree_go/msg/_motor_state.py'...\n"}
[122.778490] (unitree_go) StdoutLine: {'line': b"Compiling '/home/unitree/go2slam/unitree_ros2/install/unitree_go/lib/python3.12/site-packages/unitree_go/msg/_motor_states.py'...\n"}
[122.778638] (unitree_go) StdoutLine: {'line': b"Compiling '/home/unitree/go2slam/unitree_ros2/install/unitree_go/lib/python3.12/site-packages/unitree_go/msg/_path_point.py'...\n"}
[122.778786] (unitree_go) StdoutLine: {'line': b"Compiling '/home/unitree/go2slam/unitree_ros2/install/unitree_go/lib/python3.12/site-packages/unitree_go/msg/_req.py'...\n"}
[122.778949] (unitree_go) StdoutLine: {'line': b"Compiling '/home/unitree/go2slam/unitree_ros2/install/unitree_go/lib/python3.12/site-packages/unitree_go/msg/_res.py'...\n"}
[122.779096] (unitree_go) StdoutLine: {'line': b"Compiling '/home/unitree/go2slam/unitree_ros2/install/unitree_go/lib/python3.12/site-packages/unitree_go/msg/_sport_mode_cmd.py'...\n"}
[122.779244] (unitree_go) StdoutLine: {'line': b"Compiling '/home/unitree/go2slam/unitree_ros2/install/unitree_go/lib/python3.12/site-packages/unitree_go/msg/_sport_mode_state.py'...\n"}
[122.779433] (unitree_go) StdoutLine: {'line': b"Compiling '/home/unitree/go2slam/unitree_ros2/install/unitree_go/lib/python3.12/site-packages/unitree_go/msg/_time_spec.py'...\n"}
[122.779583] (unitree_go) StdoutLine: {'line': b"Compiling '/home/unitree/go2slam/unitree_ros2/install/unitree_go/lib/python3.12/site-packages/unitree_go/msg/_uwb_state.py'...\n"}
[122.779729] (unitree_go) StdoutLine: {'line': b"Compiling '/home/unitree/go2slam/unitree_ros2/install/unitree_go/lib/python3.12/site-packages/unitree_go/msg/_uwb_switch.py'...\n"}
[122.779875] (unitree_go) StdoutLine: {'line': b"Compiling '/home/unitree/go2slam/unitree_ros2/install/unitree_go/lib/python3.12/site-packages/unitree_go/msg/_wireless_controller.py'...\n"}
[122.792551] (unitree_go) StdoutLine: {'line': b'-- Installing: /home/unitree/go2slam/unitree_ros2/install/unitree_go/lib/python3.12/site-packages/unitree_go/unitree_go_s__rosidl_typesupport_fastrtps_c.so\n'}
[122.793354] (unitree_go) StdoutLine: {'line': b'-- Set non-toolchain portion of runtime path of "/home/unitree/go2slam/unitree_ros2/install/unitree_go/lib/python3.12/site-packages/unitree_go/unitree_go_s__rosidl_typesupport_fastrtps_c.so" to ""\n'}
[122.793896] (unitree_go) StdoutLine: {'line': b'-- Installing: /home/unitree/go2slam/unitree_ros2/install/unitree_go/lib/python3.12/site-packages/unitree_go/unitree_go_s__rosidl_typesupport_introspection_c.so\n'}
[122.794668] (unitree_go) StdoutLine: {'line': b'-- Set non-toolchain portion of runtime path of "/home/unitree/go2slam/unitree_ros2/install/unitree_go/lib/python3.12/site-packages/unitree_go/unitree_go_s__rosidl_typesupport_introspection_c.so" to ""\n'}
[122.795079] (unitree_go) StdoutLine: {'line': b'-- Installing: /home/unitree/go2slam/unitree_ros2/install/unitree_go/lib/python3.12/site-packages/unitree_go/unitree_go_s__rosidl_typesupport_c.so\n'}
[122.795848] (unitree_go) StdoutLine: {'line': b'-- Set non-toolchain portion of runtime path of "/home/unitree/go2slam/unitree_ros2/install/unitree_go/lib/python3.12/site-packages/unitree_go/unitree_go_s__rosidl_typesupport_c.so" to ""\n'}
[122.797310] (unitree_go) StdoutLine: {'line': b'-- Installing: /home/unitree/go2slam/unitree_ros2/install/unitree_go/lib/libunitree_go__rosidl_generator_py.so\n'}
[122.797883] (unitree_go) StdoutLine: {'line': b'-- Set non-toolchain portion of runtime path of "/home/unitree/go2slam/unitree_ros2/install/unitree_go/lib/libunitree_go__rosidl_generator_py.so" to ""\n'}
[122.798340] (unitree_go) StdoutLine: {'line': b'-- Installing: /home/unitree/go2slam/unitree_ros2/install/unitree_go/share/ament_index/resource_index/rust_packages/unitree_go\n'}
[122.798831] (unitree_go) StdoutLine: {'line': b'-- Installing: /home/unitree/go2slam/unitree_ros2/install/unitree_go/share/unitree_go/rust\n'}
[122.799021] (unitree_go) StdoutLine: {'line': b'-- Installing: /home/unitree/go2slam/unitree_ros2/install/unitree_go/share/unitree_go/rust/build.rs\n'}
[122.799235] (unitree_go) StdoutLine: {'line': b'-- Installing: /home/unitree/go2slam/unitree_ros2/install/unitree_go/share/unitree_go/rust/src\n'}
[122.799480] (unitree_go) StdoutLine: {'line': b'-- Installing: /home/unitree/go2slam/unitree_ros2/install/unitree_go/share/unitree_go/rust/src/msg\n'}
[122.799671] (unitree_go) StdoutLine: {'line': b'-- Installing: /home/unitree/go2slam/unitree_ros2/install/unitree_go/share/unitree_go/rust/src/msg/rmw.rs\n'}
[122.799946] (unitree_go) StdoutLine: {'line': b'-- Installing: /home/unitree/go2slam/unitree_ros2/install/unitree_go/share/unitree_go/rust/src/msg.rs\n'}
[122.800163] (unitree_go) StdoutLine: {'line': b'-- Installing: /home/unitree/go2slam/unitree_ros2/install/unitree_go/share/unitree_go/rust/src/lib.rs\n'}
[122.800365] (unitree_go) StdoutLine: {'line': b'-- Installing: /home/unitree/go2slam/unitree_ros2/install/unitree_go/share/unitree_go/rust/Cargo.toml\n'}
[122.800520] (unitree_go) StdoutLine: {'line': b'-- Installing: /home/unitree/go2slam/unitree_ros2/install/unitree_go/share/unitree_go/msg/AudioData.idl\n'}
[122.800705] (unitree_go) StdoutLine: {'line': b'-- Installing: /home/unitree/go2slam/unitree_ros2/install/unitree_go/share/unitree_go/msg/BmsCmd.idl\n'}
[122.800859] (unitree_go) StdoutLine: {'line': b'-- Installing: /home/unitree/go2slam/unitree_ros2/install/unitree_go/share/unitree_go/msg/BmsState.idl\n'}
[122.801085] (unitree_go) StdoutLine: {'line': b'-- Installing: /home/unitree/go2slam/unitree_ros2/install/unitree_go/share/unitree_go/msg/Error.idl\n'}
[122.801453] (unitree_go) StdoutLine: {'line': b'-- Installing: /home/unitree/go2slam/unitree_ros2/install/unitree_go/share/unitree_go/msg/Go2FrontVideoData.idl\n'}
[122.801753] (unitree_go) StdoutLine: {'line': b'-- Installing: /home/unitree/go2slam/unitree_ros2/install/unitree_go/share/unitree_go/msg/HeightMap.idl\n'}
[122.804831] (unitree_go) StdoutLine: {'line': b'-- Installing: /home/unitree/go2slam/unitree_ros2/install/unitree_go/share/unitree_go/msg/IMUState.idl\n'}
[122.805241] (unitree_go) StdoutLine: {'line': b'-- Installing: /home/unitree/go2slam/unitree_ros2/install/unitree_go/share/unitree_go/msg/InterfaceConfig.idl\n'}
[122.805463] (unitree_go) StdoutLine: {'line': b'-- Installing: /home/unitree/go2slam/unitree_ros2/install/unitree_go/share/unitree_go/msg/LidarState.idl\n'}
[122.805659] (unitree_go) StdoutLine: {'line': b'-- Installing: /home/unitree/go2slam/unitree_ros2/install/unitree_go/share/unitree_go/msg/LowCmd.idl\n'}
[122.805929] (unitree_go) StdoutLine: {'line': b'-- Installing: /home/unitree/go2slam/unitree_ros2/install/unitree_go/share/unitree_go/msg/LowState.idl\n'}
[122.806247] (unitree_go) StdoutLine: {'line': b'-- Installing: /home/unitree/go2slam/unitree_ros2/install/unitree_go/share/unitree_go/msg/MotorCmd.idl\n'}
[122.806570] (unitree_go) StdoutLine: {'line': b'-- Installing: /home/unitree/go2slam/unitree_ros2/install/unitree_go/share/unitree_go/msg/MotorCmds.idl\n'}
[122.806926] (unitree_go) StdoutLine: {'line': b'-- Installing: /home/unitree/go2slam/unitree_ros2/install/unitree_go/share/unitree_go/msg/MotorState.idl\n'}
[122.807223] (unitree_go) StdoutLine: {'line': b'-- Installing: /home/unitree/go2slam/unitree_ros2/install/unitree_go/share/unitree_go/msg/MotorStates.idl\n'}
[122.807638] (unitree_go) StdoutLine: {'line': b'-- Installing: /home/unitree/go2slam/unitree_ros2/install/unitree_go/share/unitree_go/msg/PathPoint.idl\n'}
[122.807977] (unitree_go) StdoutLine: {'line': b'-- Installing: /home/unitree/go2slam/unitree_ros2/install/unitree_go/share/unitree_go/msg/Req.idl\n'}
[122.808250] (unitree_go) StdoutLine: {'line': b'-- Installing: /home/unitree/go2slam/unitree_ros2/install/unitree_go/share/unitree_go/msg/Res.idl\n'}
[122.808577] (unitree_go) StdoutLine: {'line': b'-- Installing: /home/unitree/go2slam/unitree_ros2/install/unitree_go/share/unitree_go/msg/SportModeCmd.idl\n'}
[122.808904] (unitree_go) StdoutLine: {'line': b'-- Installing: /home/unitree/go2slam/unitree_ros2/install/unitree_go/share/unitree_go/msg/SportModeState.idl\n'}
[122.809221] (unitree_go) StdoutLine: {'line': b'-- Installing: /home/unitree/go2slam/unitree_ros2/install/unitree_go/share/unitree_go/msg/TimeSpec.idl\n'}
[122.809531] (unitree_go) StdoutLine: {'line': b'-- Installing: /home/unitree/go2slam/unitree_ros2/install/unitree_go/share/unitree_go/msg/UwbState.idl\n'}
[122.809851] (unitree_go) StdoutLine: {'line': b'-- Installing: /home/unitree/go2slam/unitree_ros2/install/unitree_go/share/unitree_go/msg/UwbSwitch.idl\n'}
[122.810180] (unitree_go) StdoutLine: {'line': b'-- Installing: /home/unitree/go2slam/unitree_ros2/install/unitree_go/share/unitree_go/msg/WirelessController.idl\n'}
[122.810536] (unitree_go) StdoutLine: {'line': b'-- Installing: /home/unitree/go2slam/unitree_ros2/install/unitree_go/share/unitree_go/msg/AudioData.msg\n'}
[122.810871] (unitree_go) StdoutLine: {'line': b'-- Installing: /home/unitree/go2slam/unitree_ros2/install/unitree_go/share/unitree_go/msg/BmsCmd.msg\n'}
[122.811166] (unitree_go) StdoutLine: {'line': b'-- Installing: /home/unitree/go2slam/unitree_ros2/install/unitree_go/share/unitree_go/msg/BmsState.msg\n'}
[122.811526] (unitree_go) StdoutLine: {'line': b'-- Installing: /home/unitree/go2slam/unitree_ros2/install/unitree_go/share/unitree_go/msg/Error.msg\n'}
[122.811945] (unitree_go) StdoutLine: {'line': b'-- Installing: /home/unitree/go2slam/unitree_ros2/install/unitree_go/share/unitree_go/msg/Go2FrontVideoData.msg\n'}
[122.812217] (unitree_go) StdoutLine: {'line': b'-- Installing: /home/unitree/go2slam/unitree_ros2/install/unitree_go/share/unitree_go/msg/HeightMap.msg\n'}
[122.812544] (unitree_go) StdoutLine: {'line': b'-- Installing: /home/unitree/go2slam/unitree_ros2/install/unitree_go/share/unitree_go/msg/IMUState.msg\n'}
[122.812810] (unitree_go) StdoutLine: {'line': b'-- Installing: /home/unitree/go2slam/unitree_ros2/install/unitree_go/share/unitree_go/msg/InterfaceConfig.msg\n'}
[122.813142] (unitree_go) StdoutLine: {'line': b'-- Installing: /home/unitree/go2slam/unitree_ros2/install/unitree_go/share/unitree_go/msg/LidarState.msg\n'}
[122.813460] (unitree_go) StdoutLine: {'line': b'-- Installing: /home/unitree/go2slam/unitree_ros2/install/unitree_go/share/unitree_go/msg/LowCmd.msg\n'}
[122.813770] (unitree_go) StdoutLine: {'line': b'-- Installing: /home/unitree/go2slam/unitree_ros2/install/unitree_go/share/unitree_go/msg/LowState.msg\n'}
[122.814090] (unitree_go) StdoutLine: {'line': b'-- Installing: /home/unitree/go2slam/unitree_ros2/install/unitree_go/share/unitree_go/msg/MotorCmd.msg\n'}
[122.814414] (unitree_go) StdoutLine: {'line': b'-- Installing: /home/unitree/go2slam/unitree_ros2/install/unitree_go/share/unitree_go/msg/MotorCmds.msg\n'}
[122.814739] (unitree_go) StdoutLine: {'line': b'-- Installing: /home/unitree/go2slam/unitree_ros2/install/unitree_go/share/unitree_go/msg/MotorState.msg\n'}
[122.815057] (unitree_go) StdoutLine: {'line': b'-- Installing: /home/unitree/go2slam/unitree_ros2/install/unitree_go/share/unitree_go/msg/MotorStates.msg\n'}
[122.815409] (unitree_go) StdoutLine: {'line': b'-- Installing: /home/unitree/go2slam/unitree_ros2/install/unitree_go/share/unitree_go/msg/PathPoint.msg\n'}
[122.815739] (unitree_go) StdoutLine: {'line': b'-- Installing: /home/unitree/go2slam/unitree_ros2/install/unitree_go/share/unitree_go/msg/Req.msg\n'}
[122.816047] (unitree_go) StdoutLine: {'line': b'-- Installing: /home/unitree/go2slam/unitree_ros2/install/unitree_go/share/unitree_go/msg/Res.msg\n'}
[122.816369] (unitree_go) StdoutLine: {'line': b'-- Installing: /home/unitree/go2slam/unitree_ros2/install/unitree_go/share/unitree_go/msg/SportModeCmd.msg\n'}
[122.816697] (unitree_go) StdoutLine: {'line': b'-- Installing: /home/unitree/go2slam/unitree_ros2/install/unitree_go/share/unitree_go/msg/SportModeState.msg\n'}
[122.817019] (unitree_go) StdoutLine: {'line': b'-- Installing: /home/unitree/go2slam/unitree_ros2/install/unitree_go/share/unitree_go/msg/TimeSpec.msg\n'}
[122.817337] (unitree_go) StdoutLine: {'line': b'-- Installing: /home/unitree/go2slam/unitree_ros2/install/unitree_go/share/unitree_go/msg/UwbState.msg\n'}
[122.817663] (unitree_go) StdoutLine: {'line': b'-- Installing: /home/unitree/go2slam/unitree_ros2/install/unitree_go/share/unitree_go/msg/UwbSwitch.msg\n'}
[122.817982] (unitree_go) StdoutLine: {'line': b'-- Installing: /home/unitree/go2slam/unitree_ros2/install/unitree_go/share/unitree_go/msg/WirelessController.msg\n'}
[122.818320] (unitree_go) StdoutLine: {'line': b'-- Installing: /home/unitree/go2slam/unitree_ros2/install/unitree_go/share/unitree_go/msg/dds_connext\n'}
[122.818529] (unitree_go) StdoutLine: {'line': b'-- Installing: /home/unitree/go2slam/unitree_ros2/install/unitree_go/share/unitree_go/msg/dds_connext/InterfaceConfig_.idl\n'}
[122.818793] (unitree_go) StdoutLine: {'line': b'-- Installing: /home/unitree/go2slam/unitree_ros2/install/unitree_go/share/unitree_go/msg/dds_connext/WirelessController_.idl\n'}
[122.819004] (unitree_go) StdoutLine: {'line': b'-- Installing: /home/unitree/go2slam/unitree_ros2/install/unitree_go/share/unitree_go/msg/dds_connext/SportModeCmd_.idl\n'}
[122.819213] (unitree_go) StdoutLine: {'line': b'-- Installing: /home/unitree/go2slam/unitree_ros2/install/unitree_go/share/unitree_go/msg/dds_connext/MotorState_.idl\n'}
[122.819440] (unitree_go) StdoutLine: {'line': b'-- Installing: /home/unitree/go2slam/unitree_ros2/install/unitree_go/share/unitree_go/msg/dds_connext/AudioData_.idl\n'}
[122.819645] (unitree_go) StdoutLine: {'line': b'-- Installing: /home/unitree/go2slam/unitree_ros2/install/unitree_go/share/unitree_go/msg/dds_connext/MotorCmds_.idl\n'}
[122.819852] (unitree_go) StdoutLine: {'line': b'-- Installing: /home/unitree/go2slam/unitree_ros2/install/unitree_go/share/unitree_go/msg/dds_connext/HeightMap_.idl\n'}
[122.820055] (unitree_go) StdoutLine: {'line': b'-- Installing: /home/unitree/go2slam/unitree_ros2/install/unitree_go/share/unitree_go/msg/dds_connext/BmsState_.idl\n'}
[122.820257] (unitree_go) StdoutLine: {'line': b'-- Installing: /home/unitree/go2slam/unitree_ros2/install/unitree_go/share/unitree_go/msg/dds_connext/LowState_.idl\n'}
[122.820467] (unitree_go) StdoutLine: {'line': b'-- Installing: /home/unitree/go2slam/unitree_ros2/install/unitree_go/share/unitree_go/msg/dds_connext/MotorCmd_.idl\n'}
[122.820675] (unitree_go) StdoutLine: {'line': b'-- Installing: /home/unitree/go2slam/unitree_ros2/install/unitree_go/share/unitree_go/msg/dds_connext/UwbState_.idl\n'}
[122.820883] (unitree_go) StdoutLine: {'line': b'-- Installing: /home/unitree/go2slam/unitree_ros2/install/unitree_go/share/unitree_go/msg/dds_connext/Error_.idl\n'}
[122.821085] (unitree_go) StdoutLine: {'line': b'-- Installing: /home/unitree/go2slam/unitree_ros2/install/unitree_go/share/unitree_go/msg/dds_connext/MotorStates_.idl\n'}
[122.821290] (unitree_go) StdoutLine: {'line': b'-- Installing: /home/unitree/go2slam/unitree_ros2/install/unitree_go/share/unitree_go/msg/dds_connext/Res_.idl\n'}
[122.821497] (unitree_go) StdoutLine: {'line': b'-- Installing: /home/unitree/go2slam/unitree_ros2/install/unitree_go/share/unitree_go/msg/dds_connext/UwbSwitch_.idl\n'}
[122.821702] (unitree_go) StdoutLine: {'line': b'-- Installing: /home/unitree/go2slam/unitree_ros2/install/unitree_go/share/unitree_go/msg/dds_connext/PathPoint_.idl\n'}
[122.821905] (unitree_go) StdoutLine: {'line': b'-- Installing: /home/unitree/go2slam/unitree_ros2/install/unitree_go/share/unitree_go/msg/dds_connext/TimeSpec_.idl\n'}
[122.822117] (unitree_go) StdoutLine: {'line': b'-- Installing: /home/unitree/go2slam/unitree_ros2/install/unitree_go/share/unitree_go/msg/dds_connext/LowCmd_.idl\n'}
[122.822319] (unitree_go) StdoutLine: {'line': b'-- Installing: /home/unitree/go2slam/unitree_ros2/install/unitree_go/share/unitree_go/msg/dds_connext/SportModeState_.idl\n'}
[122.822529] (unitree_go) StdoutLine: {'line': b'-- Installing: /home/unitree/go2slam/unitree_ros2/install/unitree_go/share/unitree_go/msg/dds_connext/LidarState_.idl\n'}
[122.822728] (unitree_go) StdoutLine: {'line': b'-- Installing: /home/unitree/go2slam/unitree_ros2/install/unitree_go/share/unitree_go/msg/dds_connext/IMUState_.idl\n'}
[122.822932] (unitree_go) StdoutLine: {'line': b'-- Installing: /home/unitree/go2slam/unitree_ros2/install/unitree_go/share/unitree_go/msg/dds_connext/Req_.idl\n'}
[122.823137] (unitree_go) StdoutLine: {'line': b'-- Installing: /home/unitree/go2slam/unitree_ros2/install/unitree_go/share/unitree_go/msg/dds_connext/Go2FrontVideoData_.idl\n'}
[122.823362] (unitree_go) StdoutLine: {'line': b'-- Installing: /home/unitree/go2slam/unitree_ros2/install/unitree_go/share/unitree_go/msg/dds_connext/BmsCmd_.idl\n'}
[122.823789] (unitree_go) StdoutLine: {'line': b'-- Installing: /home/unitree/go2slam/unitree_ros2/install/unitree_go/share/ament_index/resource_index/package_run_dependencies/unitree_go\n'}
[122.824173] (unitree_go) StdoutLine: {'line': b'-- Installing: /home/unitree/go2slam/unitree_ros2/install/unitree_go/share/ament_index/resource_index/parent_prefix_path/unitree_go\n'}
[122.824565] (unitree_go) StdoutLine: {'line': b'-- Installing: /home/unitree/go2slam/unitree_ros2/install/unitree_go/share/unitree_go/environment/ament_prefix_path.sh\n'}
[122.824944] (unitree_go) StdoutLine: {'line': b'-- Installing: /home/unitree/go2slam/unitree_ros2/install/unitree_go/share/unitree_go/environment/ament_prefix_path.dsv\n'}
[122.825299] (unitree_go) StdoutLine: {'line': b'-- Installing: /home/unitree/go2slam/unitree_ros2/install/unitree_go/share/unitree_go/environment/path.sh\n'}
[122.825606] (unitree_go) StdoutLine: {'line': b'-- Installing: /home/unitree/go2slam/unitree_ros2/install/unitree_go/share/unitree_go/environment/path.dsv\n'}
[122.825976] (unitree_go) StdoutLine: {'line': b'-- Installing: /home/unitree/go2slam/unitree_ros2/install/unitree_go/share/unitree_go/local_setup.bash\n'}
[122.826301] (unitree_go) StdoutLine: {'line': b'-- Installing: /home/unitree/go2slam/unitree_ros2/install/unitree_go/share/unitree_go/local_setup.sh\n'}
[122.826620] (unitree_go) StdoutLine: {'line': b'-- Installing: /home/unitree/go2slam/unitree_ros2/install/unitree_go/share/unitree_go/local_setup.zsh\n'}
[122.826935] (unitree_go) StdoutLine: {'line': b'-- Installing: /home/unitree/go2slam/unitree_ros2/install/unitree_go/share/unitree_go/local_setup.dsv\n'}
[122.827259] (unitree_go) StdoutLine: {'line': b'-- Installing: /home/unitree/go2slam/unitree_ros2/install/unitree_go/share/unitree_go/package.dsv\n'}
[122.827678] (unitree_go) StdoutLine: {'line': b'-- Installing: /home/unitree/go2slam/unitree_ros2/install/unitree_go/share/ament_index/resource_index/packages/unitree_go\n'}
[122.828112] (unitree_go) StdoutLine: {'line': b'-- Installing: /home/unitree/go2slam/unitree_ros2/install/unitree_go/share/unitree_go/cmake/export_unitree_go__rosidl_generator_cExport.cmake\n'}
[122.828479] (unitree_go) StdoutLine: {'line': b'-- Installing: /home/unitree/go2slam/unitree_ros2/install/unitree_go/share/unitree_go/cmake/export_unitree_go__rosidl_generator_cExport-noconfig.cmake\n'}
[122.828857] (unitree_go) StdoutLine: {'line': b'-- Installing: /home/unitree/go2slam/unitree_ros2/install/unitree_go/share/unitree_go/cmake/export_unitree_go__rosidl_typesupport_fastrtps_cExport.cmake\n'}
[122.829236] (unitree_go) StdoutLine: {'line': b'-- Installing: /home/unitree/go2slam/unitree_ros2/install/unitree_go/share/unitree_go/cmake/export_unitree_go__rosidl_typesupport_fastrtps_cExport-noconfig.cmake\n'}
[122.829618] (unitree_go) StdoutLine: {'line': b'-- Installing: /home/unitree/go2slam/unitree_ros2/install/unitree_go/share/unitree_go/cmake/export_unitree_go__rosidl_generator_cppExport.cmake\n'}
[122.829962] (unitree_go) StdoutLine: {'line': b'-- Installing: /home/unitree/go2slam/unitree_ros2/install/unitree_go/share/unitree_go/cmake/export_unitree_go__rosidl_typesupport_fastrtps_cppExport.cmake\n'}
[122.830385] (unitree_go) StdoutLine: {'line': b'-- Installing: /home/unitree/go2slam/unitree_ros2/install/unitree_go/share/unitree_go/cmake/export_unitree_go__rosidl_typesupport_fastrtps_cppExport-noconfig.cmake\n'}
[122.830731] (unitree_go) StdoutLine: {'line': b'-- Installing: /home/unitree/go2slam/unitree_ros2/install/unitree_go/share/unitree_go/cmake/unitree_go__rosidl_typesupport_introspection_cExport.cmake\n'}
[122.831099] (unitree_go) StdoutLine: {'line': b'-- Installing: /home/unitree/go2slam/unitree_ros2/install/unitree_go/share/unitree_go/cmake/unitree_go__rosidl_typesupport_introspection_cExport-noconfig.cmake\n'}
[122.831440] (unitree_go) StdoutLine: {'line': b'-- Installing: /home/unitree/go2slam/unitree_ros2/install/unitree_go/share/unitree_go/cmake/unitree_go__rosidl_typesupport_cExport.cmake\n'}
[122.831806] (unitree_go) StdoutLine: {'line': b'-- Installing: /home/unitree/go2slam/unitree_ros2/install/unitree_go/share/unitree_go/cmake/unitree_go__rosidl_typesupport_cExport-noconfig.cmake\n'}
[122.832165] (unitree_go) StdoutLine: {'line': b'-- Installing: /home/unitree/go2slam/unitree_ros2/install/unitree_go/share/unitree_go/cmake/unitree_go__rosidl_typesupport_introspection_cppExport.cmake\n'}
[122.832504] (unitree_go) StdoutLine: {'line': b'-- Installing: /home/unitree/go2slam/unitree_ros2/install/unitree_go/share/unitree_go/cmake/unitree_go__rosidl_typesupport_introspection_cppExport-noconfig.cmake\n'}
[122.832856] (unitree_go) StdoutLine: {'line': b'-- Installing: /home/unitree/go2slam/unitree_ros2/install/unitree_go/share/unitree_go/cmake/unitree_go__rosidl_typesupport_cppExport.cmake\n'}
[122.833204] (unitree_go) StdoutLine: {'line': b'-- Installing: /home/unitree/go2slam/unitree_ros2/install/unitree_go/share/unitree_go/cmake/unitree_go__rosidl_typesupport_cppExport-noconfig.cmake\n'}
[122.833572] (unitree_go) StdoutLine: {'line': b'-- Installing: /home/unitree/go2slam/unitree_ros2/install/unitree_go/share/unitree_go/cmake/export_unitree_go__rosidl_generator_pyExport.cmake\n'}
[122.833901] (unitree_go) StdoutLine: {'line': b'-- Installing: /home/unitree/go2slam/unitree_ros2/install/unitree_go/share/unitree_go/cmake/export_unitree_go__rosidl_generator_pyExport-noconfig.cmake\n'}
[122.834236] (unitree_go) StdoutLine: {'line': b'-- Installing: /home/unitree/go2slam/unitree_ros2/install/unitree_go/share/unitree_go/cmake/rosidl_cmake-extras.cmake\n'}
[122.834573] (unitree_go) StdoutLine: {'line': b'-- Installing: /home/unitree/go2slam/unitree_ros2/install/unitree_go/share/unitree_go/cmake/ament_cmake_export_dependencies-extras.cmake\n'}
[122.834941] (unitree_go) StdoutLine: {'line': b'-- Installing: /home/unitree/go2slam/unitree_ros2/install/unitree_go/share/unitree_go/cmake/ament_cmake_export_include_directories-extras.cmake\n'}
[122.835284] (unitree_go) StdoutLine: {'line': b'-- Installing: /home/unitree/go2slam/unitree_ros2/install/unitree_go/share/unitree_go/cmake/ament_cmake_export_libraries-extras.cmake\n'}
[122.835614] (unitree_go) StdoutLine: {'line': b'-- Installing: /home/unitree/go2slam/unitree_ros2/install/unitree_go/share/unitree_go/cmake/ament_cmake_export_targets-extras.cmake\n'}
[122.835966] (unitree_go) StdoutLine: {'line': b'-- Installing: /home/unitree/go2slam/unitree_ros2/install/unitree_go/share/unitree_go/cmake/rosidl_cmake_export_typesupport_targets-extras.cmake\n'}
[122.836297] (unitree_go) StdoutLine: {'line': b'-- Installing: /home/unitree/go2slam/unitree_ros2/install/unitree_go/share/unitree_go/cmake/rosidl_cmake_export_typesupport_libraries-extras.cmake\n'}
[122.836621] (unitree_go) StdoutLine: {'line': b'-- Installing: /home/unitree/go2slam/unitree_ros2/install/unitree_go/share/unitree_go/cmake/unitree_goConfig.cmake\n'}
[122.836856] (unitree_go) StdoutLine: {'line': b'-- Installing: /home/unitree/go2slam/unitree_ros2/install/unitree_go/share/unitree_go/cmake/unitree_goConfig-version.cmake\n'}
[122.837176] (unitree_go) StdoutLine: {'line': b'-- Installing: /home/unitree/go2slam/unitree_ros2/install/unitree_go/share/unitree_go/package.xml\n'}
[122.842229] (unitree_go) CommandEnded: {'returncode': 0}
[122.864965] (-) TimerEvent: {}
[122.883043] (unitree_go) JobEnded: {'identifier': 'unitree_go', 'rc': 0}
[122.885073] (-) EventReactorShutdown: {}
